{"type":"FeatureCollection","crs":{"type":"name","properties":{"name":"EPSG:4326"}},"features":[{"type":"Feature","geometry":{"type":"Polygon","coordinates":[[[145.03192,-36.441],[145.03206,-36.34308],[145.15024,-36.34307],[145.15031,-36.28433],[145.13199,-36.28434],[145.13274,-36.17894],[145.12762,-36.17645],[145.13228,-36.17481],[145.13108,-36.17038],[145.13686,-36.17492],[145.13545,-36.17263],[145.13825,-36.17051],[145.13543,-36.16794],[145.13872,-36.16624],[145.12993,-36.16176],[145.13419,-36.16169],[145.13216,-36.15705],[145.1344,-36.1554],[145.13569,-36.15768],[145.13794,-36.15403],[145.14029,-36.15907],[145.14455,-36.15582],[145.14624,-36.16271],[145.15715,-36.15768],[145.16573,-36.1607],[145.1658,-36.16738],[145.17286,-36.1654],[145.16942,-36.16805],[145.17508,-36.16819],[145.1721,-36.16991],[145.17248,-36.17671],[145.18255,-36.18494],[145.18429,-36.18226],[145.18099,-36.17817],[145.19022,-36.17997],[145.19591,-36.17457],[145.18766,-36.17449],[145.19092,-36.17131],[145.18903,-36.16524],[145.19855,-36.16492],[145.19255,-36.16344],[145.19436,-36.15883],[145.20072,-36.15764],[145.19509,-36.16199],[145.2035,-36.1614],[145.20471,-36.16713],[145.20847,-36.16782],[145.20668,-36.16488],[145.21207,-36.15867],[145.21636,-36.1656],[145.22074,-36.16052],[145.229,-36.15888],[145.23001,-36.16122],[145.22127,-36.16279],[145.22303,-36.17046],[145.22903,-36.16483],[145.22937,-36.17088],[145.23334,-36.16467],[145.23766,-36.16459],[145.23208,-36.16778],[145.23495,-36.16967],[145.23477,-36.17566],[145.23737,-36.1775],[145.23646,-36.17375],[145.23997,-36.17163],[145.24043,-36.17877],[145.2434,-36.18023],[145.24544,-36.1757],[145.24908,-36.18092],[145.24869,-36.18755],[145.25568,-36.18422],[145.2516,-36.19193],[145.25815,-36.19271],[145.25698,-36.19587],[145.26026,-36.19931],[145.63153,-36.19915],[145.63162,-36.29901],[145.79858,-36.29912],[145.79856,-36.33087],[145.77544,-36.44374],[145.76613,-36.44172],[145.76381,-36.43615],[145.73794,-36.43423],[145.73886,-36.42844],[145.72443,-36.42467],[145.72421,-36.43445],[145.73133,-36.44262],[145.73188,-36.49902],[145.63158,-36.49904],[145.63166,-36.56335],[145.592,-36.56328],[145.58049,-36.55431],[145.35359,-36.55609],[145.31892,-36.61239],[145.3047,-36.61347],[145.3115,-36.6141],[145.30618,-36.61719],[145.30969,-36.62514],[145.30668,-36.63277],[145.29778,-36.63426],[145.29824,-36.6396],[145.30073,-36.63844],[145.30252,-36.64193],[145.22871,-36.64196],[145.22867,-36.64674],[145.21239,-36.64797],[145.20504,-36.65478],[145.21186,-36.66021],[145.20387,-36.66139],[145.21233,-36.66336],[145.21613,-36.66961],[145.2219,-36.67005],[145.22352,-36.67538],[145.22027,-36.67947],[145.22311,-36.68641],[145.18562,-36.68611],[145.18152,-36.69147],[145.18417,-36.69735],[145.17984,-36.70115],[145.17213,-36.69727],[145.17781,-36.68997],[145.16865,-36.69006],[145.16854,-36.67528],[145.13172,-36.67544],[145.13175,-36.58733],[145.15001,-36.58719],[145.14991,-36.56004],[145.15483,-36.55962],[145.15404,-36.53793],[145.15756,-36.53048],[145.15141,-36.52711],[145.14977,-36.49898],[145.03198,-36.49897],[145.03192,-36.441]]]},"properties":{"lga_name":"GREATER SHEPPARTON","lga_official_name":"GREATER SHEPPARTON CITY"}},{"type":"Feature","geometry":{"type":"Polygon","coordinates":[[[147.16866,-36.39243],[147.16127,-36.38014],[147.16745,-36.3715],[147.16424,-36.36388],[147.16661,-36.35912],[147.17358,-36.35866],[147.17768,-36.35251],[147.19494,-36.34291],[147.19738,-36.33941],[147.19448,-36.33004],[147.18628,-36.32358],[147.17485,-36.29965],[147.16871,-36.29751],[147.17014,-36.29036],[147.15662,-36.28223],[147.14803,-36.27063],[147.14359,-36.25853],[147.12241,-36.25495],[147.11467,-36.24286],[147.10837,-36.242],[147.10883,-36.23424],[147.0972,-36.23241],[147.1011,-36.21876],[147.09378,-36.21346],[147.08643,-36.21393],[147.08626,-36.20954],[147.08101,-36.20656],[147.08371,-36.20217],[147.07937,-36.20171],[147.08092,-36.19786],[147.07601,-36.19521],[147.076,-36.19102],[147.0738,-36.19395],[147.06675,-36.1897],[147.07044,-36.18857],[147.07237,-36.18269],[147.06701,-36.17878],[147.07441,-36.17821],[147.07375,-36.17297],[147.06591,-36.17076],[147.06945,-36.16859],[147.06601,-36.16721],[147.06858,-36.1635],[147.05839,-36.16887],[147.05818,-36.16633],[147.04965,-36.165],[147.05171,-36.16215],[147.04721,-36.16195],[147.04986,-36.15962],[147.04553,-36.15758],[147.05014,-36.15025],[147.04143,-36.15151],[147.04464,-36.14818],[147.04187,-36.14778],[147.04135,-36.14005],[147.03494,-36.13467],[147.03712,-36.12962],[147.03366,-36.12719],[147.03438,-36.12212],[147.03171,-36.12247],[147.03432,-36.11924],[147.0315,-36.11856],[147.03635,-36.11704],[147.03668,-36.1131],[147.04256,-36.10894],[147.0421,-36.10468],[147.05182,-36.10727],[147.05414,-36.10533],[147.05547,-36.10064],[147.0507,-36.09699],[147.05215,-36.0909],[147.05886,-36.08985],[147.05778,-36.08519],[147.06259,-36.08278],[147.05937,-36.07469],[147.0622,-36.06572],[147.06682,-36.06861],[147.06815,-36.06085],[147.07509,-36.06458],[147.07959,-36.05699],[147.08534,-36.05643],[147.08053,-36.0538],[147.08835,-36.05308],[147.09041,-36.04921],[147.09556,-36.05256],[147.09159,-36.04385],[147.09701,-36.04677],[147.09921,-36.04257],[147.09639,-36.03859],[147.09979,-36.03893],[147.10375,-36.03314],[147.09215,-36.02764],[147.0991,-36.02618],[147.09749,-36.01598],[147.10323,-36.01959],[147.10631,-36.01388],[147.09812,-36.01017],[147.10923,-36.01254],[147.11058,-36.00955],[147.10641,-36.00789],[147.10683,-36.00481],[147.11583,-36.00789],[147.1115,-36.00103],[147.11669,-35.9985],[147.12032,-36.00036],[147.12229,-35.99516],[147.1256,-35.99469],[147.12287,-36.00352],[147.12724,-36.00561],[147.12511,-36.00816],[147.12843,-36.01168],[147.1274,-36.01803],[147.13134,-36.02438],[147.1447,-36.03126],[147.14373,-36.03733],[147.14881,-36.03184],[147.15553,-36.03537],[147.16487,-36.03066],[147.18791,-36.0378],[147.18793,-36.04207],[147.20592,-36.04963],[147.21504,-36.04652],[147.22449,-36.04842],[147.23203,-36.04191],[147.23876,-36.04315],[147.24256,-36.03797],[147.25119,-36.04152],[147.26669,-36.03914],[147.27996,-36.04327],[147.28518,-36.03943],[147.28746,-36.04309],[147.30478,-36.04742],[147.3023,-36.0501],[147.31077,-36.06105],[147.31532,-36.05831],[147.3111,-36.05371],[147.31777,-36.05471],[147.319,-36.06103],[147.32908,-36.05391],[147.33142,-36.04714],[147.34102,-36.04404],[147.35247,-36.03189],[147.34607,-36.02423],[147.34569,-36.01876],[147.34893,-36.01293],[147.35529,-36.00982],[147.35292,-36.0006],[147.35733,-35.99038],[147.37266,-35.98003],[147.3734,-35.97124],[147.3897,-35.97292],[147.38839,-35.96326],[147.3943,-35.96114],[147.3875,-35.9596],[147.39249,-35.95558],[147.39063,-35.94989],[147.40291,-35.94452],[147.44097,-35.95678],[147.44395,-35.95419],[147.44517,-35.95947],[147.45056,-35.96106],[147.45522,-35.95896],[147.4545,-35.95121],[147.46445,-35.94472],[147.47953,-35.94288],[147.48226,-35.94893],[147.48726,-35.94913],[147.4934,-35.94354],[147.51158,-35.9625],[147.51602,-35.95892],[147.52512,-35.96312],[147.51493,-35.97634],[147.51994,-35.97959],[147.5206,-35.98605],[147.52822,-35.98705],[147.54636,-35.99732],[147.55144,-36.00403],[147.58399,-35.98476],[147.5812,-35.97793],[147.56538,-35.97856],[147.55908,-35.97252],[147.54774,-35.97863],[147.54796,-35.97386],[147.55172,-35.97133],[147.54854,-35.96891],[147.54909,-35.96456],[147.56055,-35.96876],[147.56738,-35.96482],[147.56416,-35.96941],[147.57234,-35.96915],[147.57486,-35.97533],[147.57891,-35.97434],[147.581,-35.96796],[147.59453,-35.96999],[147.59772,-35.97274],[147.59669,-35.97632],[147.60149,-35.97903],[147.62057,-35.96755],[147.63781,-35.96201],[147.64203,-35.94936],[147.647,-35.94589],[147.67922,-35.94385],[147.70868,-35.92867],[147.71792,-35.93885],[147.71905,-35.94574],[147.72844,-35.94744],[147.7415,-35.95663],[147.75718,-35.95477],[147.76464,-35.95896],[147.77292,-35.95873],[147.7672,-35.96473],[147.77306,-35.96492],[147.77681,-35.9686],[147.79522,-35.96392],[147.80631,-35.96515],[147.81562,-35.97175],[147.81328,-35.97597],[147.81751,-35.97962],[147.82946,-35.97815],[147.84049,-35.98432],[147.84134,-35.98016],[147.8436,-35.98277],[147.85092,-35.98157],[147.84737,-35.98451],[147.84952,-35.98965],[147.85953,-35.98763],[147.86261,-35.99232],[147.86558,-35.98981],[147.86977,-35.9931],[147.87366,-35.99159],[147.88249,-35.99662],[147.88373,-36.00187],[147.88771,-35.9973],[147.89772,-35.99962],[147.8988,-35.9956],[147.89565,-35.99335],[147.91288,-35.99563],[147.91373,-35.99824],[147.9088,-36.00157],[147.91429,-36.00183],[147.91652,-36.0048],[147.91398,-36.00888],[147.91702,-36.01096],[147.91287,-36.01836],[147.91611,-36.02006],[147.91056,-36.02152],[147.91493,-36.02276],[147.91158,-36.02645],[147.92703,-36.03098],[147.93162,-36.03614],[147.92444,-36.03558],[147.92793,-36.03796],[147.92404,-36.04222],[147.93441,-36.04775],[147.93816,-36.04252],[147.94575,-36.04661],[147.9592,-36.0411],[147.9567,-36.04429],[147.96609,-36.0466],[147.9663,-36.04352],[147.97097,-36.04345],[147.97449,-36.03875],[147.9745,-36.04698],[147.9801,-36.04575],[147.98125,-36.04043],[147.98193,-36.04482],[147.9881,-36.04351],[147.98409,-36.04438],[147.9876,-36.05179],[147.98869,-36.04917],[147.99259,-36.05194],[147.99169,-36.04931],[147.99941,-36.04606],[147.99677,-36.05067],[147.99917,-36.0584],[147.98959,-36.06765],[147.99203,-36.0747],[147.98296,-36.08091],[147.98055,-36.087],[147.98905,-36.09033],[147.98901,-36.09362],[147.99429,-36.09304],[147.99236,-36.09546],[147.99555,-36.0957],[147.99522,-36.09962],[147.99942,-36.0987],[147.99267,-36.11086],[147.99601,-36.11145],[147.99347,-36.11587],[147.9983,-36.11626],[147.99377,-36.11699],[147.99534,-36.11927],[147.99103,-36.12168],[148.00069,-36.12422],[147.99948,-36.12834],[148.00338,-36.13299],[148.00074,-36.13909],[148.00807,-36.14074],[148.00961,-36.13603],[148.01999,-36.14152],[148.02762,-36.14057],[148.0293,-36.14421],[148.03145,-36.14236],[148.02845,-36.14031],[148.03753,-36.14091],[148.03503,-36.15269],[148.03159,-36.14992],[148.02877,-36.15547],[148.02277,-36.15435],[148.0253,-36.16011],[148.03476,-36.16306],[148.02522,-36.1687],[148.02636,-36.17567],[148.0234,-36.17409],[148.02226,-36.17755],[148.02468,-36.18833],[148.02948,-36.18818],[148.03659,-36.19475],[148.0336,-36.19609],[148.03921,-36.19792],[148.04056,-36.20683],[148.03707,-36.2095],[148.03708,-36.21698],[148.03357,-36.21601],[148.03002,-36.22275],[148.02615,-36.22299],[148.03492,-36.23379],[148.03534,-36.24068],[148.02894,-36.24439],[148.03859,-36.25888],[148.03836,-36.26254],[148.0328,-36.26592],[148.03524,-36.27235],[148.033,-36.27526],[148.03762,-36.28048],[148.0344,-36.28283],[148.04012,-36.28442],[148.04004,-36.29243],[148.03596,-36.29346],[148.03981,-36.29889],[148.04377,-36.29926],[148.0355,-36.31078],[148.04855,-36.31868],[148.05557,-36.31697],[148.05919,-36.31986],[148.05125,-36.32481],[148.05591,-36.33428],[148.04521,-36.35165],[148.04903,-36.35524],[148.04406,-36.3543],[148.03799,-36.36585],[148.04602,-36.367],[148.04043,-36.37209],[148.04383,-36.37459],[148.0382,-36.37836],[148.0453,-36.38258],[148.03754,-36.39013],[148.04642,-36.3905],[148.04965,-36.39869],[148.05817,-36.40086],[148.05839,-36.40661],[148.05464,-36.40901],[148.05967,-36.41528],[148.07634,-36.41805],[148.08035,-36.42207],[148.07926,-36.42525],[148.08788,-36.43485],[148.08753,-36.45181],[148.10157,-36.45705],[148.11092,-36.45709],[148.12476,-36.46465],[148.12246,-36.47114],[148.12506,-36.4788],[148.11918,-36.48193],[148.12671,-36.48506],[148.11826,-36.49558],[148.12824,-36.50248],[148.12999,-36.51308],[148.13987,-36.52533],[148.13397,-36.53918],[148.12868,-36.54168],[148.12918,-36.54613],[148.12447,-36.55073],[148.13359,-36.56705],[148.14732,-36.56314],[148.15041,-36.55833],[148.15871,-36.56564],[148.15696,-36.57175],[148.16277,-36.5731],[148.16061,-36.57957],[148.16937,-36.57357],[148.17161,-36.57809],[148.17897,-36.57991],[148.19045,-36.57656],[148.19082,-36.58499],[148.20623,-36.58698],[148.2046,-36.5925],[148.21006,-36.59275],[148.21788,-36.59858],[148.21268,-36.6012],[148.21591,-36.60436],[148.20964,-36.6106],[148.20735,-36.60831],[148.20291,-36.61218],[148.2143,-36.61069],[148.21436,-36.62023],[148.21911,-36.61882],[148.22066,-36.62554],[148.21509,-36.63448],[148.21211,-36.63273],[148.2162,-36.63968],[148.21223,-36.63992],[148.21092,-36.65062],[148.20318,-36.65404],[148.20057,-36.65921],[148.2034,-36.66213],[148.19651,-36.66842],[148.19888,-36.67264],[148.18996,-36.67534],[148.18415,-36.68328],[148.18868,-36.68865],[148.17345,-36.70219],[148.16982,-36.71347],[148.16232,-36.71179],[148.16167,-36.71556],[148.15441,-36.72014],[148.14908,-36.71985],[148.1389,-36.73219],[148.13098,-36.73444],[148.13657,-36.73874],[148.13447,-36.7437],[147.96021,-36.61242],[147.53927,-36.73836],[147.53993,-36.74645],[147.52624,-36.75749],[147.5321,-36.76471],[147.53136,-36.76888],[147.5203,-36.77568],[147.51441,-36.77378],[147.50129,-36.77617],[147.49636,-36.78144],[147.47099,-36.78328],[147.46876,-36.79336],[147.46318,-36.7946],[147.46439,-36.80197],[147.47367,-36.81151],[147.46541,-36.81092],[147.44772,-36.80181],[147.43495,-36.79979],[147.42401,-36.78972],[147.42406,-36.78588],[147.413,-36.7833],[147.40621,-36.77731],[147.40748,-36.7653],[147.38597,-36.75599],[147.36902,-36.73438],[147.34518,-36.73898],[147.32632,-36.73876],[147.31218,-36.73178],[147.30589,-36.73234],[147.31236,-36.72969],[147.31478,-36.72379],[147.31144,-36.71395],[147.31476,-36.70265],[147.30826,-36.69012],[147.29158,-36.6824],[147.27915,-36.68344],[147.26516,-36.67389],[147.25266,-36.67226],[147.24615,-36.6779],[147.22987,-36.67724],[147.20743,-36.66518],[147.19972,-36.64994],[147.1852,-36.64109],[147.17355,-36.63898],[147.17336,-36.63371],[147.16749,-36.62962],[147.16736,-36.62534],[147.17494,-36.61599],[147.17521,-36.60667],[147.16826,-36.58698],[147.17038,-36.58298],[147.16523,-36.57871],[147.16143,-36.56697],[147.14888,-36.56431],[147.14257,-36.5556],[147.12596,-36.55153],[147.12871,-36.53381],[147.12111,-36.52462],[147.12371,-36.52044],[147.11755,-36.51883],[147.112,-36.50395],[147.11813,-36.49985],[147.10886,-36.49791],[147.10387,-36.48861],[147.10868,-36.46822],[147.11952,-36.46018],[147.12508,-36.45049],[147.13855,-36.45212],[147.14535,-36.44968],[147.14679,-36.44225],[147.15486,-36.43462],[147.15998,-36.40844],[147.16866,-36.39243]]]},"properties":{"lga_name":"TOWONG","lga_official_name":"TOWONG SHIRE"}},{"type":"Feature","geometry":{"type":"Polygon","coordinates":[[[146.45475,-37.12386],[146.44576,-37.11627],[146.43334,-37.11233],[146.39583,-37.10941],[146.39803,-37.10636],[146.41997,-37.10646],[146.42075,-37.10267],[146.42561,-37.10054],[146.4324,-37.10739],[146.44393,-37.10472],[146.45849,-37.11304],[146.46559,-37.11062],[146.4658,-37.09968],[146.48202,-37.10586],[146.4913,-37.10229],[146.49269,-37.1091],[146.50187,-37.11225],[146.5023,-37.11711],[146.50812,-37.11487],[146.5139,-37.11953],[146.51586,-37.11531],[146.50999,-37.10648],[146.52161,-37.10658],[146.52502,-37.10372],[146.5296,-37.11397],[146.5412,-37.11798],[146.53979,-37.1237],[146.51851,-37.12457],[146.52226,-37.13141],[146.5127,-37.13115],[146.51707,-37.13601],[146.50864,-37.13431],[146.51007,-37.13799],[146.50676,-37.13917],[146.51063,-37.14155],[146.50842,-37.14338],[146.51346,-37.14473],[146.51453,-37.15001],[146.50376,-37.14883],[146.50297,-37.15156],[146.49254,-37.14824],[146.48974,-37.1446],[146.49275,-37.14382],[146.46876,-37.13615],[146.45475,-37.12386]]]},"properties":{"lga_name":"MOUNT STIRLING ALPINE RESORT (UNINC)","lga_official_name":"MOUNT STIRLING ALPINE RESORT (UNINCORPORATED)"}},{"type":"Feature","geometry":{"type":"Polygon","coordinates":[[[149.91736,-37.5653],[149.91676,-37.56947],[149.90643,-37.56755],[149.90467,-37.55889],[149.90878,-37.55559],[149.90482,-37.54837],[149.91408,-37.55551],[149.91736,-37.5653]]]},"properties":{"lga_name":"GABO ISLAND (UNINC)","lga_official_name":"GABO ISLAND (UNINCORPORATED)"}},{"type":"Feature","geometry":{"type":"Polygon","coordinates":[[[145.11684,-37.68791],[145.09306,-37.6936],[145.06784,-37.68663],[145.09962,-37.68944],[145.10185,-37.68731],[145.10366,-37.6831],[145.10157,-37.68171],[145.08434,-37.68027],[145.08342,-37.67677],[145.08659,-37.67757],[145.08575,-37.67425],[145.08912,-37.67409],[145.08386,-37.66915],[145.09221,-37.66712],[145.09061,-37.66322],[145.09506,-37.66185],[145.09646,-37.6648],[145.10378,-37.66126],[145.10333,-37.65714],[145.1078,-37.65822],[145.10195,-37.65474],[145.10738,-37.65361],[145.10327,-37.65041],[145.10763,-37.64856],[145.10435,-37.64675],[145.1046,-37.64053],[145.10156,-37.64037],[145.10973,-37.63885],[145.10895,-37.63325],[145.11142,-37.6327],[145.10873,-37.63122],[145.12234,-37.62677],[145.12249,-37.62257],[145.12798,-37.62293],[145.12866,-37.61918],[145.13578,-37.61989],[145.14444,-37.57028],[145.165,-37.55799],[145.16889,-37.55131],[145.16693,-37.54822],[145.17994,-37.53648],[145.20562,-37.53931],[145.20701,-37.53204],[145.19401,-37.53045],[145.19685,-37.52373],[145.21074,-37.5252],[145.21174,-37.5194],[145.22843,-37.5214],[145.22672,-37.51592],[145.23443,-37.51724],[145.23548,-37.51009],[145.22633,-37.50872],[145.23126,-37.50297],[145.2356,-37.50355],[145.23927,-37.48774],[145.25672,-37.49196],[145.25158,-37.5106],[145.26241,-37.5119],[145.26415,-37.50173],[145.27549,-37.50099],[145.27632,-37.49649],[145.29442,-37.49858],[145.29271,-37.50693],[145.29795,-37.50837],[145.29705,-37.51362],[145.31384,-37.51555],[145.30474,-37.52191],[145.32848,-37.52911],[145.32797,-37.53193],[145.33381,-37.53261],[145.33259,-37.53963],[145.34151,-37.54358],[145.34742,-37.54418],[145.34787,-37.5413],[145.36642,-37.54511],[145.35513,-37.60031],[145.35839,-37.62748],[145.35388,-37.6439],[145.3478,-37.64866],[145.34579,-37.65574],[145.33557,-37.66238],[145.33043,-37.6719],[145.33562,-37.68209],[145.33104,-37.69212],[145.32672,-37.68889],[145.31701,-37.69196],[145.31891,-37.69668],[145.31479,-37.69956],[145.32199,-37.70725],[145.3138,-37.70676],[145.31191,-37.71584],[145.30256,-37.71665],[145.29948,-37.71281],[145.2918,-37.71178],[145.29319,-37.70935],[145.28911,-37.70896],[145.29202,-37.70238],[145.28608,-37.70343],[145.28279,-37.70834],[145.28697,-37.71492],[145.28396,-37.71864],[145.27915,-37.71326],[145.27273,-37.71605],[145.27579,-37.71008],[145.27237,-37.70387],[145.26794,-37.70331],[145.27036,-37.70548],[145.26823,-37.70748],[145.25487,-37.70996],[145.25611,-37.71411],[145.24876,-37.72064],[145.24315,-37.71894],[145.2425,-37.72541],[145.23497,-37.72073],[145.23654,-37.72699],[145.24223,-37.72797],[145.24208,-37.73606],[145.23626,-37.73147],[145.22887,-37.73163],[145.22703,-37.73309],[145.22997,-37.73876],[145.22021,-37.73613],[145.20504,-37.74175],[145.20234,-37.73774],[145.21537,-37.73191],[145.20164,-37.73036],[145.19731,-37.74134],[145.1919,-37.73806],[145.19397,-37.73183],[145.1815,-37.72979],[145.17761,-37.73847],[145.17588,-37.73493],[145.16524,-37.73422],[145.16252,-37.73772],[145.15525,-37.73396],[145.14997,-37.73844],[145.13801,-37.73827],[145.13563,-37.74084],[145.13779,-37.71795],[145.12803,-37.70229],[145.14036,-37.70125],[145.14371,-37.68261],[145.11684,-37.68791]]]},"properties":{"lga_name":"NILLUMBIK","lga_official_name":"NILLUMBIK SHIRE"}},{"type":"Feature","geometry":{"type":"Polygon","coordinates":[[[142.02976,-36.51593],[142.02193,-36.52868],[142.02524,-36.53161],[142.01966,-36.53613],[142.01454,-36.53522],[142.01568,-36.53819],[142.01184,-36.53918],[142.01367,-36.54155],[142.01058,-36.54854],[142.01386,-36.55648],[142.00547,-36.56237],[142.00391,-36.56744],[141.72869,-36.54445],[141.72684,-36.5577],[141.47396,-36.53109],[141.48446,-36.46555],[141.47788,-36.46485],[141.48378,-36.42776],[141.47974,-36.42733],[141.48425,-36.39145],[141.48636,-36.37822],[141.49602,-36.37927],[141.49718,-36.37215],[141.37907,-36.35971],[141.40028,-36.22777],[141.41154,-36.22887],[141.41205,-36.22141],[141.40287,-36.21171],[141.40376,-36.20628],[141.22661,-36.18767],[141.24895,-36.06351],[141.25443,-35.99682],[141.33613,-35.99786],[141.35266,-36.00825],[141.3794,-36.00481],[141.37402,-35.94366],[141.35406,-35.91295],[141.33541,-35.90512],[141.33291,-35.74852],[141.49971,-35.74853],[141.49947,-35.4985],[141.99749,-35.49842],[141.9975,-35.63956],[141.99493,-35.64386],[141.99744,-35.71071],[141.99215,-35.71068],[141.99884,-35.71611],[142.008,-35.73374],[142.01016,-35.75521],[142.00838,-35.77421],[141.99952,-35.79784],[141.99598,-35.82457],[141.99718,-35.86753],[142.23904,-35.86831],[142.23898,-35.99786],[142.16844,-35.99787],[142.16848,-36.01869],[142.17259,-36.0187],[142.17257,-36.03382],[142.16841,-36.03382],[142.168,-36.04008],[142.16869,-36.36617],[142.16844,-36.37506],[142.16525,-36.377],[142.16443,-36.46977],[142.1682,-36.49249],[142.07554,-36.49272],[142.0708,-36.49635],[142.06746,-36.49307],[142.01962,-36.49357],[142.0157,-36.49934],[142.01876,-36.49709],[142.01812,-36.50192],[142.03017,-36.51128],[142.02745,-36.51296],[142.02976,-36.51593]]]},"properties":{"lga_name":"HINDMARSH","lga_official_name":"HINDMARSH SHIRE"}},{"type":"Feature","geometry":{"type":"Polygon","coordinates":[[[144.95311,-37.62342],[144.95875,-37.62769],[144.95855,-37.63441],[144.96893,-37.63854],[144.96934,-37.64308],[144.97628,-37.65],[144.97682,-37.65845],[144.97235,-37.65926],[144.97207,-37.66331],[144.97591,-37.66592],[144.97391,-37.67132],[144.97777,-37.67657],[144.97227,-37.67714],[144.97452,-37.68023],[144.97063,-37.68802],[144.97283,-37.69059],[144.9046,-37.69391],[144.88623,-37.70774],[144.86076,-37.70581],[144.85941,-37.7124],[144.83805,-37.70931],[144.83508,-37.70326],[144.82861,-37.70675],[144.82491,-37.69834],[144.80968,-37.69789],[144.82069,-37.69221],[144.82049,-37.68438],[144.81227,-37.68163],[144.80639,-37.68316],[144.80339,-37.67563],[144.80469,-37.66948],[144.80117,-37.6755],[144.79788,-37.6716],[144.79204,-37.67539],[144.77657,-37.67679],[144.77446,-37.67087],[144.76848,-37.66844],[144.77222,-37.66403],[144.76461,-37.66584],[144.74349,-37.66038],[144.72449,-37.62673],[144.71411,-37.61998],[144.66474,-37.55936],[144.63249,-37.52982],[144.63808,-37.49952],[144.64437,-37.49545],[144.65295,-37.4992],[144.66383,-37.49904],[144.66655,-37.50228],[144.6682,-37.49909],[144.67908,-37.49935],[144.6816,-37.49805],[144.6778,-37.49641],[144.67875,-37.49396],[144.68353,-37.49256],[144.6849,-37.49555],[144.69142,-37.48678],[144.69739,-37.48923],[144.69609,-37.48517],[144.70061,-37.482],[144.70196,-37.48531],[144.70968,-37.48194],[144.71354,-37.48406],[144.71247,-37.48769],[144.71835,-37.48756],[144.72057,-37.48319],[144.73188,-37.48715],[144.73875,-37.49349],[144.74073,-37.48907],[144.75226,-37.497],[144.75754,-37.49483],[144.75973,-37.50121],[144.7627,-37.49949],[144.7669,-37.50501],[144.77038,-37.50177],[144.87081,-37.51556],[144.87197,-37.51318],[144.86679,-37.512],[144.86932,-37.50968],[144.86616,-37.50718],[144.87121,-37.50603],[144.86776,-37.5034],[144.87236,-37.505],[144.87554,-37.50205],[144.87773,-37.50534],[144.88468,-37.50283],[144.97721,-37.51373],[144.97276,-37.52586],[144.97631,-37.53008],[144.97243,-37.53538],[144.96027,-37.53946],[144.95314,-37.54744],[144.96557,-37.56038],[144.96329,-37.57927],[144.9566,-37.5825],[144.95881,-37.59113],[144.95301,-37.59641],[144.95227,-37.60695],[144.94648,-37.60725],[144.95598,-37.61677],[144.95734,-37.62083],[144.95311,-37.62342]]]},"properties":{"lga_name":"HUME","lga_official_name":"HUME CITY"}},{"type":"Feature","geometry":{"type":"Polygon","coordinates":[[[144.48965,-37.71238],[144.49369,-37.7036],[144.50159,-37.70877],[144.52031,-37.70511],[144.5148,-37.69787],[144.51794,-37.69234],[144.51207,-37.67559],[144.51527,-37.67268],[144.51731,-37.67447],[144.51594,-37.67176],[144.51861,-37.67028],[144.51529,-37.66826],[144.52113,-37.66593],[144.51673,-37.64293],[144.52095,-37.63986],[144.51905,-37.63569],[144.52165,-37.62922],[144.51929,-37.62794],[144.52791,-37.61413],[144.5226,-37.60453],[144.52832,-37.60193],[144.52755,-37.59824],[144.5364,-37.58942],[144.53435,-37.58839],[144.53878,-37.58356],[144.53918,-37.57432],[144.54257,-37.5741],[144.56121,-37.55216],[144.67239,-37.56778],[144.71411,-37.61998],[144.72449,-37.62673],[144.74418,-37.66294],[144.75834,-37.68102],[144.75177,-37.70561],[144.76815,-37.70962],[144.76291,-37.73981],[144.75726,-37.74823],[144.75657,-37.75423],[144.75918,-37.75607],[144.75088,-37.81041],[144.58893,-37.79313],[144.57834,-37.79939],[144.58249,-37.80137],[144.5774,-37.80661],[144.57757,-37.80407],[144.56765,-37.79884],[144.56636,-37.80567],[144.52094,-37.80024],[144.52355,-37.7862],[144.47768,-37.781],[144.48965,-37.71238]]]},"properties":{"lga_name":"MELTON","lga_official_name":"MELTON CITY"}},{"type":"Feature","geometry":{"type":"MultiPolygon","coordinates":[[[[145.26866,-38.40246],[145.27429,-38.3982],[145.2766,-38.38766],[145.27244,-38.38303],[145.26639,-38.38244],[145.27465,-38.38203],[145.27714,-38.3787],[145.27309,-38.35702],[145.28874,-38.30769],[145.28641,-38.29992],[145.29153,-38.29391],[145.28848,-38.28736],[145.29357,-38.28265],[145.30716,-38.28303],[145.32975,-38.29185],[145.33824,-38.30394],[145.34684,-38.30969],[145.36805,-38.3136],[145.38223,-38.31325],[145.41121,-38.30444],[145.42552,-38.30801],[145.45342,-38.30652],[145.46462,-38.31824],[145.46684,-38.32644],[145.47857,-38.33597],[145.48993,-38.33906],[145.50346,-38.35298],[145.47655,-38.36634],[145.45653,-38.36648],[145.44905,-38.37153],[145.4437,-38.36875],[145.41088,-38.37069],[145.39075,-38.38466],[145.39,-38.3903],[145.39403,-38.39322],[145.38439,-38.39977],[145.38595,-38.40671],[145.37775,-38.4099],[145.37248,-38.40417],[145.36394,-38.40569],[145.35434,-38.41413],[145.35256,-38.42004],[145.33719,-38.41237],[145.32934,-38.41467],[145.32476,-38.41098],[145.31977,-38.41284],[145.31106,-38.4019],[145.28885,-38.396],[145.2754,-38.39488],[145.28134,-38.40436],[145.27463,-38.40899],[145.26994,-38.40888],[145.27061,-38.4044],[145.26564,-38.4028],[145.26866,-38.40246]]],[[[145.21272,-38.32947],[145.20873,-38.33302],[145.20941,-38.32688],[145.21272,-38.32947]]],[[[145.37148,-38.41711],[145.36851,-38.41908],[145.36608,-38.41638],[145.36885,-38.41126],[145.37148,-38.41711]]]]},"properties":{"lga_name":"FRENCH-ELIZABETH-SANDSTONE ISLANDS (UNINC)","lga_official_name":"FRENCH-ELIZABETH-SANDSTONE ISLANDS (UNINC)"}},{"type":"Feature","geometry":{"type":"Polygon","coordinates":[[[146.24156,-37.85054],[146.23559,-37.85596],[146.23175,-37.84826],[146.23626,-37.85498],[146.24376,-37.83946],[146.24976,-37.8362],[146.2783,-37.8331],[146.27854,-37.84212],[146.24156,-37.85054]]]},"properties":{"lga_name":"MOUNT BAW BAW ALPINE RESORT (UNINC)","lga_official_name":"MOUNT BAW BAW ALPINE RESORT (UNINCORPORATED)"}},{"type":"Feature","geometry":{"type":"Polygon","coordinates":[[[145.00866,-37.95944],[144.99313,-37.94415],[144.99216,-37.94001],[144.99904,-37.94003],[144.98552,-37.92649],[144.98747,-37.92011],[144.98535,-37.90967],[144.98022,-37.90739],[144.98397,-37.90326],[144.98483,-37.89097],[144.99068,-37.89172],[144.99227,-37.88326],[144.99706,-37.88385],[145.00633,-37.89981],[145.02599,-37.90215],[145.02246,-37.9206],[145.03654,-37.93558],[145.03785,-37.94256],[145.0552,-37.96803],[145.0517,-37.98681],[145.03838,-37.99642],[145.03059,-37.99529],[145.00932,-37.9695],[145.01136,-37.96674],[145.00866,-37.95944]]]},"properties":{"lga_name":"BAYSIDE","lga_official_name":"BAYSIDE CITY"}},{"type":"Feature","geometry":{"type":"Polygon","coordinates":[[[143.34497,-37.69301],[143.34046,-37.69501],[143.34336,-37.69916],[143.34047,-37.69905],[143.34235,-37.70842],[143.33949,-37.71077],[143.33309,-37.70869],[143.33108,-37.71245],[143.32666,-37.71013],[143.32063,-37.71186],[143.32669,-37.71492],[143.32169,-37.71701],[143.32661,-37.71814],[143.32685,-37.72296],[143.32288,-37.72842],[143.31826,-37.72789],[143.32068,-37.73477],[143.32511,-37.73617],[143.31595,-37.73525],[143.31754,-37.73859],[143.32163,-37.73794],[143.32275,-37.74346],[143.31553,-37.74507],[143.3155,-37.74832],[143.30726,-37.74854],[143.30379,-37.75672],[143.30212,-37.75383],[143.28463,-37.75747],[143.28253,-37.75423],[143.27713,-37.75609],[143.27189,-37.75345],[143.27291,-37.75005],[143.26921,-37.74901],[143.27085,-37.74567],[143.26369,-37.73891],[143.26735,-37.73355],[143.25483,-37.73217],[143.25615,-37.73462],[143.24872,-37.73829],[143.24845,-37.74344],[143.24576,-37.74247],[143.24168,-37.74661],[143.24263,-37.74468],[143.23707,-37.74164],[143.23163,-37.74222],[143.23445,-37.74362],[143.23184,-37.74625],[143.22625,-37.74443],[143.22489,-37.73678],[143.21736,-37.73783],[143.21507,-37.73414],[143.20071,-37.73646],[143.18883,-37.73451],[143.18507,-37.73069],[143.06058,-37.71821],[143.07438,-37.70272],[143.07894,-37.67124],[143.09045,-37.65049],[143.10848,-37.63802],[143.11657,-37.62028],[143.1359,-37.59775],[143.13821,-37.58741],[143.15599,-37.56903],[143.16952,-37.56112],[143.17901,-37.54023],[143.19278,-37.52643],[143.17937,-37.52463],[143.19727,-37.4263],[143.20688,-37.42861],[143.21327,-37.42116],[143.2189,-37.4203],[143.22283,-37.41316],[143.24394,-37.40241],[143.25155,-37.39168],[143.25131,-37.38853],[143.23655,-37.38431],[143.24862,-37.36209],[143.23118,-37.3566],[143.20179,-37.35662],[143.2013,-37.32432],[143.19375,-37.32122],[143.204,-37.31472],[143.21389,-37.31287],[143.21388,-37.31018],[143.22158,-37.31012],[143.22168,-37.31542],[143.22562,-37.31537],[143.23193,-37.3039],[143.22663,-37.29105],[143.23481,-37.28562],[143.25826,-37.27979],[143.27985,-37.28649],[143.2911,-37.28394],[143.28372,-37.25979],[143.28616,-37.2368],[143.28234,-37.22652],[143.27178,-37.2169],[143.2672,-37.20241],[143.27062,-37.1959],[143.26463,-37.18833],[143.26377,-37.18171],[143.25291,-37.17716],[143.24908,-37.17209],[143.24262,-37.17387],[143.23426,-37.16871],[143.23355,-37.16088],[143.2247,-37.1536],[143.21762,-37.15367],[143.20249,-37.16111],[143.20316,-37.16488],[143.19856,-37.16668],[143.19776,-37.17112],[143.19178,-37.17243],[143.19591,-37.17774],[143.19108,-37.17839],[143.19124,-37.18163],[143.18157,-37.18864],[143.16887,-37.18403],[143.16536,-37.1758],[143.15687,-37.17692],[143.15034,-37.17071],[143.13837,-37.17119],[143.13718,-37.17437],[143.12761,-37.17336],[143.11356,-37.1576],[143.09554,-37.15556],[143.09769,-37.14262],[143.08617,-37.12479],[143.10115,-37.10124],[143.09891,-37.07228],[143.09466,-37.06283],[143.10099,-37.05302],[143.09269,-37.04642],[143.09262,-37.0389],[143.09904,-37.02205],[143.09897,-37.01133],[143.10269,-37.01052],[143.1027,-37.0015],[143.09902,-37.00149],[143.08713,-36.98944],[143.08709,-36.97722],[143.1052,-36.97877],[143.10403,-36.97343],[143.09124,-36.96786],[143.08992,-36.96292],[143.09572,-36.96311],[143.10699,-36.90438],[143.1244,-36.90632],[143.12614,-36.89866],[143.18054,-36.90485],[143.18171,-36.89765],[143.2135,-36.90104],[143.21258,-36.90687],[143.24183,-36.90985],[143.23929,-36.90182],[143.34646,-36.91619],[143.34689,-36.91381],[143.35345,-36.91458],[143.35176,-36.92367],[143.37422,-36.92615],[143.37278,-36.93411],[143.39461,-36.93393],[143.40978,-36.92757],[143.51722,-36.94658],[143.54241,-36.94913],[143.54354,-36.94385],[143.57723,-36.94836],[143.58193,-36.94513],[143.59353,-36.95617],[143.57491,-36.96893],[143.57769,-36.97162],[143.57587,-36.98154],[143.60367,-36.98992],[143.60205,-36.99949],[143.59418,-36.9986],[143.59207,-37.01083],[143.57972,-37.00943],[143.57569,-37.03182],[143.56253,-37.0336],[143.55202,-37.09414],[143.56527,-37.09564],[143.56087,-37.09792],[143.56273,-37.11651],[143.56738,-37.11296],[143.57055,-37.11624],[143.57351,-37.11304],[143.57813,-37.11512],[143.58295,-37.13192],[143.58053,-37.13931],[143.57401,-37.14251],[143.57042,-37.15014],[143.55192,-37.15873],[143.55338,-37.17073],[143.54983,-37.17614],[143.55096,-37.18047],[143.58542,-37.18454],[143.58229,-37.20172],[143.64065,-37.2083],[143.63641,-37.23082],[143.66561,-37.23431],[143.63501,-37.38688],[143.63213,-37.39967],[143.62762,-37.40295],[143.62977,-37.41109],[143.61968,-37.44771],[143.62271,-37.45149],[143.62008,-37.46467],[143.61539,-37.46433],[143.6215,-37.46771],[143.62028,-37.47376],[143.61327,-37.50082],[143.595,-37.52725],[143.60606,-37.53491],[143.62204,-37.52514],[143.63237,-37.53261],[143.64939,-37.53291],[143.64882,-37.5362],[143.66855,-37.53843],[143.65263,-37.62418],[143.65168,-37.64703],[143.64221,-37.64666],[143.64199,-37.65029],[143.59531,-37.64429],[143.58664,-37.65371],[143.53654,-37.6483],[143.53336,-37.66434],[143.53538,-37.66655],[143.49483,-37.66087],[143.49993,-37.6568],[143.48791,-37.65518],[143.48973,-37.6468],[143.48294,-37.64596],[143.47624,-37.65006],[143.4811,-37.65233],[143.466,-37.65389],[143.46433,-37.65737],[143.46747,-37.6601],[143.45527,-37.65962],[143.44624,-37.66943],[143.43195,-37.67131],[143.42587,-37.66794],[143.4124,-37.67299],[143.4047,-37.67253],[143.40358,-37.66879],[143.39879,-37.66789],[143.37957,-37.66819],[143.37121,-37.67229],[143.35479,-37.67026],[143.35017,-37.69337],[143.34542,-37.69097],[143.34497,-37.69301]]]},"properties":{"lga_name":"PYRENEES","lga_official_name":"PYRENEES SHIRE"}},{"type":"Feature","geometry":{"type":"Polygon","coordinates":[[[143.35924,-35.78107],[143.3661,-35.77386],[143.3652,-35.7693],[143.36881,-35.7664],[143.36715,-35.76407],[143.3723,-35.75388],[143.36851,-35.74616],[143.3549,-35.73689],[143.34923,-35.72695],[143.34869,-35.71906],[143.33857,-35.71305],[143.33589,-35.70801],[143.33501,-35.69754],[143.34374,-35.68515],[143.34284,-35.6821],[143.32964,-35.67808],[143.31797,-35.6696],[143.32371,-35.65673],[143.28827,-35.6472],[143.28816,-35.57493],[143.64149,-35.57275],[143.63874,-35.52949],[143.72888,-35.52955],[143.73462,-35.52512],[143.70896,-35.49422],[143.74969,-35.49435],[143.76114,-35.5001],[143.80565,-35.50011],[143.80567,-35.49213],[143.81162,-35.49212],[143.8103,-35.48256],[143.80736,-35.48222],[143.80844,-35.47731],[143.80338,-35.4751],[143.80292,-35.47032],[143.79116,-35.46645],[143.79402,-35.46195],[143.80263,-35.45989],[143.80194,-35.45768],[143.7985,-35.45953],[143.79633,-35.45541],[143.8024,-35.44757],[143.81609,-35.44913],[143.81642,-35.44624],[143.82184,-35.44587],[143.82733,-35.45534],[143.83998,-35.45769],[143.84613,-35.46335],[143.85544,-35.46182],[143.85393,-35.46895],[143.86043,-35.47453],[143.85887,-35.48008],[143.86387,-35.47722],[143.86967,-35.48178],[143.87138,-35.47781],[143.87659,-35.48615],[143.8875,-35.48528],[143.8994,-35.4953],[143.90774,-35.49414],[143.90395,-35.49501],[143.90576,-35.49987],[143.91214,-35.49949],[143.91199,-35.49488],[143.91731,-35.49705],[143.91815,-35.50079],[143.92995,-35.50165],[143.9345,-35.49918],[143.93215,-35.50209],[143.93374,-35.50667],[143.94132,-35.50179],[143.94851,-35.5008],[143.95904,-35.50445],[143.961,-35.49897],[143.96689,-35.50287],[143.9701,-35.50006],[143.96875,-35.50555],[143.97254,-35.50956],[143.96468,-35.50849],[143.96244,-35.51396],[143.97094,-35.52],[143.96928,-35.52307],[143.97588,-35.53349],[143.99659,-35.53566],[143.99563,-35.54218],[143.99926,-35.5451],[143.98945,-35.55315],[143.99263,-35.55627],[144.01144,-35.56311],[144.0094,-35.55805],[144.01269,-35.55406],[144.03391,-35.55584],[144.03944,-35.54931],[144.04079,-35.55549],[144.04622,-35.55244],[144.04676,-35.56295],[144.06371,-35.57003],[144.06238,-35.57676],[144.10508,-35.5908],[144.10617,-35.59534],[144.10325,-35.59776],[144.11085,-35.59883],[144.10934,-35.60184],[144.11362,-35.60227],[144.11098,-35.60744],[144.11596,-35.61314],[144.11479,-35.61971],[144.11981,-35.62083],[144.11746,-35.62604],[144.1274,-35.6343],[144.13118,-35.63329],[144.13144,-35.64076],[144.13725,-35.64032],[144.1426,-35.64712],[144.15248,-35.6425],[144.14947,-35.64575],[144.1535,-35.64602],[144.15699,-35.65079],[144.15141,-35.65335],[144.15841,-35.65792],[144.16253,-35.6716],[144.17205,-35.67186],[144.17443,-35.67453],[144.18685,-35.67032],[144.18996,-35.67383],[144.18654,-35.67503],[144.1896,-35.67663],[144.18828,-35.68048],[144.19477,-35.68566],[144.21317,-35.68654],[144.21485,-35.69208],[144.22115,-35.69306],[144.21614,-35.69663],[144.21968,-35.69901],[144.216,-35.70086],[144.2158,-35.70644],[144.23034,-35.71542],[144.24811,-35.72104],[144.24773,-35.72965],[144.25321,-35.72979],[144.25401,-35.73858],[144.2677,-35.75372],[144.2709,-35.75384],[144.27813,-35.7449],[144.27786,-35.7408],[144.28545,-35.73694],[144.29596,-35.73701],[144.30132,-35.74282],[144.29468,-35.7505],[144.29513,-35.75433],[144.29943,-35.75178],[144.30682,-35.75723],[144.31184,-35.74941],[144.31444,-35.75703],[144.31769,-35.7522],[144.32787,-35.75267],[144.32789,-35.75569],[144.32167,-35.75788],[144.32259,-35.7636],[144.31861,-35.76656],[144.3242,-35.7687],[144.33117,-35.76508],[144.33628,-35.77036],[144.34165,-35.76389],[144.34045,-35.76972],[144.3428,-35.77152],[144.34878,-35.76696],[144.34676,-35.77457],[144.35333,-35.77608],[144.35187,-35.78584],[144.36027,-35.78475],[144.35545,-35.7884],[144.36164,-35.79195],[144.36219,-35.79567],[144.37067,-35.7904],[144.37697,-35.79314],[144.37304,-35.79793],[144.37578,-35.80178],[144.37232,-35.80815],[144.36669,-35.81123],[144.37735,-35.81105],[144.37755,-35.81423],[144.36889,-35.81318],[144.36491,-35.82136],[144.36925,-35.82473],[144.37231,-35.81665],[144.3756,-35.82065],[144.38391,-35.81908],[144.37461,-35.82556],[144.37928,-35.8293],[144.37219,-35.83217],[144.37504,-35.8346],[144.3816,-35.83262],[144.38668,-35.83625],[144.38523,-35.83782],[144.38177,-35.83363],[144.38161,-35.837],[144.37481,-35.83542],[144.37338,-35.83933],[144.3843,-35.84186],[144.38056,-35.84335],[144.3845,-35.84635],[144.38132,-35.85234],[144.38709,-35.85511],[144.39036,-35.85062],[144.38964,-35.85915],[144.39711,-35.85933],[144.39918,-35.86275],[144.4112,-35.85868],[144.40516,-35.86021],[144.40819,-35.8655],[144.40181,-35.86809],[144.41102,-35.87117],[144.40401,-35.87424],[144.40872,-35.87528],[144.40361,-35.88076],[144.41159,-35.88121],[144.40696,-35.88405],[144.41184,-35.88618],[144.41361,-35.8924],[144.41833,-35.8932],[144.4146,-35.8949],[144.41675,-35.89805],[144.40859,-35.89889],[144.3819,-35.88436],[144.37205,-35.88421],[144.34357,-35.89431],[144.34196,-35.90661],[144.34713,-35.90687],[144.34907,-35.9109],[144.35485,-35.90929],[144.35342,-35.91952],[144.34604,-35.92812],[144.33864,-35.92521],[144.33089,-35.92755],[144.33557,-35.93418],[144.30621,-35.93414],[144.30152,-35.92873],[144.28857,-35.92364],[144.26327,-35.9315],[144.25932,-35.92698],[144.24947,-35.92985],[144.23725,-35.91989],[144.23033,-35.92229],[144.22429,-35.91659],[144.21686,-35.9186],[144.20545,-35.91627],[144.19247,-35.91238],[144.18723,-35.90695],[144.18728,-35.91282],[144.18341,-35.91721],[144.18314,-35.92424],[144.18833,-35.92868],[144.185,-35.93528],[144.18728,-35.93701],[144.18543,-35.94659],[144.16056,-35.9466],[144.15874,-35.94918],[143.94108,-35.94941],[143.94153,-35.95283],[143.92257,-35.9528],[143.92261,-35.94026],[143.91847,-35.94024],[143.91847,-35.9374],[143.86172,-35.93487],[143.86922,-35.92733],[143.87503,-35.92601],[143.87056,-35.9228],[143.874,-35.91606],[143.82373,-35.91208],[143.80033,-35.90597],[143.7284,-35.90585],[143.72816,-35.9325],[143.61772,-35.9348],[143.6179,-35.96928],[143.52743,-35.96963],[143.5129,-35.97524],[143.47583,-35.97527],[143.47585,-35.98307],[143.43273,-35.98307],[143.42431,-35.99928],[143.41297,-36.0115],[143.40739,-36.01193],[143.40936,-36.01375],[143.40582,-36.01828],[143.40037,-36.01391],[143.39638,-36.01622],[143.39519,-36.01404],[143.37872,-36.014],[143.37734,-35.99205],[143.36546,-35.99202],[143.36521,-35.93366],[143.37246,-35.93368],[143.3818,-35.88041],[143.37867,-35.88005],[143.38477,-35.84313],[143.35839,-35.83992],[143.35968,-35.83248],[143.3573,-35.83216],[143.35981,-35.8296],[143.35349,-35.8147],[143.35742,-35.81167],[143.35319,-35.80639],[143.35034,-35.79364],[143.35924,-35.78107]]]},"properties":{"lga_name":"GANNAWARRA","lga_official_name":"GANNAWARRA SHIRE"}},{"type":"Feature","geometry":{"type":"Polygon","coordinates":[[[143.84322,-37.67027],[143.84027,-37.67204],[143.83443,-37.66502],[143.83336,-37.65537],[143.83829,-37.6525],[143.83033,-37.63662],[143.83015,-37.62984],[143.83455,-37.62219],[143.83197,-37.61871],[143.78065,-37.59978],[143.75696,-37.59446],[143.71001,-37.56693],[143.70722,-37.55787],[143.68593,-37.56013],[143.66219,-37.5724],[143.66855,-37.53843],[143.64882,-37.5362],[143.64939,-37.53291],[143.63237,-37.53261],[143.62204,-37.52514],[143.60606,-37.53491],[143.595,-37.52725],[143.61327,-37.50082],[143.62028,-37.47376],[143.6215,-37.46771],[143.61539,-37.46433],[143.62008,-37.46467],[143.62271,-37.45149],[143.61968,-37.44771],[143.62977,-37.41109],[143.62762,-37.40295],[143.63213,-37.39967],[143.64809,-37.32151],[143.78817,-37.33929],[143.79048,-37.3421],[143.79008,-37.33979],[143.79397,-37.3392],[143.7932,-37.3437],[143.82703,-37.34017],[143.84089,-37.34263],[143.84157,-37.34518],[143.8688,-37.34824],[143.85853,-37.40203],[143.84921,-37.40077],[143.84337,-37.43115],[143.85772,-37.43296],[143.85287,-37.46274],[143.84962,-37.46686],[143.9377,-37.47544],[143.93193,-37.53508],[143.95051,-37.54975],[143.95075,-37.55984],[143.9413,-37.56222],[143.94169,-37.57259],[143.93662,-37.57002],[143.93682,-37.57509],[143.92149,-37.57585],[143.91876,-37.57993],[143.91491,-37.5795],[143.91609,-37.58365],[143.9048,-37.58238],[143.90258,-37.59698],[143.89806,-37.59647],[143.89584,-37.60754],[143.89903,-37.61654],[143.90967,-37.62163],[143.91413,-37.62777],[143.91436,-37.64522],[143.93573,-37.65043],[143.92701,-37.65828],[143.91387,-37.66026],[143.9233,-37.66911],[143.94862,-37.67311],[143.94415,-37.69416],[143.93966,-37.6965],[143.93815,-37.7091],[143.91936,-37.70996],[143.91626,-37.71305],[143.90248,-37.71338],[143.89777,-37.71628],[143.89272,-37.71236],[143.88216,-37.71412],[143.87681,-37.70707],[143.87227,-37.7084],[143.87012,-37.6914],[143.86651,-37.69246],[143.8628,-37.68921],[143.85407,-37.69207],[143.8575,-37.68568],[143.85117,-37.68632],[143.85353,-37.68195],[143.85031,-37.68017],[143.85344,-37.67843],[143.84937,-37.67771],[143.85131,-37.6755],[143.84912,-37.67221],[143.84322,-37.67027]]]},"properties":{"lga_name":"BALLARAT","lga_official_name":"BALLARAT CITY"}},{"type":"Feature","geometry":{"type":"Polygon","coordinates":[[[145.37371,-38.22089],[145.36624,-38.22214],[145.35338,-38.21456],[145.34373,-38.21448],[145.33958,-38.2219],[145.34323,-38.22622],[145.34181,-38.22924],[145.33296,-38.23603],[145.32673,-38.23514],[145.32568,-38.24148],[145.31962,-38.24315],[145.32406,-38.2386],[145.31899,-38.23555],[145.31623,-38.22769],[145.30512,-38.22822],[145.30606,-38.22388],[145.31161,-38.21979],[145.31079,-38.21543],[145.32267,-38.21647],[145.3337,-38.20882],[145.33517,-38.20458],[145.32452,-38.21458],[145.31936,-38.21307],[145.32022,-38.21639],[145.31037,-38.21477],[145.30832,-38.2206],[145.30555,-38.21985],[145.30866,-38.21847],[145.30683,-38.21382],[145.291,-38.20956],[145.29664,-38.2151],[145.29032,-38.21457],[145.28007,-38.22335],[145.27725,-38.22395],[145.27515,-38.21925],[145.27607,-38.22371],[145.2681,-38.22456],[145.26089,-38.22106],[145.25939,-38.22339],[145.25604,-38.21916],[145.25847,-38.22519],[145.25549,-38.22251],[145.22802,-38.21989],[145.21483,-38.20827],[145.252,-38.00364],[145.22746,-38.00072],[145.22685,-37.99116],[145.23551,-37.97675],[145.23289,-37.96898],[145.23416,-37.9569],[145.23257,-37.95287],[145.22953,-37.95296],[145.23392,-37.94196],[145.27964,-37.94759],[145.28357,-37.95513],[145.28991,-37.95759],[145.28904,-37.96291],[145.37907,-37.97511],[145.38191,-37.98034],[145.38246,-37.98462],[145.37613,-37.99042],[145.37975,-37.99691],[145.37782,-38.00139],[145.38478,-38.00852],[145.38535,-38.01342],[145.36599,-38.0388],[145.36409,-38.05156],[145.38078,-38.06682],[145.38185,-38.06982],[145.37776,-38.07084],[145.37585,-38.07844],[145.38039,-38.08156],[145.38236,-38.09083],[145.39777,-38.0998],[145.40063,-38.10796],[145.39901,-38.11329],[145.4018,-38.11909],[145.38847,-38.12053],[145.38339,-38.12562],[145.39948,-38.14298],[145.38887,-38.1925],[145.41832,-38.19848],[145.41667,-38.20382],[145.43066,-38.21452],[145.42262,-38.21709],[145.41315,-38.22788],[145.37965,-38.22148],[145.37844,-38.21834],[145.38106,-38.21771],[145.37682,-38.2172],[145.37815,-38.2131],[145.3718,-38.21308],[145.37372,-38.21587],[145.37059,-38.21585],[145.37083,-38.21949],[145.37371,-38.22089]]]},"properties":{"lga_name":"CASEY","lga_official_name":"CASEY CITY"}},{"type":"Feature","geometry":{"type":"Polygon","coordinates":[[[146.78478,-36.17063],[146.79047,-36.16501],[146.77875,-36.15497],[146.78125,-36.14104],[146.77398,-36.14013],[146.77487,-36.12754],[146.76795,-36.12902],[146.73385,-36.12249],[146.70659,-36.12573],[146.70247,-36.10633],[146.70556,-36.08876],[146.68639,-36.09641],[146.70575,-36.08733],[146.71162,-36.04595],[146.71754,-36.04327],[146.72092,-36.03964],[146.71999,-36.03496],[146.72757,-36.02975],[146.7324,-36.0309],[146.73519,-36.03597],[146.73128,-36.03892],[146.73064,-36.04423],[146.73486,-36.04786],[146.73983,-36.04506],[146.74492,-36.04768],[146.75299,-36.04185],[146.74702,-36.05645],[146.74951,-36.06105],[146.7552,-36.05901],[146.75289,-36.0551],[146.75838,-36.05582],[146.75626,-36.0518],[146.76231,-36.05118],[146.7612,-36.0587],[146.76458,-36.05932],[146.76672,-36.05509],[146.76806,-36.0587],[146.77597,-36.05922],[146.7814,-36.06447],[146.78179,-36.0591],[146.78719,-36.05839],[146.78916,-36.06059],[146.78682,-36.0644],[146.79601,-36.06526],[146.79895,-36.06304],[146.79357,-36.06136],[146.7952,-36.05785],[146.80086,-36.05852],[146.80353,-36.05502],[146.80634,-36.06099],[146.81454,-36.064],[146.81313,-36.06804],[146.81857,-36.06802],[146.8145,-36.07045],[146.81565,-36.07401],[146.82544,-36.07057],[146.8238,-36.07556],[146.82782,-36.07774],[146.82132,-36.08396],[146.82498,-36.08869],[146.83368,-36.08625],[146.837,-36.08189],[146.8467,-36.08669],[146.8581,-36.08463],[146.86086,-36.08073],[146.85735,-36.07575],[146.86095,-36.07369],[146.8606,-36.07755],[146.86596,-36.07767],[146.86504,-36.07282],[146.87312,-36.07369],[146.88115,-36.08737],[146.90554,-36.08392],[146.90727,-36.08581],[146.90293,-36.08725],[146.90617,-36.09155],[146.90341,-36.09834],[146.90843,-36.09927],[146.91243,-36.10488],[146.90588,-36.1091],[146.91269,-36.11257],[146.91775,-36.10798],[146.92489,-36.10747],[146.92134,-36.10079],[146.92693,-36.09689],[146.93007,-36.09893],[146.92791,-36.10536],[146.93396,-36.11126],[146.94357,-36.11582],[146.95226,-36.11109],[146.94833,-36.10346],[146.95187,-36.09996],[146.95087,-36.09343],[146.95883,-36.09183],[146.95517,-36.08907],[146.95929,-36.0845],[146.95642,-36.07799],[146.95939,-36.08196],[146.97309,-36.0825],[146.97955,-36.09459],[146.98432,-36.09387],[146.99046,-36.08614],[146.99942,-36.08729],[147.0077,-36.08342],[147.00653,-36.08902],[147.01706,-36.08996],[147.01324,-36.095],[147.01605,-36.09973],[147.0136,-36.10538],[147.01741,-36.10602],[147.02211,-36.09952],[147.03116,-36.10867],[147.03249,-36.11431],[147.03727,-36.11442],[147.0315,-36.11856],[147.03432,-36.11924],[147.03171,-36.12247],[147.03438,-36.12212],[147.03366,-36.12719],[147.03712,-36.12962],[147.03494,-36.13467],[147.04135,-36.14005],[147.04187,-36.14778],[147.04464,-36.14818],[147.04143,-36.15151],[147.05014,-36.15025],[147.04633,-36.15382],[147.04821,-36.15578],[147.04561,-36.15782],[147.04986,-36.15962],[147.04713,-36.16186],[147.05143,-36.16186],[147.04965,-36.165],[147.05818,-36.16633],[147.05793,-36.16888],[147.06839,-36.16333],[147.06601,-36.16721],[147.06945,-36.16859],[147.06591,-36.17076],[147.07375,-36.17297],[147.07441,-36.17821],[147.06701,-36.17878],[147.07237,-36.18269],[147.07044,-36.18857],[147.03683,-36.1848],[147.03274,-36.20502],[147.02527,-36.20398],[147.02444,-36.20905],[147.00289,-36.20716],[147.00215,-36.21084],[146.99699,-36.2102],[147.00046,-36.21536],[146.99598,-36.22055],[146.99935,-36.22514],[146.99677,-36.22698],[147.00126,-36.22896],[146.97397,-36.24094],[146.96084,-36.24469],[146.94755,-36.22901],[146.93902,-36.23776],[146.91938,-36.22205],[146.9102,-36.22736],[146.90567,-36.23544],[146.8991,-36.23279],[146.89065,-36.2344],[146.8842,-36.24041],[146.86292,-36.24893],[146.85714,-36.25319],[146.85619,-36.25804],[146.8383,-36.25579],[146.83753,-36.2596],[146.82152,-36.25668],[146.82074,-36.24406],[146.81302,-36.23556],[146.80368,-36.23539],[146.81136,-36.2182],[146.79689,-36.21375],[146.78481,-36.20015],[146.786,-36.18884],[146.78303,-36.18432],[146.78415,-36.17862],[146.78107,-36.1782],[146.78478,-36.17063]]]},"properties":{"lga_name":"WODONGA","lga_official_name":"WODONGA CITY"}},{"type":"Feature","geometry":{"type":"Polygon","coordinates":[[[145.22437,-38.15448],[145.21577,-38.20064],[145.18186,-38.19908],[145.15929,-38.18173],[145.15259,-38.1945],[145.13353,-38.19565],[145.12876,-38.20007],[145.09804,-38.16253],[145.102,-38.15809],[145.0995,-38.15331],[145.10361,-38.15092],[145.11213,-38.15222],[145.1157,-38.14656],[145.11288,-38.14559],[145.11666,-38.14548],[145.12024,-38.13727],[145.1243,-38.11255],[145.12395,-38.08238],[145.14888,-38.08344],[145.15009,-38.07507],[145.15464,-38.07565],[145.15624,-38.06744],[145.23941,-38.07764],[145.22437,-38.15448]]]},"properties":{"lga_name":"FRANKSTON","lga_official_name":"FRANKSTON CITY"}},{"type":"Feature","geometry":{"type":"Polygon","coordinates":[[[144.83032,-36.85971],[144.84662,-36.87403],[144.85296,-36.8748],[144.85087,-36.87933],[144.85357,-36.88024],[144.82239,-36.8997],[144.81658,-36.91162],[144.80427,-36.92588],[144.80021,-36.93942],[144.80629,-36.9556],[144.80237,-36.95678],[144.79127,-36.95202],[144.79658,-36.96553],[144.76598,-36.97365],[144.75345,-36.96298],[144.7485,-36.96771],[144.75041,-36.97519],[144.74762,-36.97792],[144.73388,-36.98211],[144.73441,-36.97995],[144.71827,-36.9747],[144.71146,-36.98143],[144.70935,-36.98864],[144.69858,-36.99419],[144.68822,-36.99456],[144.69133,-37.0057],[144.68845,-37.01096],[144.66228,-37.00866],[144.65048,-37.01524],[144.64372,-37.00545],[144.63221,-37.00199],[144.59707,-37.00395],[144.59703,-37.0084],[144.59368,-37.00994],[144.58361,-37.00566],[144.58345,-37.01012],[144.56036,-37.00994],[144.55607,-37.01398],[144.54536,-37.01314],[144.54113,-37.01583],[144.54015,-37.0247],[144.54918,-37.0416],[144.54288,-37.04333],[144.54469,-37.05297],[144.55055,-37.05405],[144.54049,-37.06039],[144.52058,-37.05751],[144.52416,-37.05418],[144.49266,-37.05045],[144.50625,-36.97586],[144.49782,-36.97113],[144.49129,-36.96157],[144.49414,-36.96696],[144.48932,-36.9714],[144.48881,-36.96572],[144.47993,-36.96088],[144.47846,-36.954],[144.47326,-36.95422],[144.47054,-36.94963],[144.46839,-36.95222],[144.46018,-36.94916],[144.46299,-36.94387],[144.45599,-36.93836],[144.45428,-36.94152],[144.4495,-36.94123],[144.43812,-36.9356],[144.42958,-36.94423],[144.4279,-36.93817],[144.42157,-36.93846],[144.41922,-36.93248],[144.41353,-36.92998],[144.41196,-36.92336],[144.40519,-36.9243],[144.3977,-36.93527],[144.40004,-36.93973],[144.39609,-36.95531],[144.38685,-36.95281],[144.38203,-36.95736],[144.37822,-36.95504],[144.37966,-36.95286],[144.31287,-36.94654],[144.31162,-36.94401],[144.30037,-36.94267],[144.29762,-36.95704],[144.24052,-36.95056],[144.22832,-36.92238],[144.02591,-36.89788],[144.02729,-36.89086],[144.03031,-36.89122],[144.03309,-36.88561],[144.04952,-36.79905],[144.04661,-36.79868],[144.04789,-36.79222],[144.05933,-36.78154],[144.06241,-36.76669],[144.07124,-36.76646],[144.07572,-36.74306],[144.0684,-36.73176],[144.05985,-36.73073],[144.06207,-36.7194],[144.06873,-36.72021],[144.0687,-36.662],[144.12582,-36.66202],[144.12589,-36.6473],[144.1405,-36.64732],[144.14042,-36.61835],[144.18477,-36.61835],[144.17436,-36.58228],[144.16266,-36.56556],[144.17046,-36.52441],[144.19933,-36.52446],[144.19934,-36.51637],[144.20442,-36.51645],[144.20969,-36.48751],[144.3438,-36.4871],[144.3441,-36.38521],[144.35849,-36.38526],[144.36107,-36.39209],[144.3592,-36.39394],[144.36881,-36.39528],[144.36974,-36.40785],[144.39976,-36.40751],[144.41571,-36.39631],[144.43022,-36.41129],[144.43011,-36.40667],[144.66818,-36.40658],[144.66528,-36.41083],[144.66906,-36.41269],[144.67427,-36.42549],[144.6696,-36.42413],[144.66578,-36.42712],[144.66607,-36.431],[144.66106,-36.43309],[144.65872,-36.44047],[144.67194,-36.44309],[144.67374,-36.44725],[144.66833,-36.45081],[144.67155,-36.4571],[144.66557,-36.46104],[144.66149,-36.45905],[144.65924,-36.46375],[144.65327,-36.4656],[144.65475,-36.47263],[144.64905,-36.47433],[144.64646,-36.47157],[144.63949,-36.4741],[144.63387,-36.48062],[144.62939,-36.47781],[144.62062,-36.48132],[144.62621,-36.49214],[144.62116,-36.49468],[144.61839,-36.49295],[144.61168,-36.49916],[144.61546,-36.50437],[144.62136,-36.50187],[144.62343,-36.50449],[144.61999,-36.50894],[144.6132,-36.51074],[144.61014,-36.51673],[144.61261,-36.52091],[144.62088,-36.5206],[144.62589,-36.52734],[144.60844,-36.52896],[144.61712,-36.53783],[144.61462,-36.54313],[144.60629,-36.54679],[144.60831,-36.55244],[144.61139,-36.55291],[144.61054,-36.55592],[144.60184,-36.55447],[144.58723,-36.55789],[144.58714,-36.5625],[144.59598,-36.56889],[144.59841,-36.57451],[144.58919,-36.58394],[144.58344,-36.5847],[144.58973,-36.59482],[144.58626,-36.59822],[144.57741,-36.59921],[144.57882,-36.6029],[144.56678,-36.6143],[144.56185,-36.61343],[144.56054,-36.61693],[144.56389,-36.6207],[144.56007,-36.62711],[144.5489,-36.63252],[144.54371,-36.64189],[144.54575,-36.64677],[144.53907,-36.64952],[144.53746,-36.65546],[144.52544,-36.65979],[144.53104,-36.67229],[144.53168,-36.68554],[144.53477,-36.68805],[144.53241,-36.69187],[144.52616,-36.68926],[144.52247,-36.69315],[144.52663,-36.70198],[144.51961,-36.71151],[144.51805,-36.72527],[144.66711,-36.72539],[144.66616,-36.7626],[144.72295,-36.76098],[144.7409,-36.75577],[144.75033,-36.75754],[144.75501,-36.75159],[144.76693,-36.74724],[144.77138,-36.75134],[144.7948,-36.75071],[144.79241,-36.75595],[144.79479,-36.75803],[144.79475,-36.77066],[144.78487,-36.77063],[144.78487,-36.78048],[144.7917,-36.78],[144.79199,-36.7997],[144.78674,-36.7997],[144.78732,-36.80532],[144.80367,-36.83987],[144.81109,-36.83983],[144.82135,-36.85417],[144.81942,-36.85621],[144.83113,-36.85554],[144.83032,-36.85971]]]},"properties":{"lga_name":"GREATER BENDIGO","lga_official_name":"GREATER BENDIGO CITY"}},{"type":"Feature","geometry":{"type":"MultiPolygon","coordinates":[[[[145.80949,-38.62749],[145.81467,-38.62723],[145.81475,-38.63607],[145.81804,-38.63646],[145.81438,-38.63883],[145.8175,-38.64162],[145.81661,-38.6475],[145.74607,-38.6433],[145.71334,-38.64554],[145.68888,-38.65123],[145.68022,-38.66297],[145.67075,-38.66849],[145.67202,-38.67166],[145.65872,-38.67193],[145.657,-38.67682],[145.65135,-38.67839],[145.63866,-38.67224],[145.62547,-38.67275],[145.60679,-38.681],[145.59556,-38.67031],[145.58459,-38.66543],[145.58042,-38.65877],[145.5602,-38.65129],[145.53951,-38.61382],[145.48388,-38.55608],[145.47989,-38.55642],[145.47412,-38.5513],[145.46567,-38.5526],[145.45763,-38.54837],[145.45038,-38.54885],[145.44549,-38.54369],[145.4231,-38.53652],[145.41037,-38.53824],[145.38459,-38.53541],[145.37605,-38.53775],[145.37164,-38.53576],[145.37027,-38.52693],[145.36316,-38.52152],[145.41802,-38.51345],[145.42692,-38.50712],[145.42897,-38.49641],[145.4346,-38.4935],[145.43099,-38.48612],[145.43244,-38.48041],[145.42763,-38.47484],[145.41779,-38.47148],[145.42865,-38.4601],[145.42815,-38.44494],[145.43382,-38.43859],[145.43389,-38.43135],[145.42574,-38.41545],[145.41645,-38.40694],[145.42335,-38.40674],[145.42857,-38.41049],[145.44237,-38.40811],[145.45351,-38.41278],[145.45953,-38.40878],[145.48005,-38.40757],[145.49008,-38.4151],[145.51312,-38.41593],[145.5342,-38.39866],[145.54892,-38.37162],[145.55222,-38.35082],[145.54519,-38.3395],[145.53915,-38.33608],[145.52591,-38.33411],[145.51586,-38.33823],[145.51559,-38.3178],[145.52067,-38.30664],[145.54181,-38.30936],[145.54579,-38.29132],[145.55525,-38.29437],[145.58213,-38.31266],[145.5848,-38.32074],[145.59362,-38.33008],[145.62393,-38.33617],[145.63452,-38.34377],[145.64465,-38.34237],[145.64932,-38.35417],[145.66293,-38.36619],[145.67144,-38.37099],[145.69176,-38.37322],[145.69478,-38.37596],[145.69595,-38.38085],[145.69274,-38.386],[145.6978,-38.39328],[145.68563,-38.45715],[145.6887,-38.4575],[145.68893,-38.46127],[145.68775,-38.46469],[145.67629,-38.46348],[145.67567,-38.46714],[145.67802,-38.46739],[145.67382,-38.48065],[145.67622,-38.48754],[145.69583,-38.50218],[145.69459,-38.50577],[145.70083,-38.51591],[145.6987,-38.53624],[145.7184,-38.53822],[145.72105,-38.52442],[145.73029,-38.52544],[145.72863,-38.53515],[145.76193,-38.53846],[145.75715,-38.56621],[145.77571,-38.56792],[145.76402,-38.59984],[145.76797,-38.60387],[145.81646,-38.58352],[145.80949,-38.62749]]],[[[145.12186,-38.51827],[145.1086,-38.51865],[145.11881,-38.51571],[145.12761,-38.50547],[145.13245,-38.50845],[145.14561,-38.50473],[145.15646,-38.47535],[145.1659,-38.46529],[145.18075,-38.46245],[145.2008,-38.45087],[145.22949,-38.44992],[145.23998,-38.44579],[145.27058,-38.4511],[145.29033,-38.45018],[145.30264,-38.4538],[145.29425,-38.45196],[145.27917,-38.45439],[145.27901,-38.45769],[145.27333,-38.46047],[145.27893,-38.46058],[145.2846,-38.456],[145.28671,-38.45885],[145.28083,-38.46147],[145.29024,-38.45683],[145.31041,-38.46061],[145.30951,-38.46648],[145.30206,-38.46689],[145.29731,-38.4758],[145.29072,-38.48064],[145.29114,-38.48706],[145.29495,-38.48934],[145.30549,-38.48547],[145.30416,-38.48971],[145.307,-38.49411],[145.30516,-38.49705],[145.29935,-38.49712],[145.29725,-38.5065],[145.31623,-38.51003],[145.33287,-38.50479],[145.34042,-38.51003],[145.34747,-38.51048],[145.35025,-38.50766],[145.36265,-38.51183],[145.36343,-38.51668],[145.3457,-38.52152],[145.34071,-38.53555],[145.35591,-38.54992],[145.36302,-38.55067],[145.36428,-38.55337],[145.35863,-38.55993],[145.36049,-38.56636],[145.35181,-38.56725],[145.35121,-38.56385],[145.34231,-38.55914],[145.34668,-38.55592],[145.34227,-38.54729],[145.31654,-38.52435],[145.30402,-38.51678],[145.27468,-38.50878],[145.27064,-38.50484],[145.26347,-38.5083],[145.25496,-38.50378],[145.2479,-38.50466],[145.24644,-38.5079],[145.24013,-38.5071],[145.22124,-38.52998],[145.2169,-38.52437],[145.20952,-38.52519],[145.2039,-38.51726],[145.19551,-38.51819],[145.19358,-38.51493],[145.18734,-38.51591],[145.18313,-38.51294],[145.17472,-38.51436],[145.17148,-38.50928],[145.16598,-38.51376],[145.16346,-38.51038],[145.15412,-38.50938],[145.14545,-38.51642],[145.12186,-38.51827]]],[[[145.34607,-38.50858],[145.33295,-38.4995],[145.33689,-38.4936],[145.34607,-38.50858]]]]},"properties":{"lga_name":"BASS COAST","lga_official_name":"BASS COAST SHIRE"}},{"type":"Feature","geometry":{"type":"Polygon","coordinates":[[[142.37889,-36.60607],[142.37839,-36.60359],[142.38626,-36.59874],[142.38901,-36.58956],[142.38607,-36.58695],[142.38806,-36.57829],[142.38207,-36.57361],[142.39055,-36.54699],[142.39649,-36.53817],[142.39813,-36.52828],[142.39391,-36.52684],[142.39178,-36.5215],[142.3964,-36.5104],[142.39444,-36.50622],[142.40438,-36.49482],[142.39928,-36.4879],[142.4024,-36.48179],[142.39836,-36.47999],[142.39791,-36.47186],[142.40164,-36.46597],[142.39631,-36.45832],[142.40481,-36.44947],[142.35051,-36.44944],[142.34327,-36.44029],[142.24355,-36.44006],[142.16578,-36.43267],[142.16525,-36.377],[142.16844,-36.37506],[142.16869,-36.36617],[142.168,-36.04008],[142.16841,-36.03382],[142.17257,-36.03382],[142.17259,-36.0187],[142.16848,-36.01869],[142.16844,-35.99787],[142.23898,-35.99786],[142.23904,-35.86831],[141.99718,-35.86753],[141.99598,-35.82457],[141.99952,-35.79784],[142.00838,-35.77421],[142.01016,-35.75521],[142.008,-35.73374],[141.99884,-35.71611],[141.99215,-35.71068],[141.99744,-35.71071],[141.99493,-35.64386],[141.9975,-35.63956],[141.99749,-35.46344],[142.08146,-35.46461],[142.09138,-35.46933],[142.10062,-35.46632],[142.11553,-35.46975],[142.12683,-35.47284],[142.13141,-35.47821],[142.14225,-35.48006],[142.15154,-35.47649],[142.16686,-35.47843],[142.16852,-35.44984],[142.20684,-35.45008],[142.17365,-35.37586],[142.18215,-35.36694],[142.17418,-35.36239],[142.17903,-35.35399],[142.19907,-35.35373],[142.1922,-35.34266],[142.182,-35.33434],[142.18374,-35.32948],[142.18126,-35.32224],[142.18895,-35.32257],[142.19511,-35.31314],[142.20074,-35.31505],[142.22242,-35.31093],[142.24394,-35.31094],[142.24491,-35.30745],[142.25721,-35.2998],[142.28942,-35.29085],[142.29132,-35.29549],[142.30124,-35.29357],[142.3144,-35.29736],[142.36383,-35.29214],[142.37416,-35.29699],[142.40338,-35.29538],[142.40331,-35.30293],[142.4117,-35.30382],[142.53578,-35.30267],[142.53533,-35.38671],[142.54386,-35.38682],[142.54349,-35.47586],[142.72247,-35.47527],[142.72154,-35.73602],[142.60101,-35.73642],[142.60078,-35.99782],[142.60442,-35.99782],[142.60425,-36.12043],[142.63161,-36.12045],[142.6316,-36.12544],[142.6809,-36.09624],[142.6809,-36.10002],[142.73202,-36.10334],[142.72785,-36.14778],[142.7434,-36.14778],[142.74253,-36.15272],[142.74784,-36.15334],[142.74602,-36.16375],[142.7366,-36.16558],[142.73567,-36.18299],[142.7321,-36.18312],[142.73214,-36.20968],[142.72516,-36.20968],[142.72805,-36.23943],[142.72211,-36.23943],[142.7221,-36.26247],[142.74308,-36.26476],[142.74013,-36.28275],[142.72725,-36.28138],[142.7256,-36.29152],[142.72186,-36.29112],[142.71924,-36.3072],[142.73156,-36.2985],[142.73156,-36.37572],[142.73496,-36.37602],[142.74296,-36.39305],[142.73181,-36.39745],[142.73182,-36.40522],[142.79855,-36.40804],[142.79862,-36.43754],[142.81678,-36.4375],[142.81684,-36.45958],[142.79877,-36.45946],[142.79866,-36.47324],[142.78937,-36.47324],[142.7894,-36.49587],[142.73189,-36.49767],[142.73161,-36.55063],[142.767,-36.56226],[142.78269,-36.57223],[142.81638,-36.57232],[142.81641,-36.59424],[142.80449,-36.61329],[142.80646,-36.61497],[142.79467,-36.6395],[142.76387,-36.65672],[142.7141,-36.72102],[142.71193,-36.73576],[142.73155,-36.76135],[142.46982,-36.76139],[142.47708,-36.75721],[142.46878,-36.74835],[142.46248,-36.73504],[142.45358,-36.72929],[142.44061,-36.72682],[142.42824,-36.71865],[142.42161,-36.71319],[142.42092,-36.70676],[142.4122,-36.7071],[142.40807,-36.70059],[142.40033,-36.69941],[142.39883,-36.69315],[142.40227,-36.6897],[142.3959,-36.68304],[142.39622,-36.67846],[142.38238,-36.67279],[142.3855,-36.66625],[142.38264,-36.65745],[142.37017,-36.64579],[142.37186,-36.61361],[142.37889,-36.60607]]]},"properties":{"lga_name":"YARRIAMBIACK","lga_official_name":"YARRIAMBIACK SHIRE"}},{"type":"Feature","geometry":{"type":"Polygon","coordinates":[[[141.4998,-37.25683],[141.50451,-37.25631],[141.50642,-37.26049],[141.51088,-37.26066],[141.52352,-37.27497],[141.51835,-37.28065],[141.52619,-37.28448],[141.52482,-37.29016],[141.52983,-37.29112],[141.53145,-37.29763],[141.43151,-37.29752],[141.43155,-37.37229],[141.22101,-37.34869],[141.21685,-37.35248],[141.22089,-37.36456],[141.24848,-37.36923],[141.25073,-37.37411],[141.26156,-37.37692],[141.26615,-37.38247],[141.27416,-37.38529],[141.27223,-37.39224],[141.28052,-37.3945],[141.27149,-37.40298],[141.27395,-37.40693],[141.27102,-37.41042],[141.27469,-37.41221],[141.27044,-37.41407],[141.26864,-37.42202],[141.25971,-37.42101],[141.25872,-37.42655],[141.26385,-37.43008],[141.16824,-37.41987],[141.09726,-37.44987],[141.04641,-37.40185],[141.02379,-37.39136],[141.00364,-37.37758],[140.99224,-37.37413],[140.97329,-37.35831],[140.96311,-35.74852],[141.33291,-35.74852],[141.33541,-35.90512],[141.35406,-35.91295],[141.37402,-35.94366],[141.3794,-36.00481],[141.35266,-36.00825],[141.33613,-35.99786],[141.25443,-35.99682],[141.24895,-36.06351],[141.22661,-36.18767],[141.40376,-36.20628],[141.40287,-36.21171],[141.41205,-36.22141],[141.41154,-36.22887],[141.40028,-36.22777],[141.37907,-36.35971],[141.49718,-36.37215],[141.49602,-36.37927],[141.48636,-36.37822],[141.48425,-36.39145],[141.47974,-36.42733],[141.48378,-36.42776],[141.47788,-36.46485],[141.48446,-36.46555],[141.47396,-36.53109],[141.72684,-36.5577],[141.72869,-36.54445],[141.83768,-36.55428],[141.82624,-36.62868],[141.82104,-36.62817],[141.81613,-36.65979],[141.74084,-36.65216],[141.73034,-36.73334],[141.71779,-36.80103],[141.70211,-36.7995],[141.70064,-36.80918],[141.70355,-36.80947],[141.70264,-36.84982],[141.71193,-36.85073],[141.70659,-36.88383],[141.6839,-36.88164],[141.6834,-36.88505],[141.6688,-36.88369],[141.65767,-36.95564],[141.77946,-36.96726],[141.77392,-36.97205],[141.78578,-36.97961],[141.79231,-36.98022],[141.79106,-36.98901],[141.78628,-36.98854],[141.78094,-37.0228],[141.77179,-37.02191],[141.77062,-37.02699],[141.78083,-37.02802],[141.77827,-37.04508],[141.78084,-37.04532],[141.76521,-37.14904],[141.77038,-37.15147],[141.7771,-37.17558],[141.77368,-37.17244],[141.77221,-37.17668],[141.77597,-37.17995],[141.75273,-37.17319],[141.75129,-37.17894],[141.74685,-37.17779],[141.74682,-37.17363],[141.74042,-37.17525],[141.74332,-37.18121],[141.72899,-37.17869],[141.7276,-37.1809],[141.73141,-37.18201],[141.72473,-37.18801],[141.71906,-37.18346],[141.71743,-37.18596],[141.71518,-37.18342],[141.70565,-37.18442],[141.70612,-37.18061],[141.70059,-37.17782],[141.70289,-37.17483],[141.69857,-37.17427],[141.69202,-37.16482],[141.68943,-37.16796],[141.68717,-37.16428],[141.68405,-37.16679],[141.68023,-37.16177],[141.67177,-37.16096],[141.66845,-37.1573],[141.67237,-37.15226],[141.66754,-37.15544],[141.64013,-37.15926],[141.63987,-37.16543],[141.63413,-37.16422],[141.63171,-37.15527],[141.62262,-37.16666],[141.61657,-37.16393],[141.61484,-37.16944],[141.60917,-37.16394],[141.59721,-37.16122],[141.59407,-37.1694],[141.58632,-37.17359],[141.57619,-37.18811],[141.56738,-37.18967],[141.54443,-37.2021],[141.52891,-37.20425],[141.51587,-37.21109],[141.50827,-37.20974],[141.50025,-37.2178],[141.49174,-37.22015],[141.491,-37.22351],[141.49615,-37.22661],[141.48977,-37.23524],[141.49253,-37.23772],[141.49509,-37.23452],[141.49699,-37.23829],[141.49013,-37.24301],[141.48956,-37.24667],[141.4998,-37.25683]]]},"properties":{"lga_name":"WEST WIMMERA","lga_official_name":"WEST WIMMERA SHIRE"}},{"type":"Feature","geometry":{"type":"Polygon","coordinates":[[[142.36326,-37.57474],[142.35516,-37.58711],[142.35349,-37.59797],[142.58712,-37.62696],[142.58726,-37.63596],[142.61878,-37.64683],[142.61907,-37.67403],[142.61566,-37.68936],[142.60176,-37.69956],[142.59478,-37.71878],[142.59616,-37.74076],[142.59017,-37.7651],[142.5933,-37.77587],[142.6083,-37.7853],[142.61262,-37.79163],[142.61473,-37.81033],[142.55254,-37.80132],[142.54847,-37.82135],[142.53386,-37.82694],[142.53071,-37.84303],[142.46669,-37.83491],[142.45014,-37.91842],[142.43967,-37.91527],[142.43257,-37.90932],[142.42363,-37.9092],[142.40901,-37.89815],[142.41361,-37.93222],[142.21445,-37.93452],[142.21379,-37.93732],[142.1886,-37.93714],[142.17847,-37.94102],[142.17872,-37.94457],[142.17464,-37.94616],[142.16732,-37.94514],[142.16222,-37.94001],[142.16182,-37.94421],[142.15481,-37.94668],[142.15481,-37.9519],[142.13578,-37.94998],[142.13675,-37.9541],[142.13381,-37.95655],[142.11277,-37.95686],[142.11461,-37.94695],[142.03123,-37.94823],[142.01738,-37.95808],[142.0104,-37.95588],[142.0061,-37.95951],[141.99656,-37.95895],[141.98605,-37.97099],[141.97153,-37.97299],[141.96574,-37.97101],[141.95948,-37.97319],[141.9318,-37.96216],[141.91526,-37.96386],[141.88467,-37.94253],[141.87474,-37.94105],[141.86627,-37.92879],[141.89448,-37.92309],[141.89448,-37.91196],[141.91505,-37.91186],[141.91901,-37.88623],[141.90133,-37.88628],[141.88411,-37.88277],[141.87813,-37.87834],[141.85573,-37.87669],[141.82852,-37.86831],[141.82702,-37.87818],[141.83131,-37.89276],[141.79012,-37.8887],[141.77902,-37.90033],[141.73223,-37.89534],[141.72576,-37.846],[141.72616,-37.83304],[141.73394,-37.80762],[141.72571,-37.7733],[141.72679,-37.76725],[141.72108,-37.76463],[141.71678,-37.75765],[141.72376,-37.71628],[141.71514,-37.71053],[141.71218,-37.71251],[141.71043,-37.70459],[141.70316,-37.70391],[141.70044,-37.69879],[141.69182,-37.70177],[141.68851,-37.69441],[141.69068,-37.68787],[141.68228,-37.6855],[141.68731,-37.68049],[141.6769,-37.67428],[141.66684,-37.67698],[141.6633,-37.66411],[141.65677,-37.66558],[141.65711,-37.6619],[141.65152,-37.66102],[141.65436,-37.65736],[141.65004,-37.65551],[141.65061,-37.65156],[141.6431,-37.65282],[141.64775,-37.65022],[141.64466,-37.64517],[141.63482,-37.6436],[141.6261,-37.64747],[141.62214,-37.64272],[141.62574,-37.64016],[141.62398,-37.63873],[141.61468,-37.64246],[141.61171,-37.63798],[141.60888,-37.64536],[141.60746,-37.64182],[141.60073,-37.6396],[141.60003,-37.64597],[141.59655,-37.64222],[141.58746,-37.64447],[141.58374,-37.64085],[141.58826,-37.63244],[141.58105,-37.62753],[141.58591,-37.62353],[141.58136,-37.62454],[141.58304,-37.61971],[141.57933,-37.62216],[141.57516,-37.61913],[141.57395,-37.61244],[141.56954,-37.61258],[141.56929,-37.60985],[141.55724,-37.61697],[141.55056,-37.61333],[141.54778,-37.61502],[141.54091,-37.61312],[141.54195,-37.6098],[141.53871,-37.61022],[141.5359,-37.60454],[141.52443,-37.60172],[141.53303,-37.59719],[141.54042,-37.59894],[141.54542,-37.5897],[141.54317,-37.58063],[141.51425,-37.56078],[141.51821,-37.55528],[141.53393,-37.55144],[141.54591,-37.54057],[141.5418,-37.51785],[141.52953,-37.50465],[141.52556,-37.49458],[141.52747,-37.48874],[141.5247,-37.48507],[141.52516,-37.4757],[141.5374,-37.45782],[141.48667,-37.45246],[141.4993,-37.38016],[141.43155,-37.37229],[141.43151,-37.29752],[141.53145,-37.29763],[141.52983,-37.29112],[141.52482,-37.29016],[141.52619,-37.28448],[141.51835,-37.28065],[141.52352,-37.27497],[141.51088,-37.26066],[141.50642,-37.26049],[141.50451,-37.25631],[141.49885,-37.2568],[141.48956,-37.24667],[141.49013,-37.24301],[141.49699,-37.23829],[141.49509,-37.23452],[141.49253,-37.23772],[141.48977,-37.23524],[141.49615,-37.22661],[141.491,-37.22351],[141.49133,-37.22069],[141.50025,-37.2178],[141.50827,-37.20974],[141.51587,-37.21109],[141.52891,-37.20425],[141.54443,-37.2021],[141.56738,-37.18967],[141.57619,-37.18811],[141.58632,-37.17359],[141.59407,-37.1694],[141.59721,-37.16122],[141.60917,-37.16394],[141.61484,-37.16944],[141.61657,-37.16393],[141.62262,-37.16666],[141.63171,-37.15527],[141.63413,-37.16422],[141.63987,-37.16543],[141.64013,-37.15926],[141.66754,-37.15544],[141.67237,-37.15226],[141.66845,-37.1573],[141.67177,-37.16096],[141.68023,-37.16177],[141.68405,-37.16679],[141.68717,-37.16428],[141.68943,-37.16796],[141.69202,-37.16482],[141.69857,-37.17427],[141.70289,-37.17483],[141.70059,-37.17782],[141.70612,-37.18061],[141.70565,-37.18442],[141.71518,-37.18342],[141.71743,-37.18596],[141.71906,-37.18346],[141.72458,-37.188],[141.73141,-37.18201],[141.7276,-37.1809],[141.72922,-37.1786],[141.74345,-37.18114],[141.74158,-37.1747],[141.74712,-37.17374],[141.74685,-37.17779],[141.75096,-37.17897],[141.75273,-37.17319],[141.76304,-37.17472],[141.76777,-37.1794],[141.77534,-37.18028],[141.77221,-37.17668],[141.77328,-37.17263],[141.77794,-37.1767],[141.78096,-37.1742],[141.7768,-37.17183],[141.78647,-37.16878],[141.78548,-37.17412],[141.7935,-37.17263],[141.79539,-37.17538],[141.80063,-37.17169],[141.80077,-37.16666],[141.80278,-37.1703],[141.80627,-37.16948],[141.80596,-37.17407],[141.81075,-37.17733],[141.81464,-37.17432],[141.8116,-37.1681],[141.82104,-37.17401],[141.82586,-37.16897],[141.83279,-37.17201],[141.83992,-37.16839],[141.84235,-37.16606],[141.8347,-37.15762],[141.84056,-37.1525],[141.85306,-37.14775],[141.85804,-37.14909],[141.8591,-37.14577],[141.86484,-37.14945],[141.88186,-37.14567],[141.89324,-37.13734],[141.90888,-37.13483],[141.90788,-37.12652],[141.90348,-37.12356],[141.91027,-37.11345],[141.91588,-37.1152],[141.92548,-37.12513],[141.92345,-37.13857],[141.92839,-37.14514],[141.92418,-37.15231],[141.92824,-37.16184],[141.93472,-37.1663],[141.92793,-37.16945],[141.93529,-37.17077],[141.93005,-37.17956],[141.9193,-37.18281],[141.91972,-37.18614],[141.91171,-37.18983],[141.91048,-37.19827],[141.91295,-37.2022],[141.92057,-37.20319],[141.92128,-37.19829],[141.93827,-37.20007],[141.9372,-37.20653],[141.94505,-37.2107],[141.95346,-37.20873],[141.98925,-37.21241],[141.99977,-37.22432],[142.03968,-37.22403],[142.06457,-37.21852],[142.07968,-37.22358],[142.08873,-37.2126],[142.08457,-37.20527],[142.09231,-37.17075],[142.10911,-37.16272],[142.10789,-37.13047],[142.11449,-37.11204],[142.13013,-37.10945],[142.14133,-37.11188],[142.16364,-37.10583],[142.17732,-37.10761],[142.18754,-37.11278],[142.20197,-37.09501],[142.20208,-37.08861],[142.20626,-37.08728],[142.2119,-37.09081],[142.21612,-37.10071],[142.21554,-37.11101],[142.22138,-37.11517],[142.22194,-37.11989],[142.23391,-37.12433],[142.23478,-37.13817],[142.24056,-37.14212],[142.24102,-37.14991],[142.25916,-37.15721],[142.27532,-37.1698],[142.32876,-37.19919],[142.35571,-37.21924],[142.35883,-37.2255],[142.39203,-37.23177],[142.40347,-37.23737],[142.4231,-37.26008],[142.45513,-37.26543],[142.46563,-37.28158],[142.5014,-37.29254],[142.51635,-37.29321],[142.51421,-37.30572],[142.50506,-37.31843],[142.50049,-37.31999],[142.49377,-37.36985],[142.48715,-37.38116],[142.48341,-37.38217],[142.47801,-37.40092],[142.4593,-37.42086],[142.45231,-37.43339],[142.44662,-37.43383],[142.43421,-37.44432],[142.43614,-37.44881],[142.42681,-37.45834],[142.42697,-37.46769],[142.41867,-37.47068],[142.41854,-37.47593],[142.4072,-37.48896],[142.39293,-37.4933],[142.37971,-37.50945],[142.36433,-37.54431],[142.36597,-37.55967],[142.36922,-37.56325],[142.36326,-37.57474]]]},"properties":{"lga_name":"SOUTHERN GRAMPIANS","lga_official_name":"SOUTHERN GRAMPIANS SHIRE"}},{"type":"Feature","geometry":{"type":"Polygon","coordinates":[[[147.24173,-36.86702],[147.24776,-36.86612],[147.24186,-36.86406],[147.24098,-36.85912],[147.24839,-36.84894],[147.24522,-36.84354],[147.25724,-36.84189],[147.25838,-36.83641],[147.27384,-36.84636],[147.27765,-36.859],[147.28801,-36.86195],[147.29244,-36.87446],[147.28367,-36.87874],[147.27143,-36.87742],[147.26215,-36.88319],[147.24488,-36.88343],[147.23631,-36.87285],[147.24121,-36.87101],[147.23945,-36.86811],[147.24173,-36.86702]]]},"properties":{"lga_name":"FALLS CREEK ALPINE RESORT (UNINC)","lga_official_name":"FALLS CREEK ALPINE RESORT (UNINCORPORATED)"}},{"type":"Feature","geometry":{"type":"Polygon","coordinates":[[[146.46042,-37.12998],[146.47114,-37.13733],[146.49275,-37.14382],[146.4862,-37.15106],[146.48031,-37.15077],[146.47915,-37.16184],[146.43202,-37.16461],[146.41392,-37.14667],[146.41781,-37.13894],[146.43457,-37.13636],[146.43371,-37.13128],[146.43963,-37.11937],[146.42797,-37.11625],[146.42707,-37.12004],[146.42329,-37.12031],[146.41636,-37.11434],[146.39583,-37.10941],[146.41564,-37.10924],[146.42192,-37.11261],[146.44316,-37.11506],[146.46042,-37.12998]]]},"properties":{"lga_name":"MOUNT BULLER ALPINE RESORT (UNINC)","lga_official_name":"MOUNT BULLER ALPINE RESORT (UNINCORPORATED)"}},{"type":"Feature","geometry":{"type":"Polygon","coordinates":[[[146.25004,-36.73382],[146.24959,-36.72643],[146.24476,-36.71979],[146.23098,-36.7167],[146.23518,-36.69723],[146.21277,-36.65484],[146.21817,-36.63009],[146.22166,-36.6265],[146.21927,-36.62594],[146.22534,-36.59963],[146.21095,-36.5977],[146.21276,-36.58948],[146.19495,-36.58756],[146.19503,-36.56358],[146.19993,-36.562],[146.1999,-36.54202],[146.19516,-36.54203],[146.19525,-36.52296],[146.20222,-36.51992],[146.20217,-36.50906],[146.20873,-36.50902],[146.20981,-36.50269],[146.18468,-36.48612],[146.17587,-36.47289],[146.22465,-36.44894],[146.20455,-36.41127],[146.2103,-36.40954],[146.21947,-36.35715],[146.20422,-36.36459],[146.20421,-36.34558],[146.19705,-36.33425],[146.19377,-36.33741],[146.18098,-36.3376],[146.18106,-36.29748],[146.14713,-36.29919],[146.13145,-36.28342],[146.13106,-36.18654],[146.22363,-36.18686],[146.22093,-36.18296],[146.23406,-36.18298],[146.23329,-36.18851],[146.23663,-36.19064],[146.23911,-36.18184],[146.24566,-36.17785],[146.24267,-36.17],[146.24527,-36.16763],[146.23657,-36.17131],[146.229,-36.16882],[146.23566,-36.1643],[146.23565,-36.15368],[146.23907,-36.15183],[146.23692,-36.14698],[146.24047,-36.14771],[146.23814,-36.14006],[146.24302,-36.13998],[146.23899,-36.13587],[146.2421,-36.13419],[146.23923,-36.13021],[146.23109,-36.12833],[146.22861,-36.1316],[146.20519,-36.12528],[146.20601,-36.11333],[146.21562,-36.11484],[146.2137,-36.1085],[146.21688,-36.1072],[146.20539,-36.10469],[146.21044,-36.10264],[146.20958,-36.09924],[146.21257,-36.09833],[146.21029,-36.09652],[146.21505,-36.09873],[146.21649,-36.09662],[146.2145,-36.09201],[146.2104,-36.09198],[146.21517,-36.08924],[146.2135,-36.08774],[146.19659,-36.08526],[146.2012,-36.08029],[146.20279,-36.06959],[146.27798,-36.07766],[146.2766,-36.08491],[146.29477,-36.08753],[146.28419,-36.14225],[146.50104,-36.16866],[146.50188,-36.17099],[146.50982,-36.16852],[146.52329,-36.17151],[146.52199,-36.17759],[146.5402,-36.18325],[146.53625,-36.18674],[146.53147,-36.18608],[146.5252,-36.21518],[146.53568,-36.22828],[146.53445,-36.2315],[146.52164,-36.23468],[146.51254,-36.24667],[146.57156,-36.2536],[146.55797,-36.32881],[146.57054,-36.32569],[146.57695,-36.31875],[146.59004,-36.31657],[146.59583,-36.31139],[146.61895,-36.3081],[146.62241,-36.30063],[146.63497,-36.30343],[146.6354,-36.30625],[146.62812,-36.31117],[146.62565,-36.32445],[146.62227,-36.32499],[146.61987,-36.33699],[146.62395,-36.33759],[146.62034,-36.35186],[146.61352,-36.35786],[146.61707,-36.3585],[146.61097,-36.36695],[146.61322,-36.37215],[146.60426,-36.38114],[146.61401,-36.38125],[146.61186,-36.39614],[146.61681,-36.39539],[146.63123,-36.40446],[146.64347,-36.40224],[146.6429,-36.40588],[146.65529,-36.40964],[146.66635,-36.40867],[146.68786,-36.4216],[146.68903,-36.41712],[146.69388,-36.41775],[146.6954,-36.41317],[146.725,-36.41869],[146.72578,-36.45922],[146.71945,-36.47705],[146.71085,-36.48186],[146.69554,-36.47986],[146.68885,-36.48381],[146.68133,-36.48346],[146.67139,-36.49153],[146.65752,-36.48799],[146.65634,-36.49057],[146.65117,-36.48978],[146.64826,-36.49099],[146.64667,-36.49997],[146.64343,-36.49957],[146.64264,-36.50412],[146.6488,-36.50484],[146.64752,-36.51158],[146.63434,-36.52252],[146.64391,-36.52836],[146.64835,-36.52476],[146.65454,-36.52716],[146.656,-36.52025],[146.66155,-36.5237],[146.67156,-36.53809],[146.66847,-36.53584],[146.66583,-36.54004],[146.66107,-36.53907],[146.65822,-36.55287],[146.6709,-36.55844],[146.67048,-36.56887],[146.66288,-36.57276],[146.64807,-36.58973],[146.6491,-36.6012],[146.64468,-36.61404],[146.63671,-36.62254],[146.62183,-36.63051],[146.62312,-36.63925],[146.61868,-36.64221],[146.61553,-36.65306],[146.62261,-36.67188],[146.63107,-36.67874],[146.63087,-36.68276],[146.62453,-36.68501],[146.62587,-36.68705],[146.61878,-36.69825],[146.6087,-36.704],[146.60538,-36.71079],[146.6002,-36.71082],[146.56646,-36.74112],[146.63149,-36.80529],[146.64256,-36.81281],[146.63781,-36.84674],[146.62571,-36.85657],[146.63499,-36.8683],[146.64391,-36.86977],[146.64193,-36.88188],[146.64553,-36.89135],[146.64011,-36.91032],[146.6504,-36.92604],[146.6436,-36.93515],[146.65367,-36.94779],[146.65459,-36.97013],[146.67233,-36.98276],[146.67396,-37.11288],[146.65232,-37.11641],[146.64915,-37.12376],[146.63884,-37.12728],[146.64705,-37.16315],[146.33572,-36.95297],[146.31699,-36.95313],[146.315,-36.94832],[146.30389,-36.9484],[146.29232,-36.94181],[146.28954,-36.93551],[146.27714,-36.93141],[146.28082,-36.92308],[146.27248,-36.91017],[146.26879,-36.91198],[146.25534,-36.90593],[146.25896,-36.887],[146.24294,-36.86955],[146.24655,-36.84827],[146.25124,-36.83999],[146.24733,-36.81599],[146.24838,-36.80107],[146.23974,-36.77719],[146.24447,-36.76581],[146.24337,-36.75832],[146.25093,-36.75502],[146.2501,-36.74829],[146.25453,-36.74379],[146.25004,-36.73382]]]},"properties":{"lga_name":"WANGARATTA","lga_official_name":"WANGARATTA RURAL CITY"}},{"type":"Feature","geometry":{"type":"Polygon","coordinates":[[[145.20817,-38.38122],[145.21654,-38.38434],[145.21809,-38.39348],[145.22224,-38.39821],[145.22888,-38.39934],[145.22943,-38.40445],[145.23468,-38.40582],[145.23477,-38.40938],[145.20477,-38.40501],[145.18604,-38.39848],[145.13069,-38.39106],[145.11688,-38.39541],[145.11211,-38.40107],[145.09448,-38.40389],[145.0785,-38.41779],[145.07737,-38.4225],[145.08053,-38.42375],[145.07694,-38.42802],[145.06961,-38.42544],[145.0588,-38.429],[145.05844,-38.43351],[145.05337,-38.42999],[145.04876,-38.43514],[145.04463,-38.4325],[145.04724,-38.43375],[145.04728,-38.4396],[145.03978,-38.44464],[145.04095,-38.44779],[145.03302,-38.45614],[145.03406,-38.46392],[145.02571,-38.47484],[145.02957,-38.47506],[145.02563,-38.47558],[145.02591,-38.47985],[145.03314,-38.48461],[145.03127,-38.48707],[145.02663,-38.48318],[145.01834,-38.48375],[145.01178,-38.47988],[144.99373,-38.48636],[144.98358,-38.4859],[144.97568,-38.49109],[144.96466,-38.48674],[144.94922,-38.48914],[144.94253,-38.49072],[144.94285,-38.49537],[144.92792,-38.49605],[144.92387,-38.49956],[144.91812,-38.4971],[144.91934,-38.49456],[144.91398,-38.49393],[144.91338,-38.48996],[144.90293,-38.49027],[144.892,-38.49309],[144.88793,-38.49992],[144.88368,-38.49107],[144.8867,-38.47699],[144.87199,-38.45959],[144.83752,-38.42965],[144.76735,-38.37425],[144.75321,-38.36772],[144.75269,-38.364],[144.74337,-38.35929],[144.74195,-38.35384],[144.73649,-38.35417],[144.73032,-38.34777],[144.69183,-38.32998],[144.65121,-38.30226],[144.66734,-38.30815],[144.67982,-38.30506],[144.70801,-38.31791],[144.71861,-38.31773],[144.73415,-38.32256],[144.73915,-38.32467],[144.74013,-38.33257],[144.7457,-38.33594],[144.74476,-38.33866],[144.76349,-38.34824],[144.76263,-38.35226],[144.76721,-38.35626],[144.81558,-38.36845],[144.82234,-38.36875],[144.82299,-38.3655],[144.8225,-38.36877],[144.82835,-38.37007],[144.85554,-38.36772],[144.9083,-38.35304],[144.90725,-38.34948],[144.90859,-38.35289],[144.9196,-38.35036],[144.96849,-38.33017],[144.98888,-38.3162],[144.99382,-38.30525],[144.98284,-38.2964],[144.99973,-38.27751],[145.00131,-38.27087],[145.01032,-38.26836],[145.02551,-38.25341],[145.02826,-38.24663],[145.02527,-38.22699],[145.03142,-38.22368],[145.03238,-38.21261],[145.03515,-38.2114],[145.03504,-38.21498],[145.04426,-38.21388],[145.06197,-38.20094],[145.07821,-38.17368],[145.08378,-38.17121],[145.08827,-38.16355],[145.09791,-38.16258],[145.12876,-38.20007],[145.13353,-38.19565],[145.15259,-38.1945],[145.15929,-38.18173],[145.18186,-38.19908],[145.21577,-38.20064],[145.21483,-38.20827],[145.22802,-38.21989],[145.2547,-38.22367],[145.25246,-38.22579],[145.25553,-38.2262],[145.25575,-38.23233],[145.25203,-38.23119],[145.25234,-38.23329],[145.26176,-38.24292],[145.25035,-38.24689],[145.25135,-38.24889],[145.22608,-38.27264],[145.22184,-38.28067],[145.22257,-38.29318],[145.2261,-38.29355],[145.22405,-38.305],[145.22874,-38.3067],[145.2278,-38.30906],[145.22406,-38.30533],[145.2241,-38.31519],[145.21294,-38.30926],[145.21293,-38.30491],[145.2058,-38.30427],[145.20388,-38.29947],[145.19556,-38.3027],[145.20052,-38.3117],[145.19855,-38.31557],[145.19539,-38.31386],[145.19806,-38.32098],[145.19602,-38.32353],[145.19152,-38.3206],[145.19757,-38.33294],[145.20909,-38.34316],[145.2147,-38.34229],[145.21843,-38.34793],[145.22709,-38.34636],[145.22794,-38.356],[145.22437,-38.3562],[145.22381,-38.35005],[145.21816,-38.35015],[145.21316,-38.35771],[145.2148,-38.36874],[145.22071,-38.37327],[145.22541,-38.3728],[145.22151,-38.37824],[145.21534,-38.37982],[145.20207,-38.37386],[145.20025,-38.36803],[145.19532,-38.36481],[145.19275,-38.36517],[145.19259,-38.37288],[145.18454,-38.37226],[145.18436,-38.37496],[145.20817,-38.38122]]]},"properties":{"lga_name":"MORNINGTON PENINSULA","lga_official_name":"MORNINGTON PENINSULA SHIRE"}},{"type":"Feature","geometry":{"type":"Polygon","coordinates":[[[147.17952,-36.31166],[147.18628,-36.32358],[147.19441,-36.32993],[147.19736,-36.33978],[147.18524,-36.35032],[147.17768,-36.35251],[147.17358,-36.35866],[147.16632,-36.35938],[147.16409,-36.36464],[147.16745,-36.3715],[147.16127,-36.38014],[147.16896,-36.39358],[147.15998,-36.40844],[147.15467,-36.43506],[147.14679,-36.44225],[147.144,-36.45068],[147.12576,-36.44997],[147.12081,-36.42498],[147.0906,-36.42092],[147.08362,-36.4229],[147.08152,-36.41782],[147.04616,-36.42733],[147.04754,-36.41717],[147.03741,-36.41648],[147.03969,-36.40832],[147.03586,-36.40447],[147.04009,-36.40165],[147.03898,-36.39769],[147.04571,-36.39483],[147.01757,-36.39268],[146.93477,-36.4083],[146.93301,-36.41756],[146.92237,-36.41625],[146.92083,-36.42454],[146.91464,-36.42365],[146.9146,-36.43011],[146.90211,-36.4306],[146.89726,-36.4352],[146.89199,-36.43503],[146.88148,-36.4543],[146.86484,-36.45216],[146.86897,-36.44469],[146.85266,-36.44258],[146.85093,-36.45134],[146.80353,-36.44664],[146.80332,-36.45137],[146.72578,-36.45922],[146.725,-36.41869],[146.6954,-36.41317],[146.69388,-36.41775],[146.68903,-36.41712],[146.68786,-36.4216],[146.66635,-36.40867],[146.65529,-36.40964],[146.6429,-36.40588],[146.64347,-36.40224],[146.63123,-36.40446],[146.61681,-36.39539],[146.61186,-36.39614],[146.61401,-36.38125],[146.60426,-36.38114],[146.61322,-36.37215],[146.61097,-36.36695],[146.61707,-36.3585],[146.61352,-36.35786],[146.62034,-36.35186],[146.62395,-36.33759],[146.61987,-36.33699],[146.62227,-36.32499],[146.62565,-36.32445],[146.62812,-36.31117],[146.6354,-36.30625],[146.63327,-36.30144],[146.62241,-36.30063],[146.61895,-36.3081],[146.59583,-36.31139],[146.59004,-36.31657],[146.57695,-36.31875],[146.57054,-36.32569],[146.55797,-36.32881],[146.57156,-36.2536],[146.51254,-36.24667],[146.52164,-36.23468],[146.53445,-36.2315],[146.53568,-36.22828],[146.5252,-36.21518],[146.53147,-36.18608],[146.53625,-36.18674],[146.5402,-36.18325],[146.52199,-36.17759],[146.52329,-36.17151],[146.50982,-36.16852],[146.50188,-36.17099],[146.50104,-36.16866],[146.28419,-36.14225],[146.29477,-36.08753],[146.2766,-36.08491],[146.27798,-36.07766],[146.20279,-36.06959],[146.20136,-36.06451],[146.19493,-36.06391],[146.19808,-36.06084],[146.19855,-36.04447],[146.19362,-36.0448],[146.19292,-36.04761],[146.18553,-36.04556],[146.1799,-36.05142],[146.17547,-36.03818],[146.1769,-36.034],[146.18079,-36.0334],[146.17857,-36.0384],[146.18708,-36.04172],[146.19994,-36.02727],[146.20407,-36.02869],[146.19909,-36.02855],[146.20011,-36.03337],[146.19685,-36.03609],[146.20391,-36.03894],[146.21195,-36.02829],[146.2161,-36.03319],[146.21194,-36.03378],[146.21045,-36.03856],[146.2207,-36.03636],[146.2231,-36.02961],[146.22829,-36.029],[146.2304,-36.03388],[146.2341,-36.02812],[146.24316,-36.02873],[146.24125,-36.02365],[146.25032,-36.02384],[146.24465,-36.01828],[146.25166,-36.01934],[146.25711,-36.01206],[146.26183,-36.0164],[146.261,-36.0217],[146.26705,-36.02092],[146.26768,-36.02494],[146.27293,-36.02657],[146.27806,-36.02271],[146.27434,-36.02056],[146.27679,-36.01732],[146.27479,-36.01239],[146.28273,-36.01087],[146.27871,-36.01568],[146.28643,-36.0142],[146.29103,-36.02049],[146.28189,-36.02333],[146.28245,-36.02661],[146.29162,-36.02436],[146.29334,-36.02908],[146.28604,-36.03045],[146.2915,-36.0358],[146.28489,-36.03714],[146.28348,-36.0418],[146.2914,-36.03878],[146.29206,-36.04517],[146.29963,-36.0477],[146.30213,-36.04457],[146.29684,-36.04466],[146.29703,-36.03998],[146.30096,-36.03647],[146.30226,-36.04254],[146.30551,-36.04312],[146.3087,-36.03912],[146.31301,-36.04556],[146.31626,-36.03817],[146.3197,-36.04231],[146.32933,-36.04311],[146.33148,-36.03603],[146.32504,-36.03372],[146.33116,-36.02639],[146.33857,-36.02631],[146.34596,-36.0292],[146.34983,-36.04148],[146.35731,-36.04048],[146.36888,-36.05069],[146.37953,-36.04475],[146.37614,-36.03842],[146.38335,-36.03915],[146.38781,-36.03528],[146.37939,-36.02705],[146.38064,-36.01294],[146.38847,-36.00712],[146.39904,-36.00731],[146.39796,-35.99668],[146.40265,-35.9885],[146.41548,-35.984],[146.41181,-35.98139],[146.41492,-35.97898],[146.41372,-35.97562],[146.42034,-35.97818],[146.41892,-35.97322],[146.42511,-35.97294],[146.42119,-35.96672],[146.42565,-35.9637],[146.43759,-35.96738],[146.44241,-35.97633],[146.44776,-35.96457],[146.45364,-35.96215],[146.45621,-35.96648],[146.46126,-35.96489],[146.46194,-35.97057],[146.46967,-35.97614],[146.46539,-35.97963],[146.46651,-35.98388],[146.46992,-35.9807],[146.47281,-35.98368],[146.47662,-35.98189],[146.47868,-35.98467],[146.48682,-35.98517],[146.48819,-35.98972],[146.49242,-35.9909],[146.50028,-35.99018],[146.50395,-35.98654],[146.50187,-35.98279],[146.49715,-35.98588],[146.492,-35.9847],[146.50058,-35.97928],[146.49613,-35.97315],[146.50149,-35.95756],[146.51181,-35.96358],[146.5194,-35.96007],[146.52171,-35.96297],[146.51926,-35.96859],[146.52533,-35.96915],[146.53248,-35.97543],[146.53259,-35.98412],[146.5379,-35.98136],[146.54944,-35.99186],[146.55574,-35.98911],[146.5498,-35.98514],[146.5549,-35.98421],[146.5519,-35.97894],[146.55882,-35.97839],[146.55899,-35.97107],[146.56288,-35.96772],[146.56593,-35.97049],[146.56228,-35.97581],[146.56709,-35.97443],[146.56909,-35.9784],[146.577,-35.97827],[146.58441,-35.98343],[146.58692,-35.98169],[146.58427,-35.97429],[146.59475,-35.97384],[146.59914,-35.97026],[146.60133,-35.97553],[146.60306,-35.9728],[146.6116,-35.97202],[146.61879,-35.97515],[146.61082,-35.97939],[146.61626,-35.98227],[146.60786,-35.98674],[146.61309,-35.99034],[146.61398,-35.99624],[146.61906,-35.99309],[146.6262,-35.99582],[146.62792,-35.99971],[146.63377,-35.99982],[146.63097,-36.00369],[146.64038,-36.00954],[146.64289,-36.00883],[146.6423,-36.00411],[146.64508,-36.0077],[146.6512,-36.0078],[146.65018,-36.01365],[146.65874,-36.01454],[146.65782,-36.01774],[146.65039,-36.01895],[146.65835,-36.02188],[146.65619,-36.02636],[146.6693,-36.02831],[146.66552,-36.02036],[146.66829,-36.01768],[146.67176,-36.0261],[146.67444,-36.02196],[146.68084,-36.02271],[146.68236,-36.02535],[146.67593,-36.02933],[146.683,-36.02993],[146.68011,-36.03445],[146.6858,-36.0405],[146.6894,-36.04066],[146.69511,-36.0344],[146.68994,-36.03011],[146.70753,-36.03603],[146.71016,-36.03447],[146.70829,-36.02956],[146.71553,-36.02631],[146.72212,-36.02859],[146.73218,-36.02381],[146.73266,-36.02661],[146.71999,-36.03496],[146.72092,-36.03964],[146.71162,-36.04595],[146.70575,-36.08733],[146.68639,-36.09641],[146.70556,-36.08876],[146.70247,-36.10633],[146.70659,-36.12573],[146.73385,-36.12249],[146.76795,-36.12902],[146.77487,-36.12754],[146.77398,-36.14013],[146.78125,-36.14104],[146.77875,-36.15497],[146.79047,-36.16501],[146.78107,-36.1782],[146.78415,-36.17862],[146.78303,-36.18432],[146.786,-36.18884],[146.78481,-36.20015],[146.79689,-36.21375],[146.81136,-36.2182],[146.80368,-36.23539],[146.81302,-36.23556],[146.82074,-36.24406],[146.81939,-36.2544],[146.82231,-36.25725],[146.85619,-36.25804],[146.85714,-36.25319],[146.86292,-36.24893],[146.8842,-36.24041],[146.89065,-36.2344],[146.8991,-36.23279],[146.90567,-36.23544],[146.9102,-36.22736],[146.91938,-36.22205],[146.93902,-36.23776],[146.94755,-36.22901],[146.96084,-36.24469],[147.00126,-36.22896],[146.99677,-36.22698],[146.99935,-36.22514],[146.99598,-36.22055],[147.00046,-36.21536],[146.99699,-36.2102],[147.00215,-36.21084],[147.00289,-36.20716],[147.02444,-36.20905],[147.02527,-36.20398],[147.03274,-36.20502],[147.03683,-36.1848],[147.06764,-36.18873],[147.07052,-36.19342],[147.076,-36.19102],[147.07601,-36.19521],[147.08092,-36.19786],[147.07937,-36.20171],[147.08371,-36.20217],[147.08101,-36.20656],[147.08626,-36.20954],[147.08643,-36.21393],[147.09378,-36.21346],[147.1011,-36.21876],[147.0972,-36.23241],[147.10883,-36.23424],[147.10837,-36.242],[147.11467,-36.24286],[147.12241,-36.25495],[147.14359,-36.25853],[147.15547,-36.28096],[147.17014,-36.29036],[147.16871,-36.29751],[147.17485,-36.29965],[147.17952,-36.31166]]]},"properties":{"lga_name":"INDIGO","lga_official_name":"INDIGO SHIRE"}},{"type":"Feature","geometry":{"type":"Polygon","coordinates":[[[144.1009,-38.11085],[144.10589,-38.10045],[144.08888,-38.10963],[144.06394,-38.10919],[144.06504,-38.11269],[144.05817,-38.11236],[144.05193,-38.11756],[144.04434,-38.11236],[144.03439,-38.11367],[144.03361,-38.11679],[144.02787,-38.11729],[144.02719,-38.12318],[144.01546,-38.12439],[144.01084,-38.11721],[143.99734,-38.11595],[143.99317,-38.12517],[143.97933,-38.13027],[143.97558,-38.12698],[143.97135,-38.12842],[143.96455,-38.12013],[143.96151,-38.1198],[143.96016,-38.12387],[143.95382,-38.12256],[143.9493,-38.11499],[143.92077,-38.11457],[143.91481,-38.10898],[143.90918,-38.10902],[143.90848,-38.10449],[143.90084,-38.13852],[143.80966,-38.12779],[143.81081,-38.12053],[143.82198,-38.10421],[143.82434,-38.09171],[143.82848,-38.0922],[143.82463,-38.08087],[143.81855,-38.08012],[143.82957,-38.02232],[143.76556,-38.01949],[143.73566,-38.02726],[143.67242,-38.02939],[143.62892,-38.02339],[143.6308,-38.01794],[143.62815,-38.01632],[143.63266,-38.01632],[143.63342,-38.0126],[143.65038,-38.01325],[143.65591,-38.01141],[143.65631,-38.00766],[143.65121,-38.00593],[143.65356,-37.99896],[143.64644,-37.99194],[143.64692,-37.98714],[143.6381,-37.98474],[143.63716,-37.98129],[143.63422,-37.98566],[143.62966,-37.9812],[143.62183,-37.98185],[143.62094,-37.97865],[143.62442,-37.97818],[143.6222,-37.97205],[143.61891,-37.97117],[143.62039,-37.96537],[143.61079,-37.95821],[143.59734,-37.96215],[143.59306,-37.95457],[143.47942,-37.94084],[143.47723,-37.93764],[143.481,-37.93133],[143.47712,-37.92435],[143.45567,-37.9091],[143.45074,-37.90788],[143.44745,-37.91048],[143.44278,-37.90566],[143.44791,-37.89622],[143.4445,-37.88538],[143.4525,-37.87729],[143.45241,-37.87326],[143.44056,-37.85942],[143.44449,-37.85103],[143.44159,-37.84603],[143.44394,-37.84351],[143.44096,-37.84173],[143.44539,-37.8394],[143.4478,-37.82139],[143.44668,-37.81291],[143.44063,-37.80631],[143.44057,-37.78467],[143.46459,-37.65919],[143.46747,-37.6601],[143.4644,-37.65765],[143.46555,-37.65427],[143.4811,-37.65233],[143.47624,-37.65006],[143.48294,-37.64596],[143.48973,-37.6468],[143.48791,-37.65518],[143.49993,-37.6568],[143.49483,-37.66087],[143.53538,-37.66655],[143.53336,-37.66434],[143.53654,-37.6483],[143.58664,-37.65371],[143.59531,-37.64429],[143.64199,-37.65029],[143.64221,-37.64666],[143.65168,-37.64703],[143.65263,-37.62418],[143.66219,-37.5724],[143.68593,-37.56013],[143.70722,-37.55787],[143.71001,-37.56693],[143.75696,-37.59446],[143.78065,-37.59978],[143.83407,-37.62097],[143.83015,-37.62984],[143.83033,-37.63662],[143.83415,-37.64086],[143.83223,-37.64378],[143.83829,-37.6525],[143.83336,-37.65537],[143.83443,-37.66502],[143.84027,-37.67204],[143.84502,-37.66979],[143.84933,-37.67249],[143.84937,-37.67771],[143.85344,-37.67843],[143.85037,-37.67997],[143.85353,-37.68195],[143.85084,-37.6858],[143.85766,-37.68617],[143.85407,-37.69207],[143.8628,-37.68921],[143.86651,-37.69246],[143.86997,-37.69123],[143.87227,-37.7084],[143.8798,-37.70854],[143.8798,-37.71252],[143.88769,-37.71318],[143.89859,-37.72377],[143.89279,-37.72436],[143.89595,-37.72903],[143.89286,-37.72816],[143.89189,-37.73284],[143.89598,-37.73344],[143.89505,-37.74085],[143.89766,-37.74323],[143.89535,-37.74461],[143.90331,-37.75033],[143.90178,-37.75314],[143.89694,-37.7515],[143.89725,-37.75915],[143.89982,-37.75969],[143.89627,-37.76594],[143.90331,-37.7655],[143.89788,-37.76788],[143.89378,-37.77474],[143.88316,-37.77408],[143.88347,-37.77808],[143.89358,-37.78385],[143.89258,-37.78728],[143.89924,-37.79223],[143.90021,-37.78343],[143.91283,-37.79434],[143.91634,-37.79253],[143.91362,-37.80021],[143.91946,-37.80353],[143.91933,-37.81129],[143.93924,-37.81535],[143.93924,-37.82363],[143.95851,-37.82324],[143.95804,-37.8275],[143.97921,-37.82753],[143.98932,-37.8225],[144.01762,-37.82266],[144.04906,-37.82632],[144.05459,-37.83228],[144.06022,-37.79577],[144.12233,-37.80299],[144.1228,-37.7986],[144.12939,-37.79752],[144.21828,-37.807],[144.2169,-37.80959],[144.22237,-37.81018],[144.22128,-37.81307],[144.21069,-37.82497],[144.23113,-37.83463],[144.23422,-37.86664],[144.24847,-37.87377],[144.24068,-37.87641],[144.22381,-37.89744],[144.21353,-37.90135],[144.21219,-37.91064],[144.20678,-37.91626],[144.2027,-37.93826],[144.2368,-37.94257],[144.23366,-37.94456],[144.23804,-37.95002],[144.23526,-37.95291],[144.23548,-37.96455],[144.24164,-37.97374],[144.24015,-37.98333],[144.24729,-37.98676],[144.24528,-37.98924],[144.24773,-37.99132],[144.24072,-38.00854],[144.25171,-38.02137],[144.2517,-38.02416],[144.24937,-38.02325],[144.25121,-38.03144],[144.25839,-38.0354],[144.25626,-38.04014],[144.26267,-38.04364],[144.26282,-38.05518],[144.25823,-38.05977],[144.25896,-38.06492],[144.26863,-38.06857],[144.27271,-38.06561],[144.28587,-38.0757],[144.2837,-38.07644],[144.28648,-38.0791],[144.28414,-38.08315],[144.27959,-38.08371],[144.27954,-38.08837],[144.27408,-38.08785],[144.27258,-38.09333],[144.26816,-38.09282],[144.26113,-38.13029],[144.2652,-38.13147],[144.26327,-38.14077],[144.25963,-38.13757],[144.24084,-38.14149],[144.243,-38.13819],[144.24073,-38.13487],[144.224,-38.14567],[144.21825,-38.14321],[144.22088,-38.14228],[144.21965,-38.13809],[144.21567,-38.13642],[144.19935,-38.14659],[144.19209,-38.14401],[144.18751,-38.14592],[144.18701,-38.14278],[144.19264,-38.14067],[144.18817,-38.13535],[144.17288,-38.13488],[144.16607,-38.13107],[144.16331,-38.12551],[144.15888,-38.12611],[144.15328,-38.12129],[144.15108,-38.11352],[144.13884,-38.11086],[144.13972,-38.1223],[144.13806,-38.11822],[144.13303,-38.11988],[144.12923,-38.11101],[144.12468,-38.11699],[144.11899,-38.11131],[144.11711,-38.12186],[144.10622,-38.12482],[144.09878,-38.11685],[144.1009,-38.11085]]]},"properties":{"lga_name":"GOLDEN PLAINS","lga_official_name":"GOLDEN PLAINS SHIRE"}},{"type":"Feature","geometry":{"type":"Polygon","coordinates":[[[145.30984,-37.89005],[145.32417,-37.89992],[145.31388,-37.90162],[145.30947,-37.89947],[145.30926,-37.90396],[145.30501,-37.9057],[145.29466,-37.90061],[145.2955,-37.90509],[145.29273,-37.90721],[145.29869,-37.91168],[145.30386,-37.93341],[145.29988,-37.93145],[145.29337,-37.96396],[145.28904,-37.96291],[145.28991,-37.95759],[145.28357,-37.95513],[145.27964,-37.94759],[145.23392,-37.94196],[145.2284,-37.95216],[145.21945,-37.94154],[145.21998,-37.93859],[145.20674,-37.93154],[145.20278,-37.91919],[145.20587,-37.91054],[145.20337,-37.90331],[145.20835,-37.89904],[145.20146,-37.89528],[145.19436,-37.88569],[145.19544,-37.88322],[145.19087,-37.88048],[145.19417,-37.86625],[145.20102,-37.86211],[145.20071,-37.8585],[145.20754,-37.85605],[145.20583,-37.8542],[145.20972,-37.85127],[145.21274,-37.84102],[145.21765,-37.83737],[145.2368,-37.84004],[145.2568,-37.83574],[145.27841,-37.83589],[145.28179,-37.83283],[145.29353,-37.83405],[145.30867,-37.84265],[145.33284,-37.84742],[145.33214,-37.85102],[145.34758,-37.85854],[145.34347,-37.86231],[145.33663,-37.85617],[145.33415,-37.85795],[145.33599,-37.86312],[145.33059,-37.86178],[145.32421,-37.86706],[145.31645,-37.86277],[145.30296,-37.86359],[145.30851,-37.87097],[145.30375,-37.88613],[145.30984,-37.89005]]]},"properties":{"lga_name":"KNOX","lga_official_name":"KNOX CITY"}},{"type":"Feature","geometry":{"type":"Polygon","coordinates":[[[146.21054,-36.11528],[146.20601,-36.11333],[146.20611,-36.12622],[146.22861,-36.1316],[146.23042,-36.12849],[146.23704,-36.12864],[146.2421,-36.13419],[146.23899,-36.13587],[146.24285,-36.14039],[146.23762,-36.1416],[146.24052,-36.14722],[146.23692,-36.14698],[146.23907,-36.15183],[146.23565,-36.15368],[146.23566,-36.1643],[146.22895,-36.16815],[146.23605,-36.17135],[146.24527,-36.16763],[146.24267,-36.17],[146.2455,-36.17832],[146.23911,-36.18184],[146.23663,-36.19064],[146.23329,-36.18851],[146.23406,-36.18298],[146.22093,-36.18296],[146.22363,-36.18686],[146.13106,-36.18654],[146.13143,-36.25511],[146.03691,-36.25505],[146.0312,-36.26543],[146.03094,-36.299],[145.63162,-36.29901],[145.63153,-36.19915],[145.26026,-36.19931],[145.25698,-36.19587],[145.25815,-36.19271],[145.2516,-36.19193],[145.25568,-36.18422],[145.24869,-36.18755],[145.24908,-36.18092],[145.24544,-36.1757],[145.2434,-36.18023],[145.24043,-36.17877],[145.23997,-36.17163],[145.23646,-36.17375],[145.23737,-36.1775],[145.23477,-36.17566],[145.23495,-36.16967],[145.23208,-36.16778],[145.23766,-36.16459],[145.23334,-36.16467],[145.22937,-36.17088],[145.22903,-36.16483],[145.22303,-36.17046],[145.22127,-36.16279],[145.23001,-36.16122],[145.22758,-36.1586],[145.21636,-36.1656],[145.21207,-36.15867],[145.20668,-36.16488],[145.20847,-36.16782],[145.20471,-36.16713],[145.2035,-36.1614],[145.19509,-36.16199],[145.20072,-36.15764],[145.19436,-36.15883],[145.19255,-36.16344],[145.19855,-36.16492],[145.18903,-36.16524],[145.19092,-36.17131],[145.18766,-36.17449],[145.19591,-36.17457],[145.19022,-36.17997],[145.18099,-36.17817],[145.18429,-36.18226],[145.18255,-36.18494],[145.17248,-36.17671],[145.1721,-36.16991],[145.17508,-36.16819],[145.16942,-36.16805],[145.17286,-36.1654],[145.1658,-36.16738],[145.16573,-36.1607],[145.15715,-36.15768],[145.14624,-36.16271],[145.14455,-36.15582],[145.14029,-36.15907],[145.13794,-36.15403],[145.13569,-36.15768],[145.1344,-36.1554],[145.13216,-36.15705],[145.13419,-36.16169],[145.12993,-36.16176],[145.13872,-36.16624],[145.13536,-36.16831],[145.13832,-36.1712],[145.13586,-36.17525],[145.13016,-36.17079],[145.13228,-36.17481],[145.12762,-36.17645],[145.13274,-36.17894],[145.12797,-36.18302],[145.12475,-36.17725],[145.12169,-36.17986],[145.11415,-36.17647],[145.11154,-36.16686],[145.10591,-36.16924],[145.10052,-36.16401],[145.08932,-36.16217],[145.09107,-36.15773],[145.08154,-36.16549],[145.07698,-36.16167],[145.07715,-36.16472],[145.07022,-36.16571],[145.06657,-36.16962],[145.0634,-36.16734],[145.06194,-36.17117],[145.06087,-36.16435],[145.04616,-36.16153],[145.0458,-36.1562],[145.04266,-36.15775],[145.04124,-36.15513],[145.03947,-36.15887],[145.03999,-36.15425],[145.03565,-36.15553],[145.03653,-36.15201],[145.02986,-36.15517],[145.02836,-36.14817],[145.02736,-36.15409],[145.02121,-36.15434],[145.02399,-36.15881],[145.01692,-36.15494],[145.01816,-36.1603],[145.01567,-36.16148],[145.01088,-36.15478],[145.01448,-36.15241],[145.01078,-36.15089],[145.01113,-36.14779],[145.00665,-36.15081],[145.00734,-36.14642],[145.01253,-36.14612],[145.00927,-36.14171],[145.01123,-36.13916],[145.00371,-36.13674],[145.00117,-36.13941],[145.00219,-36.13481],[144.99931,-36.1343],[145.00388,-36.12863],[144.99378,-36.12432],[144.99213,-36.1172],[144.99579,-36.11505],[144.98952,-36.11463],[144.98365,-36.12152],[144.9845,-36.12551],[144.97994,-36.12354],[144.98171,-36.12705],[144.97224,-36.12559],[144.9749,-36.11941],[144.96873,-36.12047],[144.96354,-36.11649],[144.96644,-36.11383],[144.96277,-36.11244],[144.96711,-36.11051],[144.95973,-36.10676],[144.95244,-36.1139],[144.94289,-36.1098],[144.93905,-36.11389],[144.93642,-36.10967],[144.93125,-36.10927],[144.9325,-36.10475],[144.92723,-36.10565],[144.93047,-36.09999],[144.9243,-36.09902],[144.92538,-36.09263],[144.91994,-36.09444],[144.91639,-36.09154],[144.91818,-36.08799],[144.9099,-36.08354],[144.90553,-36.08437],[144.90424,-36.07794],[144.90142,-36.08372],[144.89702,-36.07907],[144.89638,-36.08865],[144.89092,-36.08595],[144.89518,-36.09063],[144.8932,-36.09343],[144.88371,-36.09252],[144.88243,-36.08928],[144.87536,-36.09435],[144.87444,-36.09008],[144.86944,-36.08869],[144.86966,-36.09212],[144.86685,-36.09227],[144.86076,-36.08576],[144.86039,-36.08991],[144.85242,-36.09017],[144.8547,-36.09308],[144.84993,-36.09349],[144.85199,-36.09514],[144.8497,-36.09918],[144.8572,-36.09865],[144.85838,-36.10174],[144.85254,-36.10331],[144.85285,-36.10684],[144.8494,-36.10265],[144.84838,-36.1093],[144.84261,-36.1062],[144.84175,-36.10188],[144.83258,-36.10487],[144.83001,-36.10284],[144.83547,-36.0985],[144.84277,-36.09968],[144.84319,-36.09583],[144.83975,-36.0945],[144.84392,-36.09237],[144.84195,-36.08301],[144.85062,-36.08147],[144.84724,-36.07291],[144.85629,-36.07385],[144.85381,-36.06979],[144.85631,-36.06562],[144.86068,-36.06664],[144.85749,-36.06839],[144.8612,-36.07193],[144.86427,-36.06559],[144.86304,-36.05929],[144.87492,-36.05775],[144.88903,-36.06371],[144.90161,-36.06368],[144.9041,-36.06091],[144.90832,-36.06425],[144.9323,-36.06703],[144.93762,-36.06983],[144.93648,-36.07586],[144.94949,-36.083],[144.95413,-36.07926],[144.96534,-36.07924],[144.9804,-36.07336],[144.98667,-36.06461],[144.98247,-36.04858],[144.96788,-36.04213],[144.96191,-36.01811],[144.95464,-36.01875],[144.94565,-36.01218],[144.94617,-36.0048],[144.93544,-35.99885],[144.92939,-35.99036],[144.92367,-35.98901],[144.92604,-35.97443],[144.93095,-35.9686],[144.95756,-35.9609],[144.95877,-35.95361],[144.95632,-35.95587],[144.95434,-35.95305],[144.95534,-35.94653],[144.9506,-35.94197],[144.94888,-35.93168],[144.95276,-35.91679],[144.96713,-35.90503],[144.96478,-35.89603],[144.97509,-35.88384],[144.96975,-35.87885],[144.97259,-35.87406],[144.96811,-35.86583],[144.97102,-35.86088],[144.98483,-35.85756],[144.99107,-35.85914],[144.98967,-35.85461],[144.99301,-35.8561],[144.99341,-35.85222],[144.99961,-35.85493],[145.0005,-35.84931],[145.00698,-35.85635],[145.01938,-35.85652],[145.0245,-35.84706],[145.03008,-35.84955],[145.03741,-35.84605],[145.03875,-35.83826],[145.04107,-35.84158],[145.04987,-35.83358],[145.05149,-35.83887],[145.05432,-35.838],[145.05354,-35.83528],[145.06047,-35.83735],[145.06841,-35.83536],[145.07427,-35.82666],[145.07653,-35.83185],[145.07747,-35.8274],[145.09175,-35.82598],[145.09339,-35.8285],[145.08928,-35.83133],[145.09191,-35.83597],[145.09954,-35.82571],[145.10412,-35.82855],[145.1142,-35.82043],[145.11545,-35.82601],[145.12165,-35.82056],[145.12291,-35.8282],[145.12596,-35.82984],[145.1276,-35.82056],[145.12879,-35.82728],[145.13398,-35.82737],[145.13594,-35.83409],[145.13964,-35.82838],[145.14767,-35.83357],[145.15892,-35.8308],[145.15712,-35.83877],[145.15103,-35.84041],[145.15347,-35.84283],[145.16822,-35.84256],[145.17189,-35.83873],[145.18124,-35.842],[145.18272,-35.83503],[145.18982,-35.83418],[145.19334,-35.83769],[145.19792,-35.83481],[145.20632,-35.83794],[145.21487,-35.83617],[145.21723,-35.83741],[145.21599,-35.84147],[145.2229,-35.84244],[145.2245,-35.8396],[145.22003,-35.83687],[145.22507,-35.83213],[145.22933,-35.83333],[145.23521,-35.82953],[145.24061,-35.83366],[145.24628,-35.83033],[145.253,-35.83506],[145.26086,-35.83545],[145.25978,-35.83944],[145.26421,-35.84213],[145.25823,-35.85064],[145.26721,-35.85244],[145.27263,-35.84518],[145.27877,-35.8534],[145.28499,-35.8507],[145.2842,-35.85667],[145.29236,-35.85375],[145.29493,-35.86022],[145.3016,-35.85857],[145.30938,-35.86121],[145.31205,-35.85581],[145.32438,-35.85068],[145.34156,-35.86242],[145.3499,-35.86032],[145.35576,-35.86704],[145.3606,-35.86117],[145.3774,-35.85877],[145.38675,-35.85034],[145.41033,-35.84884],[145.40965,-35.83683],[145.41271,-35.8306],[145.42512,-35.82874],[145.42947,-35.83451],[145.43608,-35.82952],[145.44213,-35.83573],[145.44799,-35.83083],[145.45133,-35.8212],[145.46259,-35.82689],[145.46913,-35.81814],[145.46788,-35.81361],[145.47775,-35.80477],[145.47795,-35.80794],[145.47269,-35.80966],[145.47445,-35.81243],[145.47811,-35.81085],[145.49236,-35.81509],[145.49551,-35.80912],[145.5017,-35.80935],[145.52146,-35.81883],[145.52804,-35.81177],[145.52682,-35.80678],[145.5355,-35.80198],[145.53483,-35.8079],[145.5419,-35.80903],[145.53635,-35.81845],[145.5391,-35.822],[145.54259,-35.82129],[145.54681,-35.81285],[145.5624,-35.81302],[145.56349,-35.81572],[145.55705,-35.81872],[145.55988,-35.82258],[145.55724,-35.82724],[145.56699,-35.8264],[145.56391,-35.83407],[145.5754,-35.83847],[145.58101,-35.84798],[145.59315,-35.84898],[145.59277,-35.85538],[145.5865,-35.86103],[145.59763,-35.86119],[145.59519,-35.86901],[145.60049,-35.87461],[145.60542,-35.87474],[145.60203,-35.86781],[145.60992,-35.87034],[145.61477,-35.86531],[145.62624,-35.86249],[145.62883,-35.86754],[145.61823,-35.86936],[145.61538,-35.87454],[145.6273,-35.87425],[145.6242,-35.87878],[145.63006,-35.88062],[145.63217,-35.88845],[145.6413,-35.89486],[145.64743,-35.89323],[145.65096,-35.89957],[145.658,-35.90119],[145.66146,-35.91236],[145.6684,-35.91269],[145.66953,-35.91969],[145.679,-35.91714],[145.6737,-35.92586],[145.68586,-35.93071],[145.68744,-35.92385],[145.69778,-35.9208],[145.70341,-35.92528],[145.69571,-35.9257],[145.6972,-35.93644],[145.70689,-35.93221],[145.71436,-35.93738],[145.72056,-35.93464],[145.72599,-35.94196],[145.72676,-35.9462],[145.71875,-35.94414],[145.71668,-35.95049],[145.72443,-35.95422],[145.73432,-35.95132],[145.73681,-35.95489],[145.73027,-35.95829],[145.74408,-35.95916],[145.74606,-35.96423],[145.75741,-35.95794],[145.76621,-35.96662],[145.76802,-35.96314],[145.77833,-35.96011],[145.78181,-35.96381],[145.77705,-35.97261],[145.78478,-35.97195],[145.78819,-35.9753],[145.79295,-35.97253],[145.79318,-35.98258],[145.80669,-35.98276],[145.80885,-35.99098],[145.81622,-35.98947],[145.81161,-35.98419],[145.82845,-35.98299],[145.82899,-35.98033],[145.82458,-35.97923],[145.8275,-35.9753],[145.83621,-35.97673],[145.83615,-35.98189],[145.83915,-35.98336],[145.84854,-35.98144],[145.84556,-35.97362],[145.85402,-35.97665],[145.85916,-35.97489],[145.85923,-35.97131],[145.84808,-35.96878],[145.85388,-35.96582],[145.85467,-35.95957],[145.86075,-35.96052],[145.87189,-35.95546],[145.88994,-35.95727],[145.89334,-35.95347],[145.90283,-35.9525],[145.91036,-35.95595],[145.90105,-35.96116],[145.903,-35.96888],[145.90617,-35.96302],[145.91389,-35.96961],[145.91494,-35.96434],[145.92465,-35.96427],[145.9286,-35.96676],[145.9253,-35.97081],[145.92778,-35.97398],[145.93489,-35.97258],[145.94519,-35.96169],[145.95428,-35.96207],[145.95363,-35.96525],[145.94433,-35.96679],[145.95131,-35.97624],[145.94613,-35.97917],[145.94567,-35.98392],[145.95182,-35.98326],[145.95251,-35.99241],[145.96493,-35.99644],[145.95846,-36.00689],[145.96235,-36.00949],[145.97091,-36.00547],[145.97411,-36.00816],[145.96934,-36.01331],[145.97208,-36.01573],[145.97681,-36.00934],[145.98908,-36.01303],[146.0073,-36.00312],[146.01635,-36.00764],[146.022,-35.9998],[146.03397,-35.99526],[146.03903,-36.00178],[146.04367,-35.99934],[146.04917,-36.00264],[146.05161,-35.99496],[146.0562,-35.99898],[146.05683,-36.01115],[146.06143,-36.01559],[146.07148,-36.01562],[146.07406,-36.00994],[146.07621,-36.01795],[146.09379,-36.02101],[146.09648,-36.01731],[146.08924,-36.01305],[146.09003,-36.01019],[146.10121,-36.01294],[146.10511,-36.0079],[146.11217,-36.00646],[146.10779,-36.01427],[146.11956,-36.01787],[146.11907,-36.01441],[146.12436,-36.01412],[146.13451,-36.0025],[146.14066,-36.00858],[146.13226,-36.01037],[146.13284,-36.01995],[146.1459,-36.01376],[146.14652,-36.02045],[146.15401,-36.02502],[146.15692,-36.02134],[146.16328,-36.02425],[146.17354,-36.01942],[146.17848,-36.02889],[146.17497,-36.04115],[146.17881,-36.05086],[146.18217,-36.05096],[146.1857,-36.04551],[146.19292,-36.04761],[146.1976,-36.04404],[146.20017,-36.04743],[146.19804,-36.061],[146.19493,-36.06391],[146.20136,-36.06451],[146.20309,-36.0699],[146.2012,-36.08029],[146.19636,-36.0843],[146.21516,-36.08885],[146.21038,-36.09186],[146.21487,-36.09234],[146.21603,-36.09805],[146.21029,-36.09652],[146.21257,-36.09833],[146.20958,-36.09924],[146.21062,-36.10234],[146.20523,-36.10521],[146.21684,-36.10694],[146.2137,-36.1085],[146.21562,-36.11484],[146.21054,-36.11528]]]},"properties":{"lga_name":"MOIRA","lga_official_name":"MOIRA SHIRE"}},{"type":"Feature","geometry":{"type":"Polygon","coordinates":[[[144.87131,-37.76697],[144.8745,-37.7694],[144.8716,-37.77275],[144.8652,-37.77226],[144.86071,-37.77614],[144.85261,-37.77318],[144.85106,-37.76895],[144.85388,-37.76243],[144.84837,-37.75991],[144.84955,-37.7544],[144.84612,-37.74743],[144.87104,-37.72084],[144.88847,-37.71081],[144.89815,-37.70921],[144.90232,-37.71677],[144.90989,-37.7177],[144.91052,-37.72194],[144.92476,-37.72901],[144.92456,-37.73268],[144.93463,-37.74388],[144.92856,-37.7457],[144.92673,-37.75145],[144.9349,-37.75322],[144.933,-37.75885],[144.93842,-37.76092],[144.93525,-37.77065],[144.93832,-37.77124],[144.9365,-37.77572],[144.94039,-37.78763],[144.92131,-37.78745],[144.91359,-37.77938],[144.90263,-37.78965],[144.904,-37.78457],[144.89757,-37.78013],[144.89587,-37.77316],[144.90205,-37.76956],[144.90182,-37.7657],[144.88486,-37.76155],[144.88524,-37.75602],[144.87293,-37.76174],[144.87131,-37.76697]]]},"properties":{"lga_name":"MOONEE VALLEY","lga_official_name":"MOONEE VALLEY CITY"}},{"type":"Feature","geometry":{"type":"Polygon","coordinates":[[[147.14841,-37.00946],[147.13964,-37.0038],[147.14563,-36.98901],[147.14442,-36.98578],[147.13819,-36.98465],[147.13295,-36.98945],[147.13237,-36.99708],[147.12664,-36.99481],[147.12211,-36.99977],[147.10466,-37.00283],[147.07444,-37.01732],[147.07395,-37.01332],[147.06238,-37.00489],[147.06111,-36.99784],[147.09692,-37.00217],[147.12117,-36.97218],[147.13278,-36.9643],[147.13097,-36.96313],[147.13432,-36.95843],[147.15018,-36.95773],[147.16184,-36.97204],[147.16709,-36.99086],[147.17619,-36.98718],[147.17739,-36.98182],[147.18734,-36.98352],[147.19146,-36.98789],[147.1844,-36.99102],[147.18325,-36.99524],[147.188,-36.99654],[147.19806,-37.02165],[147.19528,-37.02182],[147.18968,-37.01341],[147.17804,-37.00938],[147.16609,-37.01023],[147.16574,-37.00619],[147.15785,-37.00644],[147.1527,-37.01207],[147.14841,-37.00946]]]},"properties":{"lga_name":"MOUNT HOTHAM ALPINE RESORT (UNINC)","lga_official_name":"MOUNT HOTHAM ALPINE RESORT (UNINCORPORATED)"}},{"type":"Feature","geometry":{"type":"Polygon","coordinates":[[[143.91651,-37.79565],[143.91634,-37.79253],[143.91283,-37.79434],[143.90021,-37.78343],[143.89852,-37.79184],[143.89258,-37.78728],[143.89358,-37.78385],[143.88327,-37.77763],[143.88316,-37.77408],[143.89378,-37.77474],[143.89788,-37.76788],[143.90325,-37.76564],[143.89622,-37.76566],[143.89982,-37.75969],[143.89725,-37.75915],[143.89694,-37.7515],[143.90342,-37.75168],[143.89535,-37.74461],[143.89766,-37.74323],[143.89505,-37.74085],[143.89598,-37.73344],[143.89189,-37.73284],[143.89286,-37.72816],[143.89595,-37.72903],[143.89279,-37.72436],[143.89859,-37.72377],[143.88769,-37.71318],[143.88268,-37.71421],[143.89272,-37.71236],[143.89777,-37.71628],[143.90248,-37.71338],[143.91626,-37.71305],[143.91936,-37.70996],[143.93678,-37.70974],[143.93966,-37.6965],[143.94415,-37.69416],[143.94862,-37.67311],[143.9233,-37.66911],[143.91387,-37.66026],[143.92701,-37.65828],[143.93573,-37.65043],[143.91436,-37.64522],[143.91413,-37.62777],[143.90967,-37.62163],[143.89903,-37.61654],[143.89584,-37.60754],[143.89806,-37.59647],[143.90258,-37.59698],[143.9048,-37.58238],[143.91609,-37.58365],[143.91491,-37.5795],[143.91876,-37.57993],[143.92149,-37.57585],[143.93682,-37.57509],[143.93662,-37.57002],[143.94169,-37.57259],[143.9413,-37.56222],[143.95075,-37.55984],[143.95051,-37.54975],[143.93193,-37.53508],[143.93794,-37.47415],[143.98671,-37.47972],[143.98696,-37.47744],[144.0236,-37.48387],[144.02139,-37.48644],[144.03857,-37.48612],[144.04253,-37.46381],[144.05531,-37.47005],[144.05909,-37.46599],[144.06362,-37.46863],[144.07856,-37.46268],[144.08842,-37.4455],[144.10082,-37.44591],[144.10703,-37.44005],[144.11137,-37.43395],[144.10737,-37.42875],[144.13289,-37.43016],[144.14227,-37.42199],[144.16132,-37.4183],[144.17043,-37.41987],[144.1945,-37.4102],[144.19963,-37.4128],[144.19809,-37.42011],[144.22564,-37.42333],[144.22701,-37.41598],[144.23471,-37.4163],[144.25076,-37.42868],[144.26888,-37.42761],[144.29118,-37.43687],[144.29467,-37.4343],[144.29779,-37.43592],[144.29505,-37.42892],[144.29988,-37.428],[144.31179,-37.4156],[144.31768,-37.4025],[144.32681,-37.40672],[144.32738,-37.41001],[144.33505,-37.40896],[144.34612,-37.41617],[144.34106,-37.42601],[144.34696,-37.42858],[144.34692,-37.43222],[144.4175,-37.44674],[144.41713,-37.45528],[144.42395,-37.45593],[144.42521,-37.45985],[144.43322,-37.45016],[144.45072,-37.44869],[144.45743,-37.43905],[144.46415,-37.43682],[144.46523,-37.42905],[144.47047,-37.42878],[144.47243,-37.43154],[144.45932,-37.49709],[144.46989,-37.50756],[144.46911,-37.52116],[144.46295,-37.52902],[144.46571,-37.53675],[144.45768,-37.54478],[144.48392,-37.55085],[144.55623,-37.55889],[144.55141,-37.56125],[144.54255,-37.57411],[144.53918,-37.57432],[144.53878,-37.58356],[144.53435,-37.58839],[144.5364,-37.58942],[144.52755,-37.59824],[144.52832,-37.60193],[144.5226,-37.60453],[144.52791,-37.61413],[144.51929,-37.62794],[144.52165,-37.62922],[144.51905,-37.63569],[144.52095,-37.63986],[144.51673,-37.64293],[144.52113,-37.66593],[144.51529,-37.66826],[144.51861,-37.67028],[144.51594,-37.67176],[144.51731,-37.67447],[144.51527,-37.67268],[144.51207,-37.67559],[144.51794,-37.69234],[144.5148,-37.69787],[144.52031,-37.70511],[144.50159,-37.70877],[144.49485,-37.70375],[144.49077,-37.70556],[144.46697,-37.83919],[144.44897,-37.83713],[144.44418,-37.864],[144.43379,-37.85467],[144.43019,-37.85797],[144.42181,-37.84657],[144.42301,-37.83389],[144.41795,-37.82692],[144.42106,-37.82034],[144.41482,-37.81654],[144.41602,-37.8096],[144.40553,-37.80739],[144.40636,-37.80092],[144.39912,-37.81522],[144.36168,-37.81079],[144.35434,-37.84489],[144.34706,-37.84184],[144.34496,-37.84532],[144.3374,-37.84302],[144.33046,-37.84635],[144.29426,-37.8289],[144.29611,-37.81956],[144.26516,-37.81598],[144.26375,-37.81165],[144.24814,-37.80957],[144.24714,-37.81247],[144.23342,-37.80852],[144.23268,-37.81125],[144.22223,-37.81018],[144.2169,-37.80959],[144.21828,-37.807],[144.12939,-37.79752],[144.1228,-37.7986],[144.12233,-37.80299],[144.06022,-37.79577],[144.05459,-37.83228],[144.04906,-37.82632],[144.01762,-37.82266],[143.98932,-37.8225],[143.97921,-37.82753],[143.95804,-37.8275],[143.95851,-37.82324],[143.93924,-37.82363],[143.93924,-37.81535],[143.92028,-37.81223],[143.91946,-37.80353],[143.91362,-37.80021],[143.91651,-37.79565]]]},"properties":{"lga_name":"MOORABOOL","lga_official_name":"MOORABOOL SHIRE"}},{"type":"Feature","geometry":{"type":"MultiPolygon","coordinates":[[[[146.12827,-37.45289],[146.13251,-37.46075],[146.13763,-37.46158],[146.14378,-37.46803],[146.13485,-37.48067],[146.15335,-37.52781],[146.16131,-37.53152],[146.17063,-37.52728],[146.18601,-37.53481],[145.8897,-37.53224],[145.87714,-37.51477],[145.88089,-37.51164],[145.88488,-37.51352],[145.88363,-37.50648],[145.87721,-37.4993],[145.88247,-37.49715],[145.88219,-37.49195],[145.87289,-37.49368],[145.87183,-37.49852],[145.8762,-37.50782],[145.87114,-37.51231],[145.87345,-37.52502],[145.86925,-37.52757],[145.86249,-37.51813],[145.85819,-37.51711],[145.8531,-37.52119],[145.84794,-37.51642],[145.84735,-37.52373],[145.84297,-37.52892],[145.83687,-37.53189],[145.82672,-37.52747],[145.82423,-37.53319],[145.8199,-37.53461],[145.82207,-37.53982],[145.81626,-37.55631],[145.80904,-37.56004],[145.80919,-37.56438],[145.79085,-37.56201],[145.76609,-37.57361],[145.75536,-37.57475],[145.73825,-37.56658],[145.73058,-37.58209],[145.73735,-37.59398],[145.67586,-37.62418],[145.6593,-37.61778],[145.65412,-37.60219],[145.64068,-37.58923],[145.63263,-37.58755],[145.61493,-37.57103],[145.60248,-37.57604],[145.59987,-37.56607],[145.58771,-37.56685],[145.57803,-37.57204],[145.57322,-37.5863],[145.5626,-37.59323],[145.54765,-37.57458],[145.5402,-37.57165],[145.53353,-37.55825],[145.52888,-37.55792],[145.52549,-37.56711],[145.50794,-37.55568],[145.50251,-37.55586],[145.50876,-37.56363],[145.49673,-37.5636],[145.49674,-37.56018],[145.48049,-37.56127],[145.4778,-37.55603],[145.48038,-37.55467],[145.46992,-37.55766],[145.46781,-37.54985],[145.46296,-37.54915],[145.46459,-37.54037],[145.45936,-37.54375],[145.43833,-37.54322],[145.44057,-37.53347],[145.43265,-37.53085],[145.426,-37.53499],[145.41852,-37.53148],[145.41782,-37.5262],[145.40346,-37.52713],[145.4022,-37.53661],[145.3939,-37.54088],[145.38953,-37.53973],[145.3866,-37.54339],[145.37585,-37.54053],[145.36844,-37.54532],[145.34787,-37.5413],[145.34742,-37.54418],[145.34151,-37.54358],[145.33259,-37.53963],[145.33381,-37.53261],[145.32797,-37.53193],[145.32848,-37.52911],[145.30474,-37.52191],[145.31384,-37.51555],[145.29705,-37.51362],[145.29795,-37.50837],[145.29271,-37.50693],[145.29442,-37.49858],[145.27632,-37.49649],[145.27549,-37.50099],[145.26415,-37.50173],[145.26241,-37.5119],[145.25158,-37.5106],[145.25672,-37.49196],[145.23927,-37.48774],[145.24105,-37.47766],[145.22228,-37.47258],[145.22488,-37.45805],[145.2294,-37.45863],[145.22777,-37.45445],[145.23397,-37.44723],[145.23627,-37.43585],[145.26562,-37.41935],[145.26598,-37.37264],[145.25787,-37.37145],[145.25651,-37.36795],[145.27137,-37.36805],[145.27424,-37.35551],[145.27009,-37.35548],[145.27024,-37.34738],[145.27597,-37.33974],[145.27049,-37.3389],[145.27936,-37.33796],[145.2793,-37.33237],[145.27414,-37.33108],[145.27006,-37.32711],[145.27337,-37.32706],[145.26198,-37.32967],[145.26194,-37.31737],[145.2567,-37.3174],[145.2567,-37.31106],[145.25188,-37.31107],[145.25187,-37.30494],[145.22745,-37.30508],[145.22741,-37.2943],[145.19539,-37.29411],[145.19581,-37.27824],[145.18693,-37.27835],[145.18702,-37.27172],[145.18059,-37.27176],[145.18071,-37.26441],[145.17186,-37.26636],[145.17194,-37.27849],[145.16808,-37.28136],[145.16301,-37.27762],[145.16767,-37.26373],[145.17314,-37.26118],[145.16584,-37.25376],[145.17162,-37.24701],[145.16772,-37.23991],[145.17718,-37.23552],[145.164,-37.21547],[145.17206,-37.21654],[145.17617,-37.20812],[145.17488,-37.20489],[145.1964,-37.20607],[145.19639,-37.19985],[145.20218,-37.19969],[145.20204,-37.18712],[145.20745,-37.18709],[145.20752,-37.19071],[145.21943,-37.19106],[145.21951,-37.1861],[145.22537,-37.18607],[145.22951,-37.18009],[145.24126,-37.17664],[145.24105,-37.1686],[145.23169,-37.16747],[145.2317,-37.15724],[145.23516,-37.15728],[145.23121,-37.14961],[145.22987,-37.13353],[145.23209,-37.1378],[145.24321,-37.14391],[145.24319,-37.14146],[145.25239,-37.14121],[145.25722,-37.13496],[145.26802,-37.13626],[145.27303,-37.14184],[145.27874,-37.143],[145.27903,-37.13952],[145.28462,-37.13853],[145.28461,-37.12906],[145.29082,-37.11327],[145.28851,-37.09974],[145.30301,-37.09977],[145.3043,-37.10389],[145.32126,-37.10382],[145.32103,-37.10035],[145.35286,-37.10136],[145.35584,-37.09762],[145.36619,-37.09764],[145.36619,-37.0912],[145.37242,-37.09405],[145.37475,-37.07627],[145.39274,-37.07627],[145.3928,-37.04369],[145.40419,-37.03948],[145.41099,-37.0304],[145.42993,-37.0214],[145.42771,-37.00601],[145.43144,-37.005],[145.4363,-37.01085],[145.4456,-37.01315],[145.4455,-37.01643],[145.457,-37.01355],[145.46906,-37.02147],[145.48933,-37.02324],[145.49348,-37.01784],[145.4904,-37.01375],[145.49022,-37.00078],[145.49733,-36.99716],[145.49936,-36.99204],[145.51498,-36.98921],[145.52298,-36.99488],[145.52887,-36.99382],[145.53463,-36.98158],[145.53187,-36.97888],[145.53185,-36.95903],[145.56382,-36.95795],[145.56796,-36.96103],[145.58226,-36.9617],[145.60094,-36.95047],[145.60708,-36.94142],[145.62576,-36.93793],[145.62877,-36.94343],[145.63581,-36.94711],[145.64062,-36.94421],[145.65006,-36.94597],[145.65077,-36.96561],[145.65934,-36.97745],[145.68659,-36.98524],[145.68169,-37.00394],[145.6984,-37.00885],[145.70148,-37.02475],[145.71273,-37.03048],[145.70655,-37.03928],[145.72559,-37.05099],[145.73474,-37.05101],[145.73474,-37.05435],[145.75928,-37.05512],[145.77293,-37.07164],[145.77839,-37.08664],[145.79886,-37.0969],[145.81119,-37.10691],[145.82066,-37.10758],[145.82679,-37.10246],[145.84113,-37.11342],[145.84906,-37.11546],[145.85689,-37.10991],[145.858,-37.11251],[145.88052,-37.11334],[145.88656,-37.12114],[145.89046,-37.12119],[145.88886,-37.12466],[145.89216,-37.12726],[145.88807,-37.13441],[145.89151,-37.14623],[145.88258,-37.15424],[145.87686,-37.14983],[145.86883,-37.15091],[145.86232,-37.14099],[145.86164,-37.14632],[145.85364,-37.14351],[145.86902,-37.15339],[145.86863,-37.16427],[145.87708,-37.16822],[145.84525,-37.17373],[145.84745,-37.17799],[145.87081,-37.17428],[145.87749,-37.18464],[145.86135,-37.19254],[145.86962,-37.18894],[145.86967,-37.19364],[145.87154,-37.188],[145.87752,-37.18662],[145.88318,-37.18843],[145.88029,-37.19816],[145.88587,-37.19566],[145.89258,-37.19783],[145.89606,-37.19285],[145.90096,-37.19423],[145.9124,-37.2038],[145.90759,-37.20741],[145.92368,-37.21306],[145.92573,-37.21925],[145.93273,-37.22181],[145.93746,-37.21904],[145.96491,-37.23111],[145.97388,-37.23903],[145.96343,-37.24787],[145.97003,-37.26398],[145.97115,-37.25563],[145.96814,-37.24951],[145.97593,-37.2413],[145.9873,-37.23714],[145.99797,-37.2403],[145.99828,-37.23139],[146.00215,-37.22862],[146.00507,-37.23827],[146.01655,-37.23969],[146.01799,-37.24833],[146.02301,-37.25076],[146.01831,-37.25328],[146.02427,-37.25423],[146.02458,-37.25748],[146.01846,-37.26379],[146.01498,-37.26321],[146.01611,-37.26789],[146.01979,-37.26696],[146.01696,-37.27888],[146.02505,-37.28135],[146.02889,-37.28844],[146.03342,-37.28949],[146.03429,-37.29214],[146.02775,-37.29814],[146.03837,-37.29459],[146.03604,-37.29662],[146.03707,-37.30481],[146.04468,-37.31187],[146.04385,-37.3142],[146.04578,-37.31241],[146.05215,-37.31674],[146.04981,-37.31853],[146.05112,-37.32521],[146.0696,-37.3432],[146.06541,-37.34654],[146.05947,-37.34586],[146.06393,-37.35662],[146.05625,-37.35888],[146.05816,-37.36531],[146.05434,-37.3668],[146.05967,-37.36866],[146.05985,-37.37527],[146.06581,-37.37372],[146.06918,-37.38056],[146.0639,-37.38177],[146.06433,-37.38508],[146.07094,-37.38494],[146.06748,-37.39006],[146.07946,-37.39254],[146.07598,-37.3964],[146.08033,-37.39755],[146.0815,-37.40329],[146.08415,-37.40072],[146.08445,-37.40539],[146.09081,-37.40597],[146.08882,-37.41206],[146.09304,-37.41092],[146.09419,-37.4181],[146.10567,-37.42498],[146.11922,-37.44888],[146.12827,-37.45289]]],[[[145.86614,-37.52792],[145.86876,-37.53012],[145.86625,-37.53188],[145.85733,-37.53244],[145.84505,-37.52776],[145.85245,-37.52555],[145.84842,-37.51897],[145.85206,-37.52361],[145.85918,-37.51892],[145.86614,-37.52792]]]]},"properties":{"lga_name":"MURRINDINDI","lga_official_name":"MURRINDINDI SHIRE"}},{"type":"Feature","geometry":{"type":"Polygon","coordinates":[[[142.47431,-38.40232],[142.47194,-38.40262],[142.47171,-38.39666],[142.46721,-38.39507],[142.47063,-38.39742],[142.47,-38.4011],[142.45895,-38.39668],[142.42237,-38.37242],[142.43209,-38.35356],[142.42563,-38.35078],[142.42893,-38.31434],[142.45028,-38.31608],[142.46379,-38.31347],[142.46495,-38.30625],[142.49256,-38.30913],[142.49223,-38.31288],[142.50989,-38.31254],[142.5204,-38.32522],[142.51784,-38.3389],[142.52263,-38.33621],[142.5188,-38.35888],[142.531,-38.3557],[142.55636,-38.35962],[142.5539,-38.37225],[142.57245,-38.37423],[142.5702,-38.38861],[142.59423,-38.38361],[142.61529,-38.38446],[142.60932,-38.38735],[142.62091,-38.3886],[142.61991,-38.39842],[142.61695,-38.39808],[142.62033,-38.40803],[142.6114,-38.40709],[142.60966,-38.41685],[142.60694,-38.41655],[142.60469,-38.42974],[142.60925,-38.4331],[142.60515,-38.43655],[142.61141,-38.43732],[142.60901,-38.45018],[142.5599,-38.42009],[142.53135,-38.40704],[142.51162,-38.40338],[142.51135,-38.39694],[142.50838,-38.40229],[142.49529,-38.39475],[142.48416,-38.39355],[142.47641,-38.39794],[142.47601,-38.40166],[142.48125,-38.40147],[142.47431,-38.40232]]]},"properties":{"lga_name":"WARRNAMBOOL","lga_official_name":"WARRNAMBOOL CITY"}},{"type":"Feature","geometry":{"type":"Polygon","coordinates":[[[147.32088,-37.0231],[147.34904,-37.03256],[147.34999,-37.0364],[147.37123,-37.02997],[147.38746,-37.03014],[147.39095,-37.03903],[147.38789,-37.04151],[147.39226,-37.04556],[147.38589,-37.04762],[147.3859,-37.04989],[147.38956,-37.04857],[147.39046,-37.05244],[147.38033,-37.05871],[147.38278,-37.08259],[147.37932,-37.09122],[147.38052,-37.0987],[147.37005,-37.10323],[147.36507,-37.10145],[147.36354,-37.10982],[147.35922,-37.11433],[147.3164,-37.11385],[147.32548,-37.12172],[147.32358,-37.12524],[147.32844,-37.13291],[147.32507,-37.14145],[147.33218,-37.14966],[147.33149,-37.15302],[147.34442,-37.16063],[147.34647,-37.17056],[147.35867,-37.18057],[147.36879,-37.19827],[147.38452,-37.2039],[147.38235,-37.20806],[147.38479,-37.21158],[147.33698,-37.27553],[146.82633,-37.20375],[146.82364,-37.19192],[146.78788,-37.17762],[146.77098,-37.15064],[146.76345,-37.14601],[146.75542,-37.14998],[146.75147,-37.14743],[146.74547,-37.14965],[146.74415,-37.15632],[146.71757,-37.15876],[146.68455,-37.14508],[146.68126,-37.14285],[146.68139,-37.13696],[146.66892,-37.13015],[146.66486,-37.12399],[146.65153,-37.12003],[146.65259,-37.11633],[146.67396,-37.11288],[146.67233,-36.98276],[146.65459,-36.97013],[146.65367,-36.94779],[146.6436,-36.93515],[146.6504,-36.92604],[146.64011,-36.91032],[146.64553,-36.89135],[146.64193,-36.88188],[146.64391,-36.86977],[146.63499,-36.8683],[146.62571,-36.85657],[146.63781,-36.84674],[146.64256,-36.81281],[146.63149,-36.80529],[146.56646,-36.74112],[146.6002,-36.71082],[146.60538,-36.71079],[146.6087,-36.704],[146.61878,-36.69825],[146.62587,-36.68705],[146.62453,-36.68501],[146.63087,-36.68276],[146.63107,-36.67874],[146.62261,-36.67188],[146.61553,-36.65306],[146.61868,-36.64221],[146.62312,-36.63925],[146.62183,-36.63051],[146.63671,-36.62254],[146.64468,-36.61404],[146.6491,-36.6012],[146.64807,-36.58973],[146.66288,-36.57276],[146.67048,-36.56887],[146.6709,-36.55844],[146.65822,-36.55287],[146.66107,-36.53907],[146.66583,-36.54004],[146.66847,-36.53584],[146.67156,-36.53809],[146.66155,-36.5237],[146.656,-36.52025],[146.65454,-36.52716],[146.64835,-36.52476],[146.64391,-36.52836],[146.63434,-36.52252],[146.64752,-36.51158],[146.6488,-36.50484],[146.64264,-36.50412],[146.64343,-36.49957],[146.64667,-36.49997],[146.64826,-36.49099],[146.65634,-36.49057],[146.65752,-36.48799],[146.67139,-36.49153],[146.68133,-36.48346],[146.68885,-36.48381],[146.69524,-36.47989],[146.71186,-36.4816],[146.71972,-36.47664],[146.72138,-36.46565],[146.72578,-36.45922],[146.80332,-36.45137],[146.80353,-36.44664],[146.85093,-36.45134],[146.85266,-36.44258],[146.86897,-36.44469],[146.86484,-36.45216],[146.88148,-36.4543],[146.89199,-36.43503],[146.89726,-36.4352],[146.90211,-36.4306],[146.9146,-36.43011],[146.91464,-36.42365],[146.92083,-36.42454],[146.92237,-36.41625],[146.93301,-36.41756],[146.93477,-36.4083],[147.01757,-36.39268],[147.04571,-36.39483],[147.03898,-36.39769],[147.04009,-36.40165],[147.03586,-36.40447],[147.03969,-36.40832],[147.03741,-36.41648],[147.04754,-36.41717],[147.04616,-36.42733],[147.08152,-36.41782],[147.08362,-36.4229],[147.0906,-36.42092],[147.12081,-36.42498],[147.12576,-36.44997],[147.11952,-36.46018],[147.10868,-36.46822],[147.10396,-36.47973],[147.10402,-36.49028],[147.1093,-36.49824],[147.11813,-36.49985],[147.112,-36.50395],[147.11755,-36.51883],[147.12371,-36.52044],[147.12111,-36.52462],[147.12871,-36.53381],[147.12596,-36.55153],[147.14257,-36.5556],[147.14888,-36.56431],[147.16143,-36.56697],[147.16523,-36.57871],[147.17038,-36.58298],[147.16826,-36.58698],[147.17521,-36.60667],[147.17494,-36.61599],[147.16736,-36.62534],[147.16749,-36.62962],[147.17336,-36.63371],[147.17355,-36.63898],[147.1852,-36.64109],[147.19972,-36.64994],[147.20743,-36.66518],[147.21464,-36.6709],[147.22987,-36.67724],[147.24615,-36.6779],[147.25266,-36.67226],[147.26654,-36.67412],[147.27915,-36.68344],[147.29158,-36.6824],[147.30826,-36.69012],[147.31476,-36.70265],[147.31144,-36.71395],[147.31471,-36.72194],[147.31356,-36.72842],[147.29045,-36.73778],[147.28833,-36.75222],[147.29253,-36.75664],[147.29068,-36.76509],[147.28577,-36.76844],[147.27984,-36.76763],[147.26841,-36.77918],[147.27589,-36.79354],[147.29394,-36.80994],[147.29228,-36.82254],[147.28524,-36.82647],[147.30188,-36.82996],[147.31654,-36.82254],[147.32539,-36.82898],[147.33673,-36.82988],[147.34133,-36.83886],[147.34544,-36.86677],[147.34059,-36.87273],[147.32625,-36.87902],[147.29036,-36.90434],[147.29396,-36.91683],[147.28114,-36.92643],[147.2633,-37.00669],[147.27471,-37.00902],[147.28876,-37.00548],[147.30506,-37.01187],[147.32088,-37.0231]],[[147.19671,-37.02309],[147.19302,-37.0062],[147.188,-36.99654],[147.18325,-36.99524],[147.1844,-36.99102],[147.19146,-36.98789],[147.18734,-36.98352],[147.17739,-36.98182],[147.17619,-36.98718],[147.16709,-36.99086],[147.16184,-36.97204],[147.15018,-36.95773],[147.13432,-36.95843],[147.13097,-36.96313],[147.13278,-36.9643],[147.12117,-36.97218],[147.09692,-37.00217],[147.06111,-36.99784],[147.06238,-37.00489],[147.07395,-37.01332],[147.07444,-37.01732],[147.10466,-37.00283],[147.12211,-36.99977],[147.12664,-36.99481],[147.13237,-36.99708],[147.13284,-36.98972],[147.13646,-36.98555],[147.14442,-36.98578],[147.14392,-36.99752],[147.13964,-37.0038],[147.14449,-37.00745],[147.1527,-37.01207],[147.16165,-37.00567],[147.16582,-37.00623],[147.16609,-37.01023],[147.17914,-37.00954],[147.18968,-37.01341],[147.19671,-37.02309]],[[147.29233,-36.87415],[147.28979,-36.86418],[147.27765,-36.859],[147.27384,-36.84636],[147.26768,-36.84097],[147.25838,-36.83641],[147.25724,-36.84189],[147.24522,-36.84354],[147.24839,-36.84894],[147.24098,-36.85912],[147.24186,-36.86406],[147.24776,-36.86612],[147.23975,-36.86793],[147.24121,-36.87101],[147.23631,-36.87285],[147.24488,-36.88343],[147.26215,-36.88319],[147.27143,-36.87742],[147.28367,-36.87874],[147.29233,-36.87415]]]},"properties":{"lga_name":"ALPINE","lga_official_name":"ALPINE SHIRE"}},{"type":"Feature","geometry":{"type":"Polygon","coordinates":[[[147.38658,-38.22395],[147.0633,-38.47834],[147.01752,-38.51647],[146.93165,-38.59629],[146.86851,-38.64629],[146.82618,-38.68472],[146.78595,-38.68084],[146.74998,-38.69502],[146.72615,-38.69952],[146.69813,-38.71783],[146.6762,-38.74195],[146.6571,-38.75513],[146.62571,-38.75943],[146.60491,-38.75573],[146.56409,-38.78524],[146.54875,-38.79113],[146.49451,-38.77475],[146.48264,-38.77784],[146.46805,-38.77218],[146.43965,-38.75566],[146.42665,-38.7392],[146.42393,-38.73032],[146.42637,-38.72134],[146.44157,-38.70833],[146.45347,-38.7089],[146.46811,-38.70325],[146.48043,-38.70652],[146.51823,-38.70744],[146.52041,-38.69533],[146.52601,-38.69237],[146.51831,-38.69066],[146.52147,-38.6889],[146.5262,-38.66404],[146.52044,-38.66332],[146.52835,-38.62305],[146.52495,-38.62263],[146.52559,-38.61927],[146.51222,-38.61597],[146.47835,-38.614],[146.47647,-38.60935],[146.46144,-38.6074],[146.46314,-38.59852],[146.44953,-38.59678],[146.44841,-38.60206],[146.42804,-38.60245],[146.42756,-38.60486],[146.40932,-38.60259],[146.41009,-38.59849],[146.40502,-38.59694],[146.39409,-38.59844],[146.37826,-38.58976],[146.37574,-38.59263],[146.36856,-38.59182],[146.37024,-38.58206],[146.36422,-38.57938],[146.36763,-38.57655],[146.35143,-38.57235],[146.34758,-38.57471],[146.34501,-38.57022],[146.33686,-38.5707],[146.33546,-38.56743],[146.32924,-38.56587],[146.33007,-38.56387],[146.3127,-38.56183],[146.31682,-38.55684],[146.31123,-38.5513],[146.31435,-38.54862],[146.31245,-38.54389],[146.31763,-38.54282],[146.32114,-38.53516],[146.32676,-38.53381],[146.326,-38.52917],[146.34436,-38.53633],[146.37086,-38.53223],[146.36999,-38.52961],[146.37491,-38.52781],[146.36757,-38.52045],[146.36674,-38.51346],[146.38398,-38.50398],[146.38072,-38.49745],[146.39327,-38.49491],[146.40361,-38.48526],[146.41224,-38.48689],[146.42383,-38.48265],[146.42754,-38.4746],[146.42402,-38.47296],[146.4312,-38.46941],[146.44794,-38.46299],[146.4561,-38.46562],[146.45911,-38.4592],[146.48259,-38.45603],[146.48512,-38.45245],[146.48051,-38.45018],[146.48443,-38.4492],[146.48079,-38.44418],[146.48891,-38.43934],[146.49162,-38.44124],[146.48901,-38.44446],[146.49082,-38.44732],[146.49761,-38.44618],[146.4995,-38.44215],[146.52732,-38.43852],[146.5261,-38.43206],[146.53234,-38.4298],[146.56524,-38.42928],[146.56859,-38.42483],[146.56301,-38.42237],[146.56628,-38.42051],[146.56572,-38.41263],[146.57897,-38.41435],[146.59036,-38.35449],[146.59469,-38.35072],[146.59373,-38.34435],[146.60083,-38.3392],[146.60228,-38.33439],[146.60219,-38.32422],[146.59662,-38.31548],[146.59773,-38.31053],[146.62186,-38.29293],[146.62269,-38.28859],[146.61981,-38.28732],[146.6296,-38.27252],[146.62798,-38.26893],[146.63227,-38.26416],[146.63238,-38.25841],[146.6516,-38.24116],[146.65691,-38.24042],[146.65554,-38.22435],[146.6647,-38.22237],[146.66872,-38.21709],[146.6755,-38.21749],[146.68094,-38.21242],[146.67981,-38.20266],[146.70826,-38.17215],[146.71218,-38.15514],[146.70416,-38.1529],[146.70202,-38.14906],[146.69705,-38.15661],[146.68731,-38.14949],[146.67512,-38.15385],[146.66858,-38.15197],[146.66808,-38.15495],[146.66754,-38.15245],[146.66362,-38.15311],[146.66481,-38.15088],[146.65124,-38.15287],[146.64646,-38.15168],[146.64469,-38.14804],[146.64792,-38.14758],[146.64276,-38.14577],[146.63753,-38.14656],[146.63827,-38.14924],[146.63274,-38.1528],[146.625,-38.15306],[146.62438,-38.15782],[146.6054,-38.16312],[146.60522,-38.1584],[146.60077,-38.16196],[146.59665,-38.15566],[146.59389,-38.15769],[146.58917,-38.15409],[146.57122,-38.1534],[146.57367,-38.14917],[146.57193,-38.14664],[146.57729,-38.14538],[146.57679,-38.14327],[146.58486,-38.14323],[146.58377,-38.1387],[146.58016,-38.13882],[146.5811,-38.12967],[146.57785,-38.12657],[146.58452,-38.12044],[146.58265,-38.11504],[146.59033,-38.1153],[146.59363,-38.10205],[146.61616,-38.0687],[146.65106,-38.07336],[146.65348,-38.06119],[146.66238,-38.05752],[146.66306,-38.05421],[146.62435,-38.04923],[146.62654,-38.03503],[146.65285,-38.01082],[146.65557,-37.99677],[146.64548,-37.99823],[146.63824,-37.99553],[146.62407,-37.97531],[146.62722,-37.97146],[146.61778,-37.97156],[146.61169,-37.97963],[146.60976,-37.97641],[146.6132,-37.97368],[146.60695,-37.97158],[146.60576,-37.97484],[146.59854,-37.97402],[146.59852,-37.98027],[146.59544,-37.9754],[146.5908,-37.97453],[146.58839,-37.97795],[146.58158,-37.97608],[146.57121,-37.98378],[146.56393,-37.98398],[146.56257,-37.97866],[146.55446,-37.97148],[146.55137,-37.97133],[146.55245,-37.97662],[146.54493,-37.9753],[146.54699,-37.96751],[146.53856,-37.96494],[146.53561,-37.96952],[146.53219,-37.9639],[146.52406,-37.96366],[146.51941,-37.97555],[146.51339,-37.97952],[146.51469,-37.98358],[146.49725,-37.9889],[146.49104,-37.98377],[146.48247,-37.98835],[146.4818,-37.99182],[146.47332,-37.99468],[146.50476,-37.69513],[146.50235,-37.69081],[146.51327,-37.68475],[146.51208,-37.68144],[146.51599,-37.67802],[146.51286,-37.67144],[146.50756,-37.6707],[146.49073,-37.6441],[146.47301,-37.63983],[146.46084,-37.6285],[146.45229,-37.61491],[146.44366,-37.61211],[146.43584,-37.61803],[146.5471,-37.36875],[146.64718,-37.16295],[146.6448,-37.14745],[146.64039,-37.14238],[146.63933,-37.12682],[146.64915,-37.12376],[146.65153,-37.12003],[146.66393,-37.12352],[146.66892,-37.13015],[146.68139,-37.13696],[146.68126,-37.14285],[146.68455,-37.14508],[146.7188,-37.15897],[146.74415,-37.15632],[146.74547,-37.14965],[146.75147,-37.14743],[146.75542,-37.14998],[146.76345,-37.14601],[146.77098,-37.15064],[146.78788,-37.17762],[146.82364,-37.19192],[146.82633,-37.20375],[147.33698,-37.27553],[147.38651,-37.21033],[147.40235,-37.21311],[147.41064,-37.21933],[147.42551,-37.2201],[147.4221,-37.22077],[147.42344,-37.22794],[147.41753,-37.23529],[147.42546,-37.25291],[147.42934,-37.25486],[147.42844,-37.26709],[147.43999,-37.27387],[147.4502,-37.26678],[147.45837,-37.26989],[147.46035,-37.27608],[147.45386,-37.28365],[147.45739,-37.28617],[147.43782,-37.39811],[147.41774,-37.39482],[147.41593,-37.4025],[147.4051,-37.41374],[147.40769,-37.41968],[147.41203,-37.41945],[147.41699,-37.42497],[147.41153,-37.42378],[147.41069,-37.42988],[147.40191,-37.43187],[147.39905,-37.43951],[147.40321,-37.44074],[147.40488,-37.44571],[147.40281,-37.44543],[147.40422,-37.44864],[147.39841,-37.44965],[147.39933,-37.45267],[147.40582,-37.45498],[147.39676,-37.45546],[147.39882,-37.45817],[147.39154,-37.45931],[147.39486,-37.46365],[147.38952,-37.46262],[147.39431,-37.46557],[147.39426,-37.472],[147.39933,-37.47693],[147.3937,-37.47823],[147.39334,-37.48221],[147.38933,-37.48186],[147.39269,-37.48448],[147.39084,-37.48638],[147.39365,-37.49537],[147.38963,-37.49709],[147.39372,-37.50017],[147.39279,-37.50488],[147.3968,-37.50174],[147.40135,-37.522],[147.40554,-37.52172],[147.40286,-37.52343],[147.40598,-37.52474],[147.40506,-37.53064],[147.40032,-37.52984],[147.40342,-37.53749],[147.39814,-37.53838],[147.40214,-37.54069],[147.3995,-37.54315],[147.35022,-37.5373],[147.34751,-37.5523],[147.33708,-37.55449],[147.32947,-37.56166],[147.32128,-37.55689],[147.31837,-37.56082],[147.31068,-37.56003],[147.30579,-37.55583],[147.29852,-37.56261],[147.29547,-37.55744],[147.28526,-37.5564],[147.2871,-37.56072],[147.2848,-37.56418],[147.27954,-37.56052],[147.27501,-37.56224],[147.26745,-37.56608],[147.2613,-37.57562],[147.24921,-37.57591],[147.24122,-37.58129],[147.21864,-37.57488],[147.21631,-37.57864],[147.20816,-37.58049],[147.20905,-37.59076],[147.19942,-37.59078],[147.19951,-37.5943],[147.19373,-37.59451],[147.1934,-37.60351],[147.18939,-37.60585],[147.18904,-37.61521],[147.19624,-37.62634],[147.20319,-37.62784],[147.213,-37.62495],[147.22207,-37.63264],[147.20341,-37.71732],[147.19841,-37.72605],[147.21374,-37.73137],[147.2149,-37.739],[147.21832,-37.74118],[147.20906,-37.74348],[147.21166,-37.74545],[147.22729,-37.74448],[147.23105,-37.74844],[147.23482,-37.74582],[147.24412,-37.74841],[147.24938,-37.7458],[147.25709,-37.75323],[147.26207,-37.75223],[147.26168,-37.75602],[147.23344,-37.76937],[147.28132,-37.77459],[147.2708,-37.82818],[147.27516,-37.82904],[147.27529,-37.8331],[147.26986,-37.83365],[147.26874,-37.83666],[147.27314,-37.84258],[147.26624,-37.85264],[147.27045,-37.85639],[147.26468,-37.86142],[147.27023,-37.86482],[147.26789,-37.86893],[147.27016,-37.87279],[147.27603,-37.87307],[147.27468,-37.87985],[147.27719,-37.87661],[147.28657,-37.87686],[147.2799,-37.88813],[147.28586,-37.89309],[147.27822,-37.89491],[147.277,-37.89872],[147.28329,-37.89971],[147.28584,-37.89709],[147.28741,-37.90193],[147.28555,-37.90433],[147.28005,-37.90313],[147.27876,-37.90565],[147.2833,-37.90463],[147.28602,-37.90788],[147.27923,-37.90957],[147.27869,-37.91351],[147.27257,-37.91669],[147.27838,-37.92165],[147.31294,-37.91127],[147.3616,-37.91779],[147.36237,-37.92323],[147.36671,-37.92523],[147.36496,-37.93173],[147.37138,-37.93583],[147.37377,-37.94665],[147.3769,-37.94827],[147.37142,-37.96222],[147.37517,-37.96718],[147.37314,-37.97037],[147.37734,-37.96899],[147.38216,-37.97522],[147.38144,-37.98004],[147.38846,-37.98337],[147.40172,-37.97855],[147.40886,-37.98139],[147.41072,-37.98588],[147.40678,-37.98843],[147.41127,-37.99069],[147.40606,-38.00095],[147.40904,-38.00341],[147.42356,-38.00392],[147.43785,-38.00925],[147.45703,-38.00771],[147.46359,-38.013],[147.4679,-38.02399],[147.46218,-38.0316],[147.46743,-38.03559],[147.46846,-38.0425],[147.46187,-38.04975],[147.46921,-38.05426],[147.45964,-38.0579],[147.45722,-38.06421],[147.46095,-38.07156],[147.44888,-38.07402],[147.45467,-38.07865],[147.48642,-38.06853],[147.4903,-38.07279],[147.50033,-38.07302],[147.51022,-38.06042],[147.52528,-38.05281],[147.53381,-38.05796],[147.5516,-38.05298],[147.56927,-38.05422],[147.58864,-38.03694],[147.6115,-38.02495],[147.6129,-38.01175],[147.6229,-38.01176],[147.65119,-37.99529],[147.6521,-37.98301],[147.66099,-37.97636],[147.68216,-37.9693],[147.68433,-37.96597],[147.69182,-37.96595],[147.71225,-37.9542],[147.72273,-37.96945],[147.6994,-37.98126],[147.6976,-37.99295],[147.70578,-37.99834],[147.64166,-38.03706],[147.54259,-38.10384],[147.47636,-38.15173],[147.38658,-38.22395]]]},"properties":{"lga_name":"WELLINGTON","lga_official_name":"WELLINGTON SHIRE"}},{"type":"Feature","geometry":{"type":"Polygon","coordinates":[[[145.06545,-36.16947],[145.07715,-36.16472],[145.07698,-36.16167],[145.08154,-36.16549],[145.09107,-36.15773],[145.08892,-36.16164],[145.09452,-36.16478],[145.10052,-36.16401],[145.10591,-36.16924],[145.11253,-36.16746],[145.11415,-36.17647],[145.12169,-36.17986],[145.12475,-36.17725],[145.12797,-36.18302],[145.13187,-36.18034],[145.13199,-36.28434],[145.15031,-36.28433],[145.15024,-36.34307],[145.03206,-36.34308],[145.03198,-36.49897],[145.14977,-36.49898],[145.15141,-36.52711],[145.15756,-36.53048],[145.15404,-36.53793],[145.15483,-36.55962],[145.14991,-36.56004],[145.15001,-36.58719],[145.13175,-36.58733],[145.13172,-36.67535],[145.08736,-36.67545],[145.04347,-36.65066],[145.03746,-36.67221],[145.04255,-36.67218],[145.04261,-36.68203],[145.0205,-36.68195],[145.01671,-36.67579],[145.01707,-36.66879],[144.98673,-36.69971],[144.93216,-36.69966],[144.93194,-36.74791],[144.77138,-36.75134],[144.76693,-36.74724],[144.75501,-36.75159],[144.75033,-36.75754],[144.7409,-36.75577],[144.72295,-36.76098],[144.66616,-36.7626],[144.66711,-36.72539],[144.51805,-36.72527],[144.51961,-36.71151],[144.52663,-36.70198],[144.52247,-36.69315],[144.52616,-36.68926],[144.53241,-36.69187],[144.53477,-36.68805],[144.53168,-36.68554],[144.53104,-36.67229],[144.52543,-36.65982],[144.53746,-36.65546],[144.53907,-36.64952],[144.54575,-36.64677],[144.54371,-36.64189],[144.5489,-36.63252],[144.56007,-36.62711],[144.56389,-36.6207],[144.56054,-36.61693],[144.56185,-36.61343],[144.56678,-36.6143],[144.57882,-36.6029],[144.57741,-36.59921],[144.58626,-36.59822],[144.58973,-36.59482],[144.58344,-36.5847],[144.58919,-36.58394],[144.59841,-36.57451],[144.59598,-36.56889],[144.58714,-36.5625],[144.58723,-36.55789],[144.60184,-36.55447],[144.60986,-36.55668],[144.61177,-36.55373],[144.60629,-36.54679],[144.61462,-36.54313],[144.61712,-36.53783],[144.60818,-36.52936],[144.62012,-36.52588],[144.62589,-36.52734],[144.62088,-36.5206],[144.61261,-36.52091],[144.61014,-36.51673],[144.6132,-36.51074],[144.61999,-36.50894],[144.62343,-36.50449],[144.62136,-36.50187],[144.61546,-36.50437],[144.6118,-36.49748],[144.62621,-36.49214],[144.62062,-36.48132],[144.62383,-36.47856],[144.63387,-36.48062],[144.64259,-36.47259],[144.65475,-36.47263],[144.65327,-36.4656],[144.65924,-36.46375],[144.66149,-36.45905],[144.66557,-36.46104],[144.67074,-36.45823],[144.66833,-36.45081],[144.67374,-36.44725],[144.67208,-36.44329],[144.65872,-36.44047],[144.66106,-36.43309],[144.66607,-36.431],[144.66578,-36.42712],[144.6696,-36.42413],[144.67385,-36.42608],[144.67398,-36.4233],[144.66906,-36.41269],[144.66528,-36.41083],[144.66818,-36.40658],[144.43011,-36.40667],[144.43022,-36.41129],[144.41571,-36.39631],[144.39976,-36.40751],[144.36974,-36.40785],[144.36881,-36.39528],[144.3592,-36.39394],[144.36107,-36.39209],[144.35849,-36.38526],[144.3301,-36.38524],[144.33184,-36.3277],[144.28173,-36.32771],[144.28164,-36.26261],[144.27377,-36.25501],[144.27508,-36.24735],[144.26979,-36.23765],[144.27352,-36.23543],[144.27086,-36.23183],[144.27299,-36.22939],[144.26679,-36.22478],[144.27067,-36.21983],[144.27224,-36.20207],[144.27882,-36.19453],[144.27675,-36.18815],[144.28237,-36.18161],[144.28108,-36.17393],[144.2891,-36.16669],[144.28497,-36.15885],[144.28605,-36.15343],[144.28265,-36.15231],[144.28689,-36.14883],[144.28942,-36.12918],[144.29556,-36.12294],[144.30241,-36.12551],[144.30529,-36.11558],[144.30869,-36.11399],[144.30923,-36.1054],[144.3149,-36.1004],[144.31885,-36.10124],[144.31326,-36.07539],[144.30651,-36.07182],[144.30802,-36.06505],[144.30412,-36.06126],[144.31014,-36.05253],[144.31785,-36.04983],[144.31614,-36.04389],[144.30885,-36.04272],[144.30669,-36.03188],[144.30023,-36.02994],[144.29101,-36.01892],[144.27995,-36.01327],[144.27628,-36.00355],[144.27987,-35.99855],[144.27695,-35.99398],[144.29141,-35.98441],[144.26006,-35.94899],[144.26253,-35.93212],[144.28604,-35.92356],[144.30128,-35.9286],[144.30621,-35.93414],[144.33557,-35.93418],[144.33089,-35.92755],[144.33864,-35.92521],[144.34604,-35.92812],[144.35342,-35.91952],[144.35485,-35.90929],[144.34907,-35.9109],[144.34713,-35.90687],[144.34196,-35.90661],[144.34357,-35.89431],[144.36172,-35.88628],[144.3819,-35.88436],[144.40414,-35.89501],[144.40859,-35.89889],[144.40905,-35.90463],[144.42452,-35.90019],[144.4251,-35.90235],[144.41687,-35.90586],[144.41657,-35.9101],[144.42071,-35.91087],[144.42049,-35.90625],[144.42357,-35.906],[144.42649,-35.91863],[144.43969,-35.92477],[144.44018,-35.93217],[144.44538,-35.93129],[144.44637,-35.93509],[144.45247,-35.9371],[144.45788,-35.93584],[144.45999,-35.93963],[144.46168,-35.93453],[144.46627,-35.93344],[144.46394,-35.94072],[144.47219,-35.94096],[144.467,-35.94633],[144.47538,-35.94793],[144.4797,-35.9454],[144.4812,-35.94737],[144.47768,-35.95153],[144.47975,-35.95347],[144.48334,-35.94938],[144.4879,-35.94974],[144.48237,-35.95194],[144.48114,-35.95865],[144.48878,-35.95712],[144.4874,-35.96407],[144.4936,-35.96863],[144.49755,-35.96847],[144.50153,-35.95809],[144.50097,-35.97061],[144.50748,-35.97103],[144.51321,-35.96516],[144.51487,-35.96669],[144.51053,-35.96951],[144.51009,-35.97394],[144.52049,-35.97013],[144.52115,-35.97344],[144.51614,-35.97921],[144.51656,-35.98623],[144.51191,-35.98907],[144.5157,-35.99521],[144.52861,-35.99408],[144.53905,-36.001],[144.5476,-36.00062],[144.54748,-36.00502],[144.5538,-36.00304],[144.55779,-36.0141],[144.56305,-36.00753],[144.56416,-36.01681],[144.57064,-36.01709],[144.57127,-36.02407],[144.57947,-36.02102],[144.58658,-36.02718],[144.58143,-36.02994],[144.58338,-36.03901],[144.58895,-36.03835],[144.59207,-36.04337],[144.59938,-36.0374],[144.60685,-36.04252],[144.61032,-36.03948],[144.60574,-36.03671],[144.61565,-36.03156],[144.61896,-36.03907],[144.6133,-36.04248],[144.6176,-36.04684],[144.60846,-36.0638],[144.61584,-36.06646],[144.61049,-36.07125],[144.61772,-36.07712],[144.62205,-36.0762],[144.62091,-36.071],[144.62835,-36.06529],[144.61986,-36.06317],[144.61844,-36.0597],[144.62643,-36.0618],[144.62508,-36.05205],[144.63262,-36.04816],[144.6375,-36.04754],[144.64383,-36.05662],[144.64655,-36.05611],[144.64692,-36.05099],[144.65297,-36.05302],[144.65469,-36.07535],[144.6579,-36.07037],[144.66063,-36.07584],[144.66463,-36.0766],[144.66795,-36.06861],[144.67,-36.07166],[144.67399,-36.06803],[144.67855,-36.06916],[144.67871,-36.06252],[144.68883,-36.06128],[144.68789,-36.06634],[144.69241,-36.06963],[144.68231,-36.08404],[144.68431,-36.09561],[144.68859,-36.09573],[144.69284,-36.09114],[144.69774,-36.0939],[144.69871,-36.08723],[144.70698,-36.09293],[144.71909,-36.08587],[144.71962,-36.09054],[144.72595,-36.09066],[144.72316,-36.09417],[144.72542,-36.09882],[144.71883,-36.10112],[144.71839,-36.11366],[144.72535,-36.11232],[144.72653,-36.11806],[144.73412,-36.1169],[144.73126,-36.11186],[144.74042,-36.10752],[144.74355,-36.10891],[144.74787,-36.12181],[144.77196,-36.11612],[144.77748,-36.12988],[144.7874,-36.12732],[144.7854,-36.1223],[144.7921,-36.12261],[144.79869,-36.1132],[144.80059,-36.11507],[144.79531,-36.11747],[144.79658,-36.11969],[144.80866,-36.12325],[144.8135,-36.11391],[144.80727,-36.11342],[144.80654,-36.10746],[144.81648,-36.10952],[144.81033,-36.10226],[144.81985,-36.108],[144.82394,-36.10263],[144.83258,-36.10487],[144.84091,-36.10162],[144.84838,-36.1093],[144.8494,-36.10265],[144.85285,-36.10684],[144.85254,-36.10331],[144.85838,-36.10174],[144.8572,-36.09865],[144.8497,-36.09918],[144.85199,-36.09514],[144.84993,-36.09349],[144.8547,-36.09308],[144.85242,-36.09017],[144.86039,-36.08991],[144.86076,-36.08576],[144.86685,-36.09227],[144.86966,-36.09212],[144.86944,-36.08869],[144.87444,-36.09008],[144.87536,-36.09435],[144.88243,-36.08928],[144.88371,-36.09252],[144.8932,-36.09343],[144.89518,-36.09063],[144.89092,-36.08595],[144.89638,-36.08865],[144.89702,-36.07907],[144.90142,-36.08372],[144.90424,-36.07794],[144.90553,-36.08437],[144.9099,-36.08354],[144.91818,-36.08799],[144.91639,-36.09154],[144.91994,-36.09444],[144.92538,-36.09263],[144.9243,-36.09902],[144.93047,-36.09999],[144.92723,-36.10565],[144.9325,-36.10475],[144.93125,-36.10927],[144.93642,-36.10967],[144.93905,-36.11389],[144.94289,-36.1098],[144.95244,-36.1139],[144.95973,-36.10676],[144.96711,-36.11051],[144.96277,-36.11244],[144.96644,-36.11383],[144.96354,-36.11649],[144.96873,-36.12047],[144.9749,-36.11941],[144.97224,-36.12559],[144.98171,-36.12705],[144.97994,-36.12354],[144.9845,-36.12551],[144.98365,-36.12152],[144.98952,-36.11463],[144.99579,-36.11505],[144.99213,-36.1172],[144.99378,-36.12432],[145.00388,-36.12863],[144.99931,-36.1343],[145.00219,-36.13481],[145.00117,-36.13941],[145.00371,-36.13674],[145.01173,-36.14007],[145.00927,-36.14171],[145.01253,-36.14612],[145.00734,-36.14642],[145.00665,-36.15081],[145.00999,-36.14764],[145.01408,-36.15147],[145.01088,-36.15478],[145.01403,-36.16058],[145.01816,-36.1603],[145.01692,-36.15494],[145.02399,-36.15881],[145.02121,-36.15434],[145.02736,-36.15409],[145.02836,-36.14817],[145.02986,-36.15517],[145.03764,-36.15237],[145.03565,-36.15553],[145.03999,-36.15425],[145.03947,-36.15887],[145.04124,-36.15513],[145.04266,-36.15775],[145.0458,-36.1562],[145.04616,-36.16153],[145.05449,-36.16445],[145.05665,-36.16206],[145.06132,-36.16486],[145.06134,-36.17089],[145.0634,-36.16734],[145.06545,-36.16947]]]},"properties":{"lga_name":"CAMPASPE","lga_official_name":"CAMPASPE SHIRE"}},{"type":"Feature","geometry":{"type":"Polygon","coordinates":[[[143.3405,-34.88185],[143.33647,-34.87956],[143.33301,-34.88871],[143.334,-34.88594],[143.32792,-34.88261],[143.32115,-34.88854],[143.32846,-34.89532],[143.32578,-34.8981],[143.3327,-34.905],[143.32984,-34.90647],[143.333,-34.91116],[143.34037,-34.91399],[143.34219,-34.91927],[143.33924,-34.92805],[143.34279,-34.93269],[143.33752,-34.93709],[143.33729,-34.94051],[143.34121,-34.94073],[143.33734,-34.94538],[143.33316,-34.93871],[143.32454,-34.94363],[143.32181,-34.94238],[143.31963,-34.94806],[143.32258,-34.95095],[143.31738,-34.95245],[143.32383,-34.97916],[143.31803,-34.98639],[143.31857,-34.99292],[143.32962,-34.99563],[143.33811,-35.01085],[143.33167,-35.02366],[143.33474,-35.02633],[143.33264,-35.0278],[143.33597,-35.0373],[143.33073,-35.03745],[143.32766,-35.03385],[143.32195,-35.03659],[143.3278,-35.03795],[143.32425,-35.04189],[143.32953,-35.04149],[143.32873,-35.0459],[143.33658,-35.04317],[143.33027,-35.05369],[143.33444,-35.05432],[143.33432,-35.04923],[143.33727,-35.04863],[143.33985,-35.05534],[143.33801,-35.06167],[143.34165,-35.06221],[143.34175,-35.05851],[143.35077,-35.06452],[143.34996,-35.06971],[143.34223,-35.0646],[143.33867,-35.06928],[143.3456,-35.07396],[143.34305,-35.07886],[143.33742,-35.08028],[143.34354,-35.08235],[143.34163,-35.08498],[143.34511,-35.08708],[143.34084,-35.08835],[143.346,-35.0936],[143.34074,-35.09547],[143.34459,-35.09629],[143.34816,-35.10537],[143.34883,-35.10057],[143.35274,-35.10298],[143.35276,-35.09965],[143.36098,-35.1031],[143.35772,-35.10477],[143.36185,-35.11648],[143.37383,-35.12245],[143.37669,-35.12885],[143.38727,-35.13768],[143.387,-35.14345],[143.39068,-35.14479],[143.38989,-35.14992],[143.38239,-35.15633],[143.38696,-35.15945],[143.38269,-35.16291],[143.3875,-35.16222],[143.38227,-35.17361],[143.39014,-35.17113],[143.39407,-35.17739],[143.38715,-35.18272],[143.38813,-35.18588],[143.39318,-35.18551],[143.39101,-35.18889],[143.39574,-35.19301],[143.40066,-35.18988],[143.40436,-35.19369],[143.41677,-35.19493],[143.42553,-35.18941],[143.4315,-35.19507],[143.43374,-35.19068],[143.44953,-35.18907],[143.45069,-35.19436],[143.45612,-35.19633],[143.45915,-35.20328],[143.46476,-35.20254],[143.46624,-35.21447],[143.47159,-35.21933],[143.49436,-35.21999],[143.50504,-35.21377],[143.51832,-35.21145],[143.52381,-35.21917],[143.52899,-35.21984],[143.54859,-35.21372],[143.54706,-35.20604],[143.5635,-35.2024],[143.57093,-35.20697],[143.58013,-35.21424],[143.58112,-35.21996],[143.57591,-35.22631],[143.57814,-35.23175],[143.56427,-35.23619],[143.5667,-35.24013],[143.56367,-35.24336],[143.56975,-35.24612],[143.57408,-35.25652],[143.57174,-35.26815],[143.58355,-35.26497],[143.58079,-35.26913],[143.58243,-35.27281],[143.59077,-35.27384],[143.58444,-35.27903],[143.5908,-35.28147],[143.58229,-35.28731],[143.5797,-35.2956],[143.58228,-35.29807],[143.57708,-35.2984],[143.57781,-35.30328],[143.56902,-35.30243],[143.57272,-35.30564],[143.56745,-35.3084],[143.56145,-35.32467],[143.56418,-35.32746],[143.56197,-35.33638],[143.56516,-35.34214],[143.56984,-35.34299],[143.57353,-35.33723],[143.57455,-35.34064],[143.58168,-35.34079],[143.59034,-35.35033],[143.59712,-35.35105],[143.60302,-35.36539],[143.60845,-35.36658],[143.60983,-35.37002],[143.61608,-35.36893],[143.61333,-35.37679],[143.61905,-35.38212],[143.61962,-35.38703],[143.6247,-35.38789],[143.62653,-35.38077],[143.62992,-35.38475],[143.633,-35.38334],[143.63464,-35.38656],[143.62938,-35.39235],[143.63249,-35.39628],[143.63787,-35.3962],[143.64041,-35.40105],[143.65388,-35.39486],[143.6524,-35.39142],[143.65563,-35.39087],[143.65714,-35.38498],[143.66807,-35.38598],[143.66416,-35.37766],[143.66774,-35.37117],[143.67648,-35.37056],[143.68284,-35.37411],[143.68452,-35.36815],[143.68891,-35.37132],[143.68948,-35.37738],[143.69285,-35.37785],[143.69306,-35.38384],[143.69701,-35.38382],[143.70251,-35.37781],[143.70318,-35.38927],[143.71177,-35.38471],[143.70949,-35.39269],[143.72677,-35.39024],[143.73202,-35.39402],[143.73952,-35.39352],[143.74551,-35.38628],[143.74584,-35.38868],[143.75143,-35.38792],[143.75158,-35.39245],[143.75758,-35.39458],[143.76439,-35.39257],[143.76282,-35.40035],[143.76873,-35.40158],[143.76882,-35.40793],[143.76155,-35.41027],[143.75907,-35.41444],[143.7598,-35.41738],[143.76613,-35.41607],[143.76285,-35.42305],[143.78996,-35.42231],[143.79373,-35.42955],[143.80008,-35.43345],[143.80871,-35.43324],[143.81905,-35.4385],[143.81247,-35.44436],[143.81652,-35.44898],[143.8024,-35.44757],[143.79633,-35.45541],[143.7985,-35.45953],[143.80194,-35.45768],[143.80263,-35.45989],[143.79402,-35.46195],[143.79115,-35.46648],[143.80289,-35.47031],[143.80413,-35.47602],[143.80763,-35.4757],[143.81162,-35.49212],[143.80567,-35.49213],[143.80565,-35.50011],[143.76114,-35.5001],[143.74969,-35.49435],[143.70896,-35.49422],[143.73462,-35.52512],[143.72888,-35.52955],[143.63874,-35.52949],[143.64149,-35.57275],[143.28816,-35.57493],[143.28826,-35.65471],[143.20027,-35.65456],[143.19708,-35.64106],[143.19903,-35.63425],[143.19204,-35.62364],[143.18731,-35.60756],[143.19097,-35.60239],[143.19187,-35.58692],[143.19877,-35.57984],[143.20153,-35.56408],[143.19794,-35.55125],[143.17448,-35.54289],[143.13677,-35.54508],[143.1338,-35.53945],[143.13562,-35.53181],[143.12474,-35.52414],[143.12353,-35.51457],[143.13052,-35.50175],[143.13131,-35.49081],[142.99718,-35.49094],[142.99719,-35.37379],[143.0104,-35.37379],[143.00649,-35.3121],[143.01012,-35.30766],[143.0098,-35.30269],[143.0058,-35.30049],[143.0033,-35.24936],[142.85639,-35.23923],[142.85638,-35.23113],[142.83003,-35.23494],[142.8212,-35.23464],[142.81799,-35.23083],[142.81476,-35.2324],[142.8147,-35.23663],[142.79378,-35.24753],[142.74826,-35.19914],[142.73454,-35.19791],[142.73646,-35.14444],[142.74294,-35.11505],[142.69722,-35.11456],[142.6962,-34.93939],[142.69345,-34.93465],[142.69729,-34.92427],[142.69737,-34.88692],[142.69126,-34.8838],[142.65339,-34.8843],[142.65091,-34.88669],[142.64122,-34.88398],[142.64423,-34.87266],[142.63541,-34.86405],[142.51862,-34.8639],[142.52086,-34.78313],[142.51848,-34.78222],[142.51855,-34.75605],[142.52751,-34.75972],[142.53351,-34.75311],[142.53881,-34.76296],[142.55037,-34.76282],[142.55042,-34.76914],[142.55686,-34.77555],[142.56691,-34.76695],[142.57578,-34.77141],[142.59477,-34.77249],[142.61677,-34.78554],[142.62983,-34.78483],[142.63923,-34.78034],[142.64447,-34.77527],[142.64631,-34.76336],[142.63952,-34.75755],[142.62644,-34.76084],[142.62045,-34.75717],[142.6163,-34.73671],[142.61832,-34.72874],[142.62349,-34.72751],[142.63734,-34.73503],[142.65218,-34.72945],[142.66205,-34.72163],[142.66749,-34.73586],[142.67896,-34.73919],[142.68666,-34.73392],[142.67626,-34.72912],[142.67827,-34.72239],[142.69094,-34.72671],[142.69941,-34.72446],[142.69771,-34.72067],[142.68448,-34.71404],[142.69108,-34.70138],[142.68223,-34.69078],[142.6789,-34.68084],[142.68054,-34.67287],[142.68415,-34.67087],[142.70592,-34.6795],[142.71076,-34.67576],[142.70861,-34.66216],[142.69544,-34.65996],[142.68921,-34.65253],[142.69738,-34.64097],[142.69496,-34.6359],[142.70079,-34.6245],[142.70879,-34.62265],[142.70744,-34.61884],[142.68951,-34.61829],[142.69049,-34.61572],[142.70397,-34.61349],[142.69999,-34.59937],[142.7043,-34.59756],[142.71483,-34.60043],[142.72362,-34.59227],[142.73717,-34.60145],[142.74661,-34.60303],[142.75918,-34.60012],[142.76352,-34.59673],[142.76341,-34.59042],[142.7469,-34.58777],[142.7483,-34.57675],[142.75849,-34.57977],[142.78348,-34.5795],[142.78149,-34.57396],[142.77264,-34.57218],[142.77,-34.5685],[142.77166,-34.56592],[142.77795,-34.56742],[142.78246,-34.5649],[142.78868,-34.55744],[142.78812,-34.5506],[142.79129,-34.54636],[142.79442,-34.55141],[142.80577,-34.55417],[142.8101,-34.56083],[142.79643,-34.57206],[142.80108,-34.57929],[142.78602,-34.58386],[142.78736,-34.58997],[142.79799,-34.59779],[142.80256,-34.58925],[142.80987,-34.58882],[142.80966,-34.59511],[142.80295,-34.60166],[142.805,-34.60839],[142.81851,-34.61235],[142.81852,-34.60312],[142.82312,-34.60024],[142.82504,-34.60877],[142.83824,-34.61303],[142.84107,-34.6262],[142.84549,-34.62632],[142.84732,-34.62042],[142.85202,-34.61916],[142.86115,-34.62805],[142.86818,-34.62729],[142.85511,-34.63917],[142.85863,-34.64496],[142.85985,-34.63975],[142.86329,-34.63903],[142.8642,-34.64395],[142.8717,-34.65046],[142.86957,-34.65715],[142.86036,-34.6651],[142.86419,-34.6671],[142.87166,-34.66381],[142.87481,-34.6744],[142.88662,-34.67217],[142.88681,-34.67987],[142.89394,-34.67852],[142.89118,-34.6718],[142.8998,-34.67177],[142.89309,-34.66563],[142.90053,-34.66239],[142.90135,-34.65491],[142.9239,-34.64785],[142.92209,-34.65643],[142.93243,-34.65547],[142.93502,-34.66073],[142.94316,-34.66161],[142.94869,-34.66963],[142.95909,-34.66493],[142.95793,-34.67106],[142.9628,-34.67564],[142.96762,-34.69183],[142.97253,-34.69516],[142.97713,-34.69322],[142.98225,-34.68269],[142.97515,-34.67088],[142.98589,-34.66835],[142.98932,-34.66257],[142.99458,-34.67386],[143.00114,-34.66966],[143.01728,-34.67365],[143.0081,-34.68598],[143.01018,-34.69365],[143.02179,-34.69285],[143.0242,-34.68291],[143.0325,-34.68292],[143.02943,-34.69184],[143.03947,-34.7026],[143.04439,-34.69929],[143.03752,-34.69167],[143.04042,-34.68588],[143.04361,-34.68699],[143.04695,-34.69707],[143.05482,-34.69884],[143.06486,-34.6894],[143.06698,-34.67946],[143.07077,-34.67837],[143.07185,-34.68939],[143.07623,-34.69595],[143.09257,-34.70127],[143.10649,-34.69231],[143.11235,-34.68089],[143.12109,-34.68747],[143.11143,-34.6872],[143.10707,-34.70154],[143.12761,-34.69273],[143.11827,-34.69825],[143.11803,-34.70298],[143.13347,-34.70056],[143.13495,-34.70778],[143.1474,-34.71474],[143.14796,-34.70878],[143.15638,-34.69932],[143.16169,-34.6979],[143.1658,-34.70198],[143.16536,-34.71812],[143.1732,-34.7197],[143.17563,-34.71319],[143.18099,-34.70947],[143.17931,-34.71732],[143.19175,-34.71277],[143.20009,-34.71705],[143.1969,-34.72115],[143.20092,-34.73343],[143.21885,-34.72946],[143.22247,-34.73253],[143.21385,-34.738],[143.22127,-34.74288],[143.21911,-34.75263],[143.2244,-34.75871],[143.22892,-34.75774],[143.22878,-34.74778],[143.24073,-34.74539],[143.24416,-34.75487],[143.24891,-34.75789],[143.26494,-34.7486],[143.27406,-34.75268],[143.26744,-34.75477],[143.27159,-34.75947],[143.25414,-34.76664],[143.25203,-34.77248],[143.25772,-34.77861],[143.26304,-34.77356],[143.27302,-34.77649],[143.27215,-34.77969],[143.27616,-34.7823],[143.27357,-34.78907],[143.27674,-34.79225],[143.2865,-34.79529],[143.2847,-34.78491],[143.29382,-34.79077],[143.29699,-34.78538],[143.30858,-34.78002],[143.31308,-34.78125],[143.313,-34.787],[143.3174,-34.7907],[143.32909,-34.78634],[143.33364,-34.79341],[143.34821,-34.79188],[143.35158,-34.7953],[143.34727,-34.80675],[143.35956,-34.81689],[143.3516,-34.82325],[143.3542,-34.83023],[143.35059,-34.8343],[143.35134,-34.83877],[143.34136,-34.84568],[143.34321,-34.84823],[143.35542,-34.84718],[143.34909,-34.84758],[143.34525,-34.85289],[143.3525,-34.85842],[143.34828,-34.86138],[143.34865,-34.86478],[143.33819,-34.87049],[143.33765,-34.87575],[143.34288,-34.87591],[143.3405,-34.88185]]]},"properties":{"lga_name":"SWAN HILL","lga_official_name":"SWAN HILL RURAL CITY"}},{"type":"Feature","geometry":{"type":"Polygon","coordinates":[[[148.67052,-37.8021],[148.62748,-37.80796],[148.60821,-37.80263],[148.59058,-37.80194],[148.36692,-37.80397],[148.28074,-37.81225],[148.19249,-37.82859],[148.07023,-37.86546],[148.05185,-37.86754],[147.97901,-37.88964],[147.95746,-37.89314],[147.88294,-37.91794],[147.788,-37.95547],[147.70578,-37.99834],[147.6976,-37.99295],[147.6994,-37.98126],[147.72273,-37.96945],[147.71194,-37.95429],[147.69182,-37.96595],[147.68433,-37.96597],[147.68216,-37.9693],[147.66099,-37.97636],[147.6521,-37.98301],[147.65119,-37.99529],[147.6229,-38.01176],[147.6129,-38.01175],[147.6115,-38.02495],[147.58864,-38.03694],[147.57057,-38.05366],[147.5516,-38.05298],[147.53381,-38.05796],[147.52528,-38.05281],[147.51022,-38.06042],[147.50033,-38.07302],[147.4903,-38.07279],[147.48642,-38.06853],[147.4567,-38.07853],[147.45071,-38.0771],[147.44884,-38.07424],[147.45094,-38.07264],[147.46106,-38.07136],[147.45722,-38.06421],[147.4599,-38.05756],[147.46921,-38.05426],[147.46187,-38.04975],[147.46846,-38.0425],[147.46743,-38.03559],[147.46218,-38.0316],[147.4679,-38.02399],[147.46359,-38.013],[147.45703,-38.00771],[147.43785,-38.00925],[147.42356,-38.00392],[147.40904,-38.00341],[147.40606,-38.00095],[147.41127,-37.99069],[147.40678,-37.98843],[147.41072,-37.98588],[147.40886,-37.98139],[147.40172,-37.97855],[147.38846,-37.98337],[147.38144,-37.98004],[147.38216,-37.97522],[147.37734,-37.96899],[147.37314,-37.97037],[147.37517,-37.96718],[147.37142,-37.96222],[147.3769,-37.94827],[147.37377,-37.94665],[147.37138,-37.93583],[147.36496,-37.93173],[147.36671,-37.92523],[147.36237,-37.92323],[147.3616,-37.91779],[147.31294,-37.91127],[147.28172,-37.9212],[147.27425,-37.92012],[147.27268,-37.91621],[147.27869,-37.91351],[147.27923,-37.90957],[147.28602,-37.90788],[147.2833,-37.90463],[147.2785,-37.90538],[147.28079,-37.90254],[147.28646,-37.90383],[147.28584,-37.89709],[147.28329,-37.89971],[147.277,-37.89872],[147.27822,-37.89491],[147.28586,-37.89309],[147.2799,-37.88813],[147.28657,-37.87686],[147.27719,-37.87661],[147.27468,-37.87985],[147.27603,-37.87307],[147.27016,-37.87279],[147.26789,-37.86893],[147.27023,-37.86482],[147.26468,-37.86142],[147.27045,-37.85639],[147.26624,-37.85264],[147.27314,-37.84258],[147.26874,-37.83666],[147.26986,-37.83365],[147.27529,-37.8331],[147.27516,-37.82904],[147.2708,-37.82818],[147.28132,-37.77459],[147.23344,-37.76937],[147.26168,-37.75602],[147.26207,-37.75223],[147.25709,-37.75323],[147.24938,-37.7458],[147.24412,-37.74841],[147.23482,-37.74582],[147.23105,-37.74844],[147.22729,-37.74448],[147.21166,-37.74545],[147.20906,-37.74348],[147.21832,-37.74118],[147.2149,-37.739],[147.2142,-37.73206],[147.1981,-37.72393],[147.20341,-37.71732],[147.22207,-37.63283],[147.213,-37.62495],[147.20319,-37.62784],[147.19624,-37.62634],[147.18904,-37.61521],[147.19373,-37.59451],[147.19951,-37.5943],[147.19942,-37.59078],[147.20905,-37.59076],[147.20816,-37.58049],[147.22302,-37.57435],[147.22669,-37.57795],[147.24094,-37.58133],[147.24921,-37.57591],[147.2613,-37.57562],[147.26745,-37.56608],[147.27501,-37.56224],[147.27954,-37.56052],[147.2848,-37.56418],[147.2871,-37.56072],[147.28526,-37.5564],[147.29547,-37.55744],[147.29852,-37.56261],[147.30579,-37.55583],[147.31068,-37.56003],[147.31837,-37.56082],[147.32128,-37.55689],[147.32947,-37.56166],[147.33708,-37.55449],[147.34751,-37.5523],[147.35022,-37.5373],[147.3995,-37.54315],[147.40214,-37.54069],[147.39814,-37.53838],[147.40342,-37.53749],[147.40032,-37.52984],[147.40506,-37.53064],[147.40598,-37.52474],[147.40286,-37.52343],[147.40554,-37.52172],[147.40135,-37.522],[147.3968,-37.50174],[147.39279,-37.50488],[147.39372,-37.50017],[147.38963,-37.49709],[147.39365,-37.49537],[147.39084,-37.48638],[147.39269,-37.48448],[147.38933,-37.48186],[147.39334,-37.48221],[147.3937,-37.47823],[147.39933,-37.47693],[147.39426,-37.472],[147.39431,-37.46557],[147.38952,-37.46262],[147.39486,-37.46365],[147.39154,-37.45931],[147.39882,-37.45817],[147.39676,-37.45546],[147.40582,-37.45498],[147.39933,-37.45267],[147.39841,-37.44965],[147.40422,-37.44864],[147.40281,-37.44543],[147.40488,-37.44571],[147.40321,-37.44074],[147.39905,-37.43951],[147.40191,-37.43187],[147.41069,-37.42988],[147.41153,-37.42378],[147.41699,-37.42497],[147.41203,-37.41945],[147.40769,-37.41968],[147.4051,-37.41374],[147.41593,-37.4025],[147.41774,-37.39482],[147.43782,-37.39811],[147.45739,-37.28617],[147.45386,-37.28365],[147.46035,-37.27608],[147.45837,-37.26989],[147.4502,-37.26678],[147.43999,-37.27387],[147.42844,-37.26709],[147.42934,-37.25486],[147.42546,-37.25291],[147.41753,-37.23529],[147.42344,-37.22794],[147.4221,-37.22077],[147.42551,-37.2201],[147.41137,-37.21951],[147.40235,-37.21311],[147.38364,-37.21124],[147.38352,-37.20224],[147.36879,-37.19827],[147.35867,-37.18057],[147.34647,-37.17056],[147.34442,-37.16063],[147.33149,-37.15302],[147.33218,-37.14966],[147.32507,-37.14145],[147.32844,-37.13291],[147.32358,-37.12524],[147.32548,-37.12172],[147.3164,-37.11385],[147.35922,-37.11433],[147.36354,-37.10982],[147.36507,-37.10145],[147.37005,-37.10323],[147.38052,-37.0987],[147.37932,-37.09122],[147.38278,-37.08259],[147.38033,-37.05871],[147.39046,-37.05244],[147.38946,-37.04849],[147.38548,-37.04936],[147.39225,-37.04571],[147.38789,-37.04151],[147.39094,-37.03934],[147.38904,-37.03135],[147.37142,-37.02994],[147.34999,-37.0364],[147.34904,-37.03256],[147.31358,-37.01993],[147.3072,-37.01326],[147.2938,-37.00698],[147.28491,-37.00531],[147.27327,-37.00903],[147.2633,-37.00669],[147.28114,-36.92643],[147.29396,-36.91683],[147.29036,-36.90434],[147.32625,-36.87902],[147.34059,-36.87273],[147.34544,-36.86677],[147.34133,-36.83886],[147.33673,-36.82988],[147.32539,-36.82898],[147.31654,-36.82254],[147.30188,-36.82996],[147.28524,-36.82647],[147.29228,-36.82254],[147.29394,-36.80994],[147.27589,-36.79354],[147.26841,-36.77918],[147.27984,-36.76763],[147.28577,-36.76844],[147.29068,-36.76509],[147.29253,-36.75664],[147.28833,-36.75222],[147.29045,-36.73778],[147.29846,-36.73313],[147.3107,-36.73167],[147.32632,-36.73876],[147.34518,-36.73898],[147.36822,-36.734],[147.38597,-36.75599],[147.40748,-36.7653],[147.40621,-36.77731],[147.413,-36.7833],[147.42406,-36.78588],[147.42401,-36.78972],[147.43373,-36.79892],[147.47318,-36.81247],[147.46439,-36.80197],[147.46318,-36.7946],[147.46876,-36.79336],[147.47046,-36.78378],[147.49636,-36.78144],[147.50129,-36.77617],[147.51441,-36.77378],[147.5203,-36.77568],[147.52969,-36.77015],[147.53257,-36.76583],[147.52624,-36.75749],[147.53993,-36.74645],[147.53927,-36.73836],[147.96021,-36.61242],[148.13447,-36.7437],[148.13203,-36.7449],[148.13259,-36.75094],[148.12082,-36.75599],[148.11961,-36.75904],[148.12611,-36.75943],[148.11285,-36.76827],[148.10385,-36.78781],[148.09798,-36.78724],[148.10007,-36.79138],[148.1047,-36.78985],[148.11047,-36.79805],[148.10881,-36.80051],[148.11259,-36.80009],[148.11908,-36.80577],[148.12295,-36.80102],[148.12616,-36.80151],[148.12698,-36.79643],[148.14679,-36.79528],[148.14888,-36.79184],[148.15692,-36.79002],[148.16394,-36.79474],[148.16905,-36.79275],[148.17965,-36.79644],[148.18231,-36.80479],[148.19498,-36.79631],[149.01738,-37.12866],[149.9763,-37.50502],[149.9646,-37.51179],[149.96223,-37.51511],[149.96435,-37.51794],[149.95784,-37.51505],[149.92512,-37.5261],[149.90697,-37.54261],[149.87659,-37.54012],[149.84452,-37.5457],[149.82049,-37.54473],[149.79665,-37.54946],[149.77445,-37.55799],[149.76379,-37.56498],[149.76225,-37.56929],[149.76584,-37.57442],[149.74981,-37.57855],[149.73714,-37.58726],[149.73152,-37.59546],[149.73219,-37.59907],[149.71838,-37.61183],[149.71682,-37.61649],[149.7192,-37.61911],[149.70653,-37.64349],[149.68211,-37.66462],[149.67742,-37.68498],[149.61804,-37.69994],[149.60099,-37.712],[149.59582,-37.72654],[149.58865,-37.7226],[149.57075,-37.72397],[149.52565,-37.73727],[149.51741,-37.74326],[149.51963,-37.74546],[149.5165,-37.7491],[149.50406,-37.74915],[149.49672,-37.75369],[149.49534,-37.76856],[149.4849,-37.77554],[149.46525,-37.76929],[149.43888,-37.77214],[149.43121,-37.77728],[149.41083,-37.7732],[149.38584,-37.77793],[149.36652,-37.77504],[149.34402,-37.77643],[149.29223,-37.78754],[149.28461,-37.79334],[149.28493,-37.79883],[149.27928,-37.79729],[149.27561,-37.80381],[149.26517,-37.79795],[149.2687,-37.79272],[149.26592,-37.78925],[149.2518,-37.78181],[149.21264,-37.77748],[149.18407,-37.78006],[149.12389,-37.77727],[148.93808,-37.78086],[148.90564,-37.78362],[148.88411,-37.78993],[148.86424,-37.78525],[148.82216,-37.78531],[148.75082,-37.79648],[148.74267,-37.80053],[148.74238,-37.80684],[148.73445,-37.80771],[148.72881,-37.81503],[148.72569,-37.81345],[148.726,-37.80857],[148.71068,-37.80286],[148.67052,-37.8021]]]},"properties":{"lga_name":"EAST GIPPSLAND","lga_official_name":"EAST GIPPSLAND SHIRE"}},{"type":"Feature","geometry":{"type":"Polygon","coordinates":[[[146.03012,-36.8773],[146.02815,-36.87213],[146.02167,-36.868],[146.01939,-36.85838],[146.00911,-36.85335],[145.9998,-36.86334],[145.99309,-36.86236],[145.97839,-36.87332],[145.9637,-36.87667],[145.96017,-36.8828],[145.96046,-36.89662],[145.95378,-36.90477],[145.93833,-36.90239],[145.92907,-36.9046],[145.92485,-36.92575],[145.91699,-36.92554],[145.91813,-36.91447],[145.90657,-36.9089],[145.90324,-36.89973],[145.89771,-36.89713],[145.8924,-36.88825],[145.87889,-36.88002],[145.87403,-36.88285],[145.86823,-36.87972],[145.86217,-36.88203],[145.86074,-36.87856],[145.86673,-36.83063],[145.8616,-36.82681],[145.86362,-36.82005],[145.87399,-36.81995],[145.87397,-36.81239],[145.86485,-36.81241],[145.86498,-36.80632],[145.87242,-36.79991],[145.86147,-36.80257],[145.85341,-36.79501],[145.84946,-36.79773],[145.84632,-36.79475],[145.84405,-36.79625],[145.83645,-36.78633],[145.82997,-36.78633],[145.82996,-36.77642],[145.82218,-36.77502],[145.82482,-36.77212],[145.82171,-36.76202],[145.82317,-36.75394],[145.81456,-36.74571],[145.81233,-36.73548],[145.81892,-36.71272],[145.82498,-36.70778],[145.82312,-36.69711],[145.82745,-36.69004],[145.82432,-36.68141],[145.839,-36.66785],[145.83671,-36.65418],[145.8392,-36.65046],[145.84516,-36.65128],[145.8508,-36.62442],[145.84374,-36.62348],[145.85537,-36.56828],[145.81944,-36.56341],[145.82327,-36.54458],[145.82332,-36.45403],[145.79919,-36.4589],[145.79374,-36.45548],[145.7965,-36.45277],[145.79017,-36.44729],[145.7776,-36.44844],[145.77544,-36.44374],[145.79856,-36.33087],[145.79845,-36.29896],[146.03094,-36.299],[146.0312,-36.26543],[146.03691,-36.25505],[146.13143,-36.25511],[146.13145,-36.28342],[146.14713,-36.29919],[146.18106,-36.29748],[146.18098,-36.3376],[146.19377,-36.33741],[146.19705,-36.33425],[146.20421,-36.34558],[146.20422,-36.36459],[146.21947,-36.35715],[146.2103,-36.40954],[146.20455,-36.41127],[146.22465,-36.44894],[146.17587,-36.47289],[146.18468,-36.48612],[146.20981,-36.50269],[146.20873,-36.50902],[146.20217,-36.50906],[146.20222,-36.51992],[146.19525,-36.52296],[146.19516,-36.54203],[146.1999,-36.54202],[146.19993,-36.562],[146.19503,-36.56358],[146.19495,-36.58756],[146.21276,-36.58948],[146.21095,-36.5977],[146.22534,-36.59963],[146.21927,-36.62594],[146.22166,-36.6265],[146.21817,-36.63009],[146.21277,-36.65484],[146.23518,-36.69723],[146.23098,-36.7167],[146.24476,-36.71979],[146.2545,-36.74328],[146.2501,-36.74829],[146.25093,-36.75502],[146.24337,-36.75832],[146.24447,-36.76581],[146.23974,-36.77719],[146.24838,-36.80107],[146.24733,-36.81599],[146.25124,-36.83999],[146.2435,-36.86036],[146.24335,-36.87201],[146.25896,-36.887],[146.25534,-36.90593],[146.26879,-36.91198],[146.27248,-36.91017],[146.28082,-36.92308],[146.2769,-36.92446],[146.27138,-36.91885],[146.25355,-36.91271],[146.24192,-36.91619],[146.22006,-36.91381],[146.20549,-36.90356],[146.19302,-36.89824],[146.18623,-36.8986],[146.18488,-36.89256],[146.17162,-36.89209],[146.16381,-36.88612],[146.16231,-36.8886],[146.15287,-36.88791],[146.15078,-36.88389],[146.1546,-36.88435],[146.15668,-36.87845],[146.15061,-36.87413],[146.13669,-36.87227],[146.13922,-36.87559],[146.13797,-36.88134],[146.1358,-36.87929],[146.12493,-36.88454],[146.12428,-36.87965],[146.11623,-36.87622],[146.10924,-36.86657],[146.06828,-36.86207],[146.05856,-36.90775],[146.04161,-36.90039],[146.03012,-36.8773]]]},"properties":{"lga_name":"BENALLA","lga_official_name":"BENALLA RURAL CITY"}},{"type":"Feature","geometry":{"type":"Polygon","coordinates":[[[146.11421,-38.82747],[146.06654,-38.81232],[146.03298,-38.81341],[146.01019,-38.82502],[145.99788,-38.84624],[145.99742,-38.8583],[146.0014,-38.86098],[146.00082,-38.86648],[146.00666,-38.87674],[146.00239,-38.88171],[145.9717,-38.89708],[145.93746,-38.89743],[145.92046,-38.91056],[145.92115,-38.90754],[145.91173,-38.89884],[145.9146,-38.8939],[145.91045,-38.89287],[145.91634,-38.88015],[145.91444,-38.8711],[145.89902,-38.84648],[145.89492,-38.8228],[145.88705,-38.81397],[145.86993,-38.7763],[145.83368,-38.72941],[145.79609,-38.69026],[145.77634,-38.67396],[145.73348,-38.64652],[145.74607,-38.6433],[145.81661,-38.6475],[145.8175,-38.64162],[145.81438,-38.63883],[145.81804,-38.63646],[145.81475,-38.63607],[145.81467,-38.62723],[145.80808,-38.62647],[145.81646,-38.58352],[145.76819,-38.60399],[145.76402,-38.59984],[145.77571,-38.56792],[145.75715,-38.56621],[145.76193,-38.53846],[145.72863,-38.53515],[145.73029,-38.52544],[145.72105,-38.52442],[145.7184,-38.53822],[145.6987,-38.53624],[145.70083,-38.51591],[145.69459,-38.50577],[145.69583,-38.50218],[145.67734,-38.48897],[145.67382,-38.48065],[145.67802,-38.46739],[145.67567,-38.46714],[145.67629,-38.46348],[145.68835,-38.46444],[145.6887,-38.4575],[145.68563,-38.45715],[145.6978,-38.39328],[145.69274,-38.386],[145.69595,-38.38085],[145.69478,-38.37596],[145.69176,-38.37322],[145.67144,-38.37099],[145.66293,-38.36619],[145.64932,-38.35417],[145.64465,-38.34237],[145.63452,-38.34377],[145.62393,-38.33617],[145.6057,-38.33242],[145.61246,-38.28556],[145.61892,-38.28906],[145.63857,-38.28248],[145.63812,-38.28475],[145.68019,-38.28947],[145.68147,-38.28217],[145.69091,-38.28309],[145.6896,-38.29012],[145.69873,-38.29111],[145.69972,-38.28565],[145.73269,-38.28934],[145.7354,-38.27455],[145.76132,-38.27746],[145.75879,-38.27553],[145.76216,-38.26831],[145.75961,-38.2649],[145.77195,-38.26632],[145.7731,-38.26113],[145.80047,-38.26435],[145.80155,-38.26933],[145.81454,-38.27394],[145.81266,-38.27615],[145.81676,-38.28568],[145.83115,-38.30347],[145.82769,-38.32043],[145.86246,-38.32445],[145.86291,-38.32187],[145.87657,-38.32344],[145.87772,-38.3163],[145.88494,-38.31694],[145.88463,-38.32885],[145.8898,-38.32939],[145.8884,-38.33683],[145.90656,-38.33902],[145.90108,-38.33157],[145.90203,-38.32648],[145.94064,-38.33071],[145.94179,-38.32327],[145.96536,-38.32361],[145.96757,-38.31187],[145.97788,-38.31306],[145.97671,-38.31959],[145.98782,-38.32086],[145.98644,-38.32763],[146.00699,-38.32974],[146.01162,-38.33276],[146.02427,-38.32952],[146.03434,-38.33177],[146.0542,-38.32361],[146.04963,-38.32051],[146.06394,-38.3106],[146.07309,-38.31869],[146.07443,-38.31428],[146.09055,-38.32847],[146.09659,-38.32576],[146.12268,-38.35999],[146.148,-38.34779],[146.16044,-38.34929],[146.16214,-38.34063],[146.18924,-38.34387],[146.19259,-38.32685],[146.20166,-38.32801],[146.2038,-38.31707],[146.25052,-38.32659],[146.24361,-38.35611],[146.2315,-38.3542],[146.22142,-38.36728],[146.21048,-38.36997],[146.21973,-38.37437],[146.23651,-38.37559],[146.24086,-38.37917],[146.23438,-38.38066],[146.23592,-38.38462],[146.22875,-38.41351],[146.23284,-38.41402],[146.23067,-38.42509],[146.22655,-38.42482],[146.22331,-38.44011],[146.2722,-38.44635],[146.26942,-38.45688],[146.23694,-38.45322],[146.23554,-38.46026],[146.23994,-38.46085],[146.23849,-38.46799],[146.26266,-38.47101],[146.25493,-38.49595],[146.29179,-38.50017],[146.29101,-38.50468],[146.28527,-38.50637],[146.2845,-38.52357],[146.29123,-38.52786],[146.31332,-38.51955],[146.31813,-38.52072],[146.32731,-38.53074],[146.32676,-38.53381],[146.32114,-38.53516],[146.31763,-38.54282],[146.31245,-38.54389],[146.31435,-38.54862],[146.31123,-38.5513],[146.31682,-38.55684],[146.3127,-38.56183],[146.33007,-38.56387],[146.32924,-38.56587],[146.33546,-38.56743],[146.33686,-38.5707],[146.34501,-38.57022],[146.34758,-38.57471],[146.35143,-38.57235],[146.36763,-38.57655],[146.36422,-38.57938],[146.37024,-38.58206],[146.36856,-38.59182],[146.37574,-38.59263],[146.37826,-38.58976],[146.39409,-38.59844],[146.40502,-38.59694],[146.41009,-38.59849],[146.40932,-38.60259],[146.42756,-38.60486],[146.42804,-38.60245],[146.44841,-38.60206],[146.44953,-38.59678],[146.46314,-38.59852],[146.46144,-38.6074],[146.47647,-38.60935],[146.47835,-38.614],[146.49275,-38.61586],[146.49328,-38.61342],[146.52559,-38.61927],[146.52495,-38.62263],[146.52835,-38.62305],[146.52044,-38.66332],[146.5262,-38.66404],[146.52147,-38.6889],[146.51831,-38.69066],[146.52601,-38.69237],[146.52041,-38.69533],[146.51823,-38.70744],[146.48043,-38.70652],[146.46811,-38.70325],[146.45347,-38.7089],[146.43999,-38.70898],[146.42637,-38.72134],[146.39482,-38.72028],[146.38607,-38.71632],[146.37832,-38.70133],[146.37771,-38.68897],[146.38051,-38.6854],[146.37663,-38.68378],[146.37167,-38.68649],[146.35101,-38.67236],[146.34498,-38.67696],[146.33707,-38.67452],[146.343,-38.68156],[146.33325,-38.68121],[146.33399,-38.68527],[146.33128,-38.68654],[146.34107,-38.69109],[146.33823,-38.69181],[146.32173,-38.68798],[146.29191,-38.69654],[146.28437,-38.6949],[146.28255,-38.69093],[146.25999,-38.69021],[146.25236,-38.69777],[146.24396,-38.69565],[146.24443,-38.68337],[146.23747,-38.68922],[146.22939,-38.68943],[146.23142,-38.69522],[146.21619,-38.69527],[146.21658,-38.69805],[146.22835,-38.69742],[146.22855,-38.70209],[146.2182,-38.70985],[146.20323,-38.7135],[146.21056,-38.71541],[146.20751,-38.72043],[146.19916,-38.71729],[146.19298,-38.72628],[146.19399,-38.72894],[146.18873,-38.73281],[146.18623,-38.74311],[146.19261,-38.74487],[146.2036,-38.76533],[146.21815,-38.77144],[146.22287,-38.77801],[146.22777,-38.80089],[146.23247,-38.80864],[146.24245,-38.81094],[146.27276,-38.8061],[146.26922,-38.80807],[146.26893,-38.81722],[146.26403,-38.82357],[146.27042,-38.86033],[146.28661,-38.86634],[146.29322,-38.87848],[146.28822,-38.8842],[146.28711,-38.89443],[146.29112,-38.90354],[146.29835,-38.90613],[146.32326,-38.90345],[146.3367,-38.87981],[146.36846,-38.86016],[146.38199,-38.8597],[146.39325,-38.85056],[146.41487,-38.85207],[146.42115,-38.83377],[146.42183,-38.81945],[146.41947,-38.81832],[146.42318,-38.8094],[146.42083,-38.80365],[146.43565,-38.79583],[146.43781,-38.77904],[146.46728,-38.78103],[146.4734,-38.78982],[146.47766,-38.79011],[146.47906,-38.79794],[146.47057,-38.833],[146.47588,-38.84258],[146.46886,-38.8608],[146.46804,-38.87364],[146.47315,-38.88083],[146.48386,-38.88246],[146.4808,-38.89139],[146.48691,-38.89339],[146.48578,-38.90843],[146.48913,-38.91072],[146.47409,-38.91635],[146.45589,-38.93988],[146.43615,-38.98054],[146.44618,-38.99803],[146.44554,-39.0041],[146.43174,-39.01018],[146.43591,-39.02028],[146.44289,-39.02213],[146.44498,-39.01778],[146.46066,-39.01979],[146.47513,-39.02564],[146.47622,-39.02766],[146.4729,-39.02882],[146.46969,-39.02657],[146.46409,-39.02891],[146.47025,-39.03591],[146.46186,-39.03498],[146.46087,-39.03745],[146.46391,-39.04196],[146.4697,-39.04047],[146.47356,-39.04638],[146.47723,-39.04354],[146.47436,-39.05452],[146.47873,-39.05274],[146.48335,-39.06039],[146.48011,-39.06673],[146.47585,-39.06308],[146.47431,-39.06517],[146.46309,-39.06109],[146.45493,-39.05417],[146.44806,-39.05658],[146.44328,-39.06411],[146.43112,-39.06558],[146.42505,-39.08317],[146.43463,-39.08935],[146.43859,-39.08739],[146.4416,-39.08953],[146.43703,-39.09476],[146.4353,-39.10642],[146.42668,-39.10896],[146.43171,-39.11458],[146.42418,-39.1145],[146.42191,-39.12239],[146.4266,-39.12794],[146.42482,-39.13095],[146.42076,-39.1258],[146.41579,-39.12547],[146.40676,-39.13097],[146.3911,-39.1342],[146.38776,-39.12513],[146.37494,-39.13656],[146.37438,-39.13361],[146.36825,-39.13385],[146.35245,-39.12507],[146.34617,-39.12535],[146.34289,-39.11086],[146.33492,-39.10619],[146.33454,-39.10139],[146.32509,-39.09393],[146.32105,-39.08052],[146.3254,-39.07661],[146.33519,-39.07886],[146.34033,-39.07679],[146.34364,-39.07132],[146.34315,-39.0607],[146.35229,-39.05843],[146.33657,-39.05921],[146.32884,-39.04958],[146.31712,-39.05195],[146.32645,-39.04085],[146.3141,-39.03163],[146.32873,-39.02758],[146.31662,-39.02869],[146.30539,-39.03937],[146.30723,-39.02786],[146.30329,-39.02352],[146.292,-39.02229],[146.28925,-39.02693],[146.28414,-39.02474],[146.28591,-39.02085],[146.29242,-39.01837],[146.29196,-39.01293],[146.28218,-39.00674],[146.27422,-38.99622],[146.26638,-38.9951],[146.26301,-38.99878],[146.25718,-38.99392],[146.24912,-38.99606],[146.25331,-38.99232],[146.2673,-38.99133],[146.26943,-38.97336],[146.23301,-38.91798],[146.19751,-38.8815],[146.17722,-38.8703],[146.1779,-38.86603],[146.11421,-38.82747]]]},"properties":{"lga_name":"SOUTH GIPPSLAND","lga_official_name":"SOUTH GIPPSLAND SHIRE"}},{"type":"Feature","geometry":{"type":"Polygon","coordinates":[[[143.50458,-36.88238],[143.49603,-36.89085],[143.48821,-36.88831],[143.48202,-36.89503],[143.48492,-36.9004],[143.4755,-36.90582],[143.47422,-36.91009],[143.46739,-36.91147],[143.46898,-36.92543],[143.46675,-36.93058],[143.472,-36.9368],[143.40978,-36.92757],[143.39461,-36.93393],[143.37278,-36.93411],[143.37422,-36.92615],[143.35176,-36.92367],[143.35345,-36.91458],[143.34689,-36.91381],[143.34646,-36.91619],[143.23929,-36.90182],[143.24283,-36.90992],[143.21258,-36.90687],[143.2135,-36.90104],[143.18171,-36.89765],[143.18054,-36.90485],[143.12614,-36.89866],[143.1244,-36.90632],[143.10699,-36.90438],[143.09572,-36.96311],[143.08992,-36.96292],[143.09124,-36.96786],[143.10403,-36.97343],[143.1052,-36.97877],[143.08709,-36.97722],[143.08713,-36.98944],[143.09902,-37.00149],[143.1027,-37.0015],[143.10269,-37.01052],[143.09897,-37.01133],[143.09904,-37.02205],[143.09262,-37.0389],[143.09269,-37.04642],[143.10099,-37.05302],[143.09466,-37.06283],[143.09891,-37.07228],[143.10115,-37.10124],[143.08617,-37.12479],[143.09769,-37.14262],[143.09556,-37.15542],[143.09044,-37.15522],[143.08372,-37.14865],[143.07965,-37.15056],[143.06694,-37.14736],[143.0591,-37.18719],[143.04936,-37.18602],[143.04892,-37.18974],[142.99355,-37.18306],[142.99454,-37.17734],[142.97261,-37.17478],[142.9734,-37.17018],[142.97043,-37.16731],[142.96129,-37.16702],[142.96048,-37.17138],[142.9577,-37.17109],[142.95398,-37.20777],[142.8848,-37.19962],[142.87633,-37.19741],[142.87672,-37.19534],[142.8397,-37.19185],[142.83166,-37.17546],[142.82355,-37.17444],[142.82399,-37.17189],[142.78388,-37.16883],[142.78191,-37.1575],[142.76855,-37.15436],[142.769,-37.1429],[142.76485,-37.14188],[142.75865,-37.14494],[142.7565,-37.15099],[142.75051,-37.14733],[142.74032,-37.14821],[142.73485,-37.14268],[142.71705,-37.14279],[142.71709,-37.15739],[142.54275,-37.15737],[142.57748,-37.19738],[142.5869,-37.21385],[142.59588,-37.21876],[142.60125,-37.2341],[142.59545,-37.23589],[142.59309,-37.24012],[142.59692,-37.2554],[142.59299,-37.2577],[142.59704,-37.26219],[142.58144,-37.27064],[142.58776,-37.28202],[142.60117,-37.29288],[142.51251,-37.29385],[142.46563,-37.28158],[142.45513,-37.26543],[142.4231,-37.26008],[142.40347,-37.23737],[142.39203,-37.23177],[142.35883,-37.2255],[142.35571,-37.21924],[142.32876,-37.19919],[142.27532,-37.1698],[142.25916,-37.15721],[142.24102,-37.14991],[142.24056,-37.14212],[142.23478,-37.13817],[142.23513,-37.10716],[142.27117,-37.10738],[142.27602,-37.09834],[142.28843,-37.08873],[142.30025,-37.09846],[142.30821,-37.09846],[142.30835,-37.08596],[142.31515,-37.08596],[142.34039,-37.06625],[142.35387,-37.07454],[142.37457,-37.05856],[142.40693,-37.05832],[142.40682,-37.046],[142.39104,-37.04626],[142.39105,-37.04305],[142.3958,-37.04303],[142.39592,-37.02851],[142.41094,-37.03457],[142.411,-37.02136],[142.4051,-37.02135],[142.40496,-37.0163],[142.38048,-37.01538],[142.38051,-37.00911],[142.36842,-37.00901],[142.36838,-37.01431],[142.36142,-37.01441],[142.36088,-37.02144],[142.33504,-37.01904],[142.33639,-37.01123],[142.3387,-37.01388],[142.3469,-37.01375],[142.34665,-37.00321],[142.33994,-37.00322],[142.34,-36.9913],[142.35094,-36.99127],[142.35031,-36.99988],[142.35813,-36.99992],[142.35832,-36.99125],[142.35149,-36.99127],[142.35152,-36.9803],[142.37545,-36.98284],[142.38057,-36.97831],[142.39466,-36.97836],[142.39469,-36.97324],[142.35826,-36.97312],[142.35824,-36.96565],[142.37588,-36.96569],[142.37872,-36.94771],[142.37423,-36.94762],[142.37511,-36.92705],[142.35819,-36.92648],[142.35832,-36.90334],[142.37404,-36.90341],[142.3741,-36.89026],[142.36833,-36.89178],[142.35816,-36.88862],[142.35812,-36.89677],[142.35269,-36.89675],[142.35276,-36.885],[142.3584,-36.88501],[142.35841,-36.88101],[142.36709,-36.87936],[142.38235,-36.88105],[142.37725,-36.8762],[142.37731,-36.86897],[142.39799,-36.86887],[142.41565,-36.87808],[142.41562,-36.8688],[142.44168,-36.86882],[142.44948,-36.87485],[142.44948,-36.89766],[142.45588,-36.89766],[142.45582,-36.9167],[142.48038,-36.91677],[142.4802,-36.89767],[142.49335,-36.89766],[142.49339,-36.90669],[142.50729,-36.90673],[142.50547,-36.91105],[142.5111,-36.9154],[142.49934,-36.91664],[142.4978,-36.94201],[142.51187,-36.93987],[142.51194,-36.94919],[142.53921,-36.94926],[142.55941,-36.94272],[142.55945,-36.87958],[142.57124,-36.87938],[142.56628,-36.8716],[142.55724,-36.86997],[142.54942,-36.86296],[142.54833,-36.85736],[142.53496,-36.8527],[142.53522,-36.84901],[142.52787,-36.84006],[142.52037,-36.8381],[142.51746,-36.83031],[142.50843,-36.82248],[142.50986,-36.81113],[142.50316,-36.80887],[142.49542,-36.79812],[142.48919,-36.79623],[142.49038,-36.79331],[142.48316,-36.79275],[142.47892,-36.77924],[142.48036,-36.77204],[142.47234,-36.76794],[142.46982,-36.76139],[142.73155,-36.76135],[142.71193,-36.73576],[142.7141,-36.72102],[142.76387,-36.65672],[142.79467,-36.6395],[142.80646,-36.61497],[142.80449,-36.61329],[142.81641,-36.59424],[142.81638,-36.57232],[142.78269,-36.57223],[142.767,-36.56226],[142.73161,-36.55063],[142.73189,-36.49767],[142.7894,-36.49587],[142.78937,-36.47324],[142.79866,-36.47324],[142.79877,-36.45946],[143.01984,-36.48272],[143.02122,-36.47399],[143.05145,-36.47732],[143.053,-36.46812],[143.05738,-36.46816],[143.05575,-36.464],[143.05965,-36.4616],[143.0449,-36.44316],[143.06366,-36.44523],[143.07262,-36.44292],[143.13313,-36.4494],[143.13909,-36.41301],[143.14739,-36.40974],[143.23838,-36.40946],[143.23837,-36.40538],[143.28926,-36.40826],[143.29313,-36.41098],[143.29021,-36.41233],[143.29191,-36.41785],[143.28833,-36.4196],[143.29278,-36.42204],[143.29104,-36.43008],[143.2942,-36.43206],[143.29177,-36.43515],[143.30035,-36.43614],[143.29833,-36.43988],[143.30249,-36.44071],[143.30383,-36.45118],[143.30661,-36.45275],[143.3049,-36.45479],[143.30905,-36.4553],[143.31042,-36.47051],[143.318,-36.47879],[143.31625,-36.48318],[143.32742,-36.494],[143.3245,-36.49895],[143.32851,-36.49966],[143.328,-36.50381],[143.33388,-36.51234],[143.35264,-36.51427],[143.34889,-36.51756],[143.37712,-36.53399],[143.37902,-36.5384],[143.38632,-36.53701],[143.38611,-36.54172],[143.39083,-36.54213],[143.40025,-36.55146],[143.42121,-36.55716],[143.41927,-36.56098],[143.42563,-36.56261],[143.42635,-36.56765],[143.42987,-36.56861],[143.42864,-36.57768],[143.43984,-36.59188],[143.43666,-36.59555],[143.44045,-36.59863],[143.43512,-36.60379],[143.43995,-36.60617],[143.4366,-36.60822],[143.44111,-36.6105],[143.43851,-36.61463],[143.44236,-36.61366],[143.44301,-36.61799],[143.44795,-36.61846],[143.45095,-36.6247],[143.45205,-36.6217],[143.46374,-36.6179],[143.47736,-36.62622],[143.48627,-36.62566],[143.48482,-36.62848],[143.4895,-36.63457],[143.48698,-36.63855],[143.4918,-36.64089],[143.4938,-36.64966],[143.49886,-36.65207],[143.49804,-36.65795],[143.50197,-36.6578],[143.50063,-36.66225],[143.50294,-36.66371],[143.49901,-36.67247],[143.50125,-36.67536],[143.49478,-36.68156],[143.49672,-36.68738],[143.48864,-36.6918],[143.48778,-36.70394],[143.47474,-36.71134],[143.47378,-36.71788],[143.46833,-36.72152],[143.47062,-36.72325],[143.46285,-36.72893],[143.46065,-36.73286],[143.46646,-36.73854],[143.45957,-36.74624],[143.46575,-36.75998],[143.47971,-36.76751],[143.47756,-36.77065],[143.48667,-36.77763],[143.49005,-36.78933],[143.50056,-36.79704],[143.50178,-36.80389],[143.50784,-36.81019],[143.49877,-36.82208],[143.50063,-36.83862],[143.51024,-36.84905],[143.51094,-36.85888],[143.5075,-36.86259],[143.51023,-36.86865],[143.50458,-36.88238]]]},"properties":{"lga_name":"NORTHERN GRAMPIANS","lga_official_name":"NORTHERN GRAMPIANS SHIRE"}},{"type":"Feature","geometry":{"type":"Polygon","coordinates":[[[141.91868,-37.11781],[141.91027,-37.11345],[141.90499,-37.11902],[141.90353,-37.12408],[141.90788,-37.12652],[141.9084,-37.13505],[141.89324,-37.13734],[141.88186,-37.14567],[141.86484,-37.14945],[141.8591,-37.14577],[141.85804,-37.14909],[141.85138,-37.14814],[141.83745,-37.15407],[141.8355,-37.16004],[141.83988,-37.16099],[141.84238,-37.16617],[141.83637,-37.17079],[141.82586,-37.16897],[141.82104,-37.17401],[141.8116,-37.1681],[141.81461,-37.17453],[141.81004,-37.17739],[141.80596,-37.17407],[141.80627,-37.16948],[141.80278,-37.1703],[141.80077,-37.16666],[141.80063,-37.17169],[141.79582,-37.17528],[141.7935,-37.17263],[141.78548,-37.17412],[141.78647,-37.16878],[141.7768,-37.17183],[141.78094,-37.17453],[141.77618,-37.17698],[141.77038,-37.15147],[141.76521,-37.14904],[141.78084,-37.04532],[141.77827,-37.04508],[141.78083,-37.02802],[141.77062,-37.02699],[141.77179,-37.02191],[141.78094,-37.0228],[141.78628,-36.98854],[141.79106,-36.98901],[141.79231,-36.98022],[141.78578,-36.97961],[141.77392,-36.97205],[141.77946,-36.96726],[141.65767,-36.95564],[141.6688,-36.88369],[141.6834,-36.88505],[141.6839,-36.88164],[141.70659,-36.88383],[141.71193,-36.85073],[141.70264,-36.84982],[141.70355,-36.80947],[141.70064,-36.80918],[141.70211,-36.7995],[141.71779,-36.80103],[141.73034,-36.73334],[141.74084,-36.65216],[141.81613,-36.65979],[141.82104,-36.62817],[141.82624,-36.62868],[141.83768,-36.55428],[142.00391,-36.56744],[142.00547,-36.56237],[142.01386,-36.55648],[142.01058,-36.54854],[142.01367,-36.54155],[142.01184,-36.53918],[142.01568,-36.53819],[142.01454,-36.53522],[142.01966,-36.53613],[142.02524,-36.53161],[142.02216,-36.52794],[142.03061,-36.51743],[142.02745,-36.51296],[142.03017,-36.51128],[142.01812,-36.50192],[142.01876,-36.49709],[142.01572,-36.49938],[142.01821,-36.49407],[142.06746,-36.49307],[142.0708,-36.49635],[142.07554,-36.49272],[142.1682,-36.49249],[142.16451,-36.4819],[142.16578,-36.43267],[142.24355,-36.44006],[142.34327,-36.44029],[142.35051,-36.44944],[142.40481,-36.44947],[142.39631,-36.45832],[142.40164,-36.46597],[142.39791,-36.47186],[142.39836,-36.47999],[142.4024,-36.48179],[142.39928,-36.4879],[142.40438,-36.49482],[142.39444,-36.50622],[142.3964,-36.5104],[142.39178,-36.5215],[142.39391,-36.52684],[142.39813,-36.52828],[142.39649,-36.53817],[142.39055,-36.54699],[142.38207,-36.57361],[142.38806,-36.57829],[142.38607,-36.58695],[142.38901,-36.58956],[142.38626,-36.59874],[142.37839,-36.60359],[142.37806,-36.60802],[142.37186,-36.61361],[142.3703,-36.64644],[142.38264,-36.65745],[142.3855,-36.66625],[142.38278,-36.67327],[142.39622,-36.67846],[142.3959,-36.68304],[142.40227,-36.6897],[142.39883,-36.69315],[142.40033,-36.69941],[142.40807,-36.70059],[142.4122,-36.7071],[142.42092,-36.70676],[142.42161,-36.71319],[142.42824,-36.71865],[142.44061,-36.72682],[142.45358,-36.72929],[142.46248,-36.73504],[142.46878,-36.74835],[142.47638,-36.75487],[142.47698,-36.75797],[142.46966,-36.76211],[142.47234,-36.76794],[142.48036,-36.77204],[142.47892,-36.77924],[142.48282,-36.79221],[142.49038,-36.79331],[142.48919,-36.79623],[142.49542,-36.79812],[142.50316,-36.80887],[142.50986,-36.81113],[142.50843,-36.82248],[142.51746,-36.83031],[142.52037,-36.8381],[142.52999,-36.84178],[142.53747,-36.85472],[142.54833,-36.85736],[142.54942,-36.86296],[142.55724,-36.86997],[142.56749,-36.87263],[142.56833,-36.87835],[142.5713,-36.87956],[142.55945,-36.87958],[142.55941,-36.94272],[142.53921,-36.94926],[142.51194,-36.94919],[142.51187,-36.93987],[142.4978,-36.94201],[142.49934,-36.91664],[142.5111,-36.9154],[142.50547,-36.91105],[142.50729,-36.90673],[142.49339,-36.90669],[142.49335,-36.89766],[142.4802,-36.89767],[142.48038,-36.91677],[142.45582,-36.9167],[142.45588,-36.89766],[142.44948,-36.89766],[142.44948,-36.87485],[142.44168,-36.86882],[142.41562,-36.8688],[142.41565,-36.87808],[142.39799,-36.86887],[142.37731,-36.86897],[142.37725,-36.8762],[142.38235,-36.88105],[142.36709,-36.87936],[142.35841,-36.88101],[142.3584,-36.88501],[142.35276,-36.885],[142.35269,-36.89675],[142.35812,-36.89677],[142.35816,-36.88862],[142.36833,-36.89178],[142.3741,-36.89026],[142.37404,-36.90341],[142.35832,-36.90334],[142.35819,-36.92648],[142.37511,-36.92705],[142.37423,-36.94762],[142.37872,-36.94771],[142.37588,-36.96569],[142.35824,-36.96565],[142.35826,-36.97312],[142.39469,-36.97324],[142.39466,-36.97836],[142.38057,-36.97831],[142.37545,-36.98284],[142.35152,-36.9803],[142.35149,-36.99127],[142.35832,-36.99125],[142.35813,-36.99992],[142.35031,-36.99988],[142.35094,-36.99127],[142.34,-36.9913],[142.33994,-37.00322],[142.34665,-37.00321],[142.3469,-37.01375],[142.3387,-37.01388],[142.33639,-37.01123],[142.33504,-37.01904],[142.36088,-37.02144],[142.36142,-37.01441],[142.36838,-37.01431],[142.36842,-37.00901],[142.38051,-37.00911],[142.38048,-37.01538],[142.40496,-37.0163],[142.4051,-37.02135],[142.411,-37.02136],[142.41094,-37.03457],[142.39592,-37.02851],[142.3958,-37.04303],[142.39105,-37.04305],[142.39104,-37.04626],[142.40682,-37.046],[142.40693,-37.05832],[142.37457,-37.05856],[142.35387,-37.07454],[142.34039,-37.06625],[142.31515,-37.08596],[142.30835,-37.08596],[142.30821,-37.09846],[142.30025,-37.09846],[142.28843,-37.08873],[142.27602,-37.09834],[142.27117,-37.10738],[142.23513,-37.10716],[142.23505,-37.12817],[142.23285,-37.12338],[142.22248,-37.12056],[142.22138,-37.11517],[142.21571,-37.11139],[142.21612,-37.10071],[142.21168,-37.09037],[142.20626,-37.08728],[142.20208,-37.08861],[142.20197,-37.09501],[142.18754,-37.11278],[142.17732,-37.10761],[142.16364,-37.10583],[142.14133,-37.11188],[142.13013,-37.10945],[142.11449,-37.11204],[142.10789,-37.13047],[142.10911,-37.16272],[142.09231,-37.17075],[142.08457,-37.20527],[142.08873,-37.2126],[142.07968,-37.22358],[142.06457,-37.21852],[142.03968,-37.22403],[141.99977,-37.22432],[141.98925,-37.21241],[141.95346,-37.20873],[141.94505,-37.2107],[141.9372,-37.20653],[141.93827,-37.20007],[141.92128,-37.19829],[141.92057,-37.20319],[141.91295,-37.2022],[141.91048,-37.19827],[141.91171,-37.18983],[141.91972,-37.18614],[141.9193,-37.18281],[141.93005,-37.17956],[141.93529,-37.17084],[141.92793,-37.16945],[141.93472,-37.1663],[141.92824,-37.16184],[141.92418,-37.15231],[141.92839,-37.14514],[141.92345,-37.13857],[141.92548,-37.12513],[141.91868,-37.11781]]]},"properties":{"lga_name":"HORSHAM","lga_official_name":"HORSHAM RURAL CITY"}},{"type":"Feature","geometry":{"type":"Polygon","coordinates":[[[145.11108,-37.40174],[145.10509,-37.40554],[145.10768,-37.40829],[145.10465,-37.4124],[145.07929,-37.42633],[145.07893,-37.43241],[145.08238,-37.43542],[145.08079,-37.43983],[145.06778,-37.43861],[145.06788,-37.44605],[145.07299,-37.45064],[145.0001,-37.44229],[144.98993,-37.50021],[145.00723,-37.50217],[145.0037,-37.50375],[145.00205,-37.50971],[144.99709,-37.50844],[144.99193,-37.51538],[144.88105,-37.50243],[144.8876,-37.49703],[144.88717,-37.4934],[144.89505,-37.49361],[144.89135,-37.49044],[144.896,-37.4887],[144.89144,-37.48638],[144.89347,-37.47779],[144.8987,-37.47862],[144.89685,-37.47499],[144.9003,-37.47509],[144.89989,-37.46967],[144.90512,-37.46829],[144.90565,-37.46469],[144.89877,-37.46558],[144.89177,-37.46088],[144.89795,-37.45895],[144.8978,-37.45077],[144.89432,-37.44996],[144.89999,-37.44251],[144.89726,-37.43888],[144.90144,-37.43621],[144.89818,-37.43116],[144.90153,-37.43026],[144.89543,-37.42815],[144.89512,-37.42439],[144.90284,-37.42324],[144.90412,-37.42022],[144.89855,-37.41588],[144.9037,-37.41338],[144.89851,-37.40751],[144.90432,-37.40635],[144.91151,-37.38169],[144.91866,-37.37225],[144.92114,-37.36312],[144.9152,-37.36242],[144.91786,-37.348],[144.89216,-37.34517],[144.8927,-37.3422],[144.88852,-37.34225],[144.88488,-37.33456],[144.87814,-37.33709],[144.87056,-37.32832],[144.86658,-37.32923],[144.86462,-37.32418],[144.85889,-37.32665],[144.85669,-37.32307],[144.84932,-37.3224],[144.85581,-37.28557],[144.84557,-37.29005],[144.82523,-37.28402],[144.82223,-37.27197],[144.82889,-37.23548],[144.82578,-37.23129],[144.81678,-37.23022],[144.82008,-37.21919],[144.81114,-37.21739],[144.81219,-37.21389],[144.78563,-37.21305],[144.77775,-37.21975],[144.77749,-37.21504],[144.76958,-37.21509],[144.76967,-37.22066],[144.73138,-37.22053],[144.70382,-37.21295],[144.71613,-37.20853],[144.71602,-37.18365],[144.71172,-37.17661],[144.71017,-37.15971],[144.72643,-37.15967],[144.72571,-37.14387],[144.73116,-37.14453],[144.73519,-37.12648],[144.72801,-37.1256],[144.71627,-37.11796],[144.71537,-37.10032],[144.69747,-37.10014],[144.69734,-37.10355],[144.69168,-37.10447],[144.6913,-37.1079],[144.67797,-37.1092],[144.60137,-37.10719],[144.57386,-37.09905],[144.55197,-37.10708],[144.54175,-37.1164],[144.53499,-37.11104],[144.53198,-37.10536],[144.534,-37.103],[144.53038,-37.10053],[144.53467,-37.09989],[144.53408,-37.09402],[144.53783,-37.09238],[144.53854,-37.08803],[144.54225,-37.08863],[144.53667,-37.08431],[144.53972,-37.0756],[144.53688,-37.06991],[144.54436,-37.06737],[144.5446,-37.0587],[144.55057,-37.05389],[144.54469,-37.05297],[144.54288,-37.04333],[144.54919,-37.04168],[144.54015,-37.0247],[144.54113,-37.01583],[144.54536,-37.01314],[144.55607,-37.01398],[144.56036,-37.00994],[144.58345,-37.01012],[144.58361,-37.00566],[144.59368,-37.00994],[144.59703,-37.0084],[144.59707,-37.00395],[144.63221,-37.00199],[144.64372,-37.00545],[144.65048,-37.01524],[144.66228,-37.00866],[144.68845,-37.01096],[144.69133,-37.0057],[144.68822,-36.99456],[144.69858,-36.99419],[144.70935,-36.98864],[144.71146,-36.98143],[144.71827,-36.9747],[144.73441,-36.97995],[144.73388,-36.98211],[144.74762,-36.97792],[144.75041,-36.97519],[144.7485,-36.96771],[144.75345,-36.96298],[144.76598,-36.97365],[144.79658,-36.96553],[144.79127,-36.95202],[144.80237,-36.95678],[144.80629,-36.9556],[144.80021,-36.93942],[144.80427,-36.92588],[144.81658,-36.91162],[144.82239,-36.8997],[144.85357,-36.88024],[144.87428,-36.8758],[144.88147,-36.86622],[144.90987,-36.85861],[144.9295,-36.86049],[144.94403,-36.85714],[144.94245,-36.85117],[144.93199,-36.84983],[144.93325,-36.83547],[144.98701,-36.83612],[144.99825,-36.84637],[145.01142,-36.84632],[145.02986,-36.85335],[145.04393,-36.85372],[145.06605,-36.86613],[145.08704,-36.86891],[145.08618,-36.87778],[145.10673,-36.89276],[145.11896,-36.89281],[145.1179,-36.89624],[145.12131,-36.89396],[145.12414,-36.90076],[145.12074,-36.90754],[145.12773,-36.90961],[145.11609,-36.91641],[145.12227,-36.91915],[145.11784,-36.92361],[145.1218,-36.92827],[145.13264,-36.92829],[145.12758,-36.93267],[145.12691,-36.94155],[145.19845,-36.94169],[145.20987,-36.94433],[145.22681,-36.91413],[145.23479,-36.90993],[145.2408,-36.92446],[145.26053,-36.93574],[145.26425,-36.94666],[145.27872,-36.95197],[145.29234,-36.95216],[145.29319,-36.96084],[145.28558,-36.96697],[145.28617,-36.99414],[145.29088,-36.99591],[145.29146,-37.00494],[145.30212,-37.00211],[145.30278,-37.00638],[145.30846,-37.00774],[145.3024,-37.01178],[145.30421,-37.01608],[145.3125,-37.01691],[145.32295,-37.01102],[145.32071,-37.00709],[145.32381,-37.00384],[145.32254,-37.00047],[145.33149,-37.0028],[145.33484,-36.98961],[145.33941,-36.98376],[145.34659,-36.9811],[145.35797,-36.98549],[145.35796,-36.9918],[145.36067,-36.99287],[145.3646,-36.99171],[145.36537,-36.98494],[145.37292,-36.97527],[145.3873,-36.97706],[145.38837,-36.98331],[145.39534,-36.98089],[145.40493,-36.98461],[145.40401,-36.99004],[145.40744,-36.99414],[145.41639,-36.99423],[145.42596,-36.99919],[145.42271,-37.00455],[145.42771,-37.00601],[145.42993,-37.0214],[145.41099,-37.0304],[145.40419,-37.03948],[145.3928,-37.04369],[145.39274,-37.07627],[145.37475,-37.07627],[145.37242,-37.09405],[145.36619,-37.0912],[145.36619,-37.09764],[145.35584,-37.09762],[145.35286,-37.10136],[145.33186,-37.09974],[145.32103,-37.10035],[145.32126,-37.10382],[145.3043,-37.10389],[145.30301,-37.09977],[145.28851,-37.09974],[145.29082,-37.11327],[145.28461,-37.12906],[145.28462,-37.13853],[145.27903,-37.13952],[145.27874,-37.143],[145.27303,-37.14184],[145.26802,-37.13626],[145.25722,-37.13496],[145.25239,-37.14121],[145.24319,-37.14146],[145.24321,-37.14391],[145.23209,-37.1378],[145.22987,-37.13353],[145.23121,-37.14961],[145.23516,-37.15728],[145.2317,-37.15724],[145.23169,-37.16747],[145.24105,-37.1686],[145.24126,-37.17664],[145.22951,-37.18009],[145.22537,-37.18607],[145.21951,-37.1861],[145.21943,-37.19106],[145.20752,-37.19071],[145.20745,-37.18709],[145.20204,-37.18712],[145.20218,-37.19969],[145.19639,-37.19985],[145.1964,-37.20607],[145.17488,-37.20489],[145.17617,-37.20812],[145.17206,-37.21654],[145.164,-37.21547],[145.17718,-37.23552],[145.16772,-37.23991],[145.17162,-37.24701],[145.16584,-37.25376],[145.17314,-37.26118],[145.16767,-37.26373],[145.16301,-37.27762],[145.16808,-37.28136],[145.17194,-37.27849],[145.17186,-37.26636],[145.18071,-37.26441],[145.18059,-37.27176],[145.18702,-37.27172],[145.18693,-37.27835],[145.19581,-37.27824],[145.19539,-37.29411],[145.22741,-37.2943],[145.22745,-37.30508],[145.25187,-37.30494],[145.25188,-37.31107],[145.2567,-37.31106],[145.2567,-37.3174],[145.26194,-37.31737],[145.26198,-37.32967],[145.27337,-37.32706],[145.27006,-37.32711],[145.27414,-37.33108],[145.2793,-37.33237],[145.27936,-37.33796],[145.27049,-37.3389],[145.27597,-37.33974],[145.27024,-37.34738],[145.27009,-37.35548],[145.27424,-37.35551],[145.27137,-37.36805],[145.25651,-37.36795],[145.25787,-37.37145],[145.26598,-37.37264],[145.26562,-37.41935],[145.23627,-37.43585],[145.23397,-37.44723],[145.22777,-37.45445],[145.2294,-37.45863],[145.22488,-37.45805],[145.22228,-37.47258],[145.20954,-37.45939],[145.20072,-37.44409],[145.18557,-37.4438],[145.18868,-37.43675],[145.18651,-37.42215],[145.17852,-37.42359],[145.1659,-37.41313],[145.15456,-37.41287],[145.15033,-37.4149],[145.14624,-37.42827],[145.1413,-37.42824],[145.12976,-37.41897],[145.12498,-37.41025],[145.11529,-37.4102],[145.11108,-37.40174]]]},"properties":{"lga_name":"MITCHELL","lga_official_name":"MITCHELL SHIRE"}},{"type":"Feature","geometry":{"type":"Polygon","coordinates":[[[144.68472,-37.97359],[144.68769,-37.97452],[144.65087,-38.0019],[144.62207,-38.0003],[144.60255,-38.00254],[144.59809,-38.00637],[144.57339,-37.99919],[144.56783,-37.9845],[144.56544,-37.98673],[144.55465,-37.98477],[144.54753,-37.9718],[144.52407,-37.97337],[144.52312,-37.97948],[144.51928,-37.98094],[144.50876,-37.97838],[144.50733,-37.97396],[144.49582,-37.97427],[144.49645,-37.96413],[144.48912,-37.96105],[144.48011,-37.95022],[144.47713,-37.94553],[144.48134,-37.94425],[144.4765,-37.94177],[144.47892,-37.939],[144.47403,-37.93585],[144.47706,-37.932],[144.47519,-37.92814],[144.48269,-37.92311],[144.47707,-37.92215],[144.47647,-37.91658],[144.47836,-37.91041],[144.48472,-37.90903],[144.47955,-37.89523],[144.48075,-37.89015],[144.47245,-37.88809],[144.47294,-37.88269],[144.46931,-37.88417],[144.45471,-37.8676],[144.44863,-37.86845],[144.44408,-37.86383],[144.44897,-37.83713],[144.46697,-37.83919],[144.47768,-37.781],[144.52355,-37.7862],[144.52094,-37.80024],[144.56636,-37.80567],[144.56765,-37.79884],[144.57757,-37.80407],[144.5774,-37.80661],[144.58249,-37.80137],[144.57834,-37.79939],[144.58893,-37.79313],[144.82668,-37.81688],[144.82749,-37.82279],[144.814,-37.83099],[144.76895,-37.85118],[144.77064,-37.85538],[144.77004,-37.85826],[144.76704,-37.85777],[144.7662,-37.86474],[144.75482,-37.86944],[144.75239,-37.87645],[144.75172,-37.88665],[144.76239,-37.88864],[144.76333,-37.88357],[144.77293,-37.88499],[144.78175,-37.89956],[144.79734,-37.8996],[144.80397,-37.89439],[144.79685,-37.90867],[144.79912,-37.92308],[144.79197,-37.92756],[144.77246,-37.92968],[144.76093,-37.93748],[144.73577,-37.94297],[144.69908,-37.97315],[144.67491,-37.97303],[144.66829,-37.96814],[144.67184,-37.97306],[144.68472,-37.97359]]]},"properties":{"lga_name":"WYNDHAM","lga_official_name":"WYNDHAM CITY"}},{"type":"Feature","geometry":{"type":"Polygon","coordinates":[[[144.96979,-37.64184],[144.96531,-37.63569],[144.95855,-37.63441],[144.95875,-37.62769],[144.9528,-37.62319],[144.95734,-37.62083],[144.95598,-37.61677],[144.94647,-37.60741],[144.95235,-37.60681],[144.95301,-37.59641],[144.95881,-37.59113],[144.9566,-37.5825],[144.96327,-37.57932],[144.96529,-37.57353],[144.96324,-37.56716],[144.96554,-37.56022],[144.95314,-37.54744],[144.96027,-37.53946],[144.97243,-37.53538],[144.97631,-37.53008],[144.97276,-37.52586],[144.97589,-37.51407],[144.99193,-37.51538],[144.99709,-37.50844],[145.00205,-37.50971],[145.0037,-37.50375],[145.00712,-37.50241],[144.98993,-37.50021],[145.0001,-37.44229],[145.07299,-37.45064],[145.06788,-37.44605],[145.06778,-37.43861],[145.08079,-37.43983],[145.08238,-37.43542],[145.07893,-37.43241],[145.07929,-37.42633],[145.10465,-37.4124],[145.10768,-37.40829],[145.10509,-37.40554],[145.11108,-37.40174],[145.11529,-37.4102],[145.12498,-37.41025],[145.12976,-37.41897],[145.1413,-37.42824],[145.14624,-37.42827],[145.15033,-37.4149],[145.15456,-37.41287],[145.1659,-37.41313],[145.17852,-37.42359],[145.18651,-37.42215],[145.18869,-37.43662],[145.18567,-37.44392],[145.20041,-37.44388],[145.22097,-37.47164],[145.24105,-37.47766],[145.23575,-37.50331],[145.23126,-37.50297],[145.22633,-37.50872],[145.23548,-37.51009],[145.23443,-37.51724],[145.22672,-37.51592],[145.22843,-37.5214],[145.21174,-37.5194],[145.21074,-37.5252],[145.19685,-37.52373],[145.19401,-37.53045],[145.20701,-37.53204],[145.20562,-37.53931],[145.17994,-37.53648],[145.16693,-37.54822],[145.16889,-37.55131],[145.165,-37.55799],[145.14444,-37.57028],[145.13578,-37.61989],[145.12866,-37.61918],[145.12798,-37.62293],[145.12249,-37.62257],[145.12234,-37.62677],[145.10873,-37.63122],[145.11142,-37.6327],[145.10895,-37.63325],[145.10973,-37.63885],[145.10156,-37.64037],[145.1046,-37.64053],[145.10435,-37.64675],[145.10763,-37.64856],[145.10327,-37.65041],[145.10738,-37.65361],[145.10195,-37.65474],[145.1078,-37.65822],[145.10333,-37.65714],[145.10378,-37.66126],[145.09646,-37.6648],[145.09506,-37.66185],[145.09061,-37.66322],[145.09221,-37.66712],[145.08386,-37.66915],[145.08912,-37.67409],[145.08575,-37.67425],[145.08659,-37.67757],[145.08342,-37.67677],[145.08517,-37.68096],[145.09166,-37.67938],[145.09037,-37.68151],[145.10362,-37.683],[145.09962,-37.68944],[145.06825,-37.68605],[145.05804,-37.69997],[144.97214,-37.69099],[144.97135,-37.68421],[144.97452,-37.68023],[144.97227,-37.67714],[144.97777,-37.67657],[144.97392,-37.67133],[144.97599,-37.66631],[144.97209,-37.66342],[144.97224,-37.65943],[144.97691,-37.65817],[144.97623,-37.64988],[144.96979,-37.64184]]]},"properties":{"lga_name":"WHITTLESEA","lga_official_name":"WHITTLESEA CITY"}},{"type":"Feature","geometry":{"type":"Polygon","coordinates":[[[144.62871,-38.27346],[144.61777,-38.27826],[144.61501,-38.28409],[144.61504,-38.29123],[144.61729,-38.29162],[144.60075,-38.28782],[144.62605,-38.25765],[144.63711,-38.26633],[144.63237,-38.26969],[144.64149,-38.27016],[144.66523,-38.26296],[144.66178,-38.25915],[144.66739,-38.25538],[144.66313,-38.25201],[144.67849,-38.23795],[144.68477,-38.24427],[144.69631,-38.24128],[144.70243,-38.24303],[144.69814,-38.24818],[144.68737,-38.2514],[144.68387,-38.25683],[144.67527,-38.26018],[144.67177,-38.26335],[144.6732,-38.2659],[144.66455,-38.26842],[144.65949,-38.27479],[144.64445,-38.27189],[144.62871,-38.27346]]]},"properties":{"lga_name":"QUEENSCLIFFE","lga_official_name":"QUEENSCLIFFE BOROUGH"}},{"type":"Feature","geometry":{"type":"Polygon","coordinates":[[[144.31969,-37.27315],[144.32083,-37.27934],[144.31852,-37.28384],[144.31469,-37.28356],[144.31041,-37.29277],[144.31258,-37.29517],[144.33026,-37.30207],[144.34034,-37.30965],[144.3691,-37.32008],[144.38027,-37.32974],[144.39574,-37.33157],[144.39163,-37.35029],[144.39277,-37.35814],[144.41904,-37.36049],[144.41579,-37.39624],[144.38197,-37.39331],[144.37781,-37.4159],[144.38013,-37.42362],[144.38259,-37.42371],[144.37928,-37.43878],[144.34692,-37.43222],[144.34696,-37.42858],[144.34106,-37.42601],[144.34612,-37.41617],[144.33505,-37.40896],[144.32738,-37.41001],[144.32681,-37.40672],[144.31768,-37.4025],[144.31179,-37.4156],[144.29988,-37.428],[144.29505,-37.42892],[144.29779,-37.43592],[144.29467,-37.4343],[144.29118,-37.43687],[144.26888,-37.42761],[144.25076,-37.42868],[144.23471,-37.4163],[144.22701,-37.41598],[144.22564,-37.42333],[144.19809,-37.42011],[144.19963,-37.4128],[144.1945,-37.4102],[144.17043,-37.41987],[144.16132,-37.4183],[144.14227,-37.42199],[144.13289,-37.43016],[144.10737,-37.42875],[144.11137,-37.43395],[144.10703,-37.44005],[144.10082,-37.44591],[144.08842,-37.4455],[144.07856,-37.46268],[144.06362,-37.46863],[144.05909,-37.46599],[144.05531,-37.47005],[144.04253,-37.46381],[144.03857,-37.48612],[144.02139,-37.48644],[144.0236,-37.48387],[143.98629,-37.47737],[143.98671,-37.47972],[143.84962,-37.46686],[143.85287,-37.46274],[143.85772,-37.43296],[143.84337,-37.43115],[143.84921,-37.40077],[143.85853,-37.40203],[143.8688,-37.34824],[143.84157,-37.34518],[143.84089,-37.34263],[143.82703,-37.34017],[143.7932,-37.3437],[143.79397,-37.3392],[143.79008,-37.33979],[143.79048,-37.3421],[143.78817,-37.33929],[143.64815,-37.32152],[143.66577,-37.23608],[143.67181,-37.23323],[143.68186,-37.23394],[143.68749,-37.22891],[143.69193,-37.23228],[143.71392,-37.23027],[143.71998,-37.2217],[143.72437,-37.22103],[143.72272,-37.21746],[143.72704,-37.21365],[143.73002,-37.21934],[143.73266,-37.21444],[143.75904,-37.23323],[143.76629,-37.22822],[143.8202,-37.23521],[143.82207,-37.22593],[143.83355,-37.22625],[143.83702,-37.23288],[143.85835,-37.2353],[143.86734,-37.19509],[143.8753,-37.18633],[143.93597,-37.19284],[143.93938,-37.19765],[143.94153,-37.19449],[143.94482,-37.19528],[143.94706,-37.19917],[143.94907,-37.19783],[143.95857,-37.22024],[143.97073,-37.22816],[143.9802,-37.22809],[143.98413,-37.23339],[143.987,-37.23167],[143.99379,-37.23675],[143.99698,-37.23542],[144.00055,-37.24138],[143.99512,-37.24427],[144.00142,-37.25227],[144.00006,-37.25531],[144.01614,-37.26346],[144.02357,-37.25972],[144.02511,-37.26286],[144.03394,-37.26307],[144.03905,-37.2704],[144.03802,-37.26419],[144.04167,-37.25646],[144.05283,-37.25012],[144.06245,-37.25206],[144.06431,-37.24457],[144.06038,-37.2382],[144.06594,-37.22498],[144.06741,-37.2105],[144.06006,-37.20786],[144.0612,-37.20197],[144.06413,-37.20235],[144.07428,-37.14758],[144.12235,-37.15323],[144.12134,-37.15875],[144.14616,-37.16252],[144.15702,-37.1609],[144.15669,-37.16289],[144.1736,-37.16407],[144.17884,-37.1672],[144.19046,-37.16626],[144.18534,-37.19521],[144.19031,-37.19367],[144.19186,-37.19609],[144.27527,-37.20553],[144.27636,-37.20884],[144.28419,-37.2078],[144.29218,-37.16343],[144.33096,-37.16952],[144.33804,-37.16558],[144.34292,-37.16918],[144.38023,-37.17484],[144.37554,-37.18087],[144.36312,-37.17951],[144.36034,-37.19403],[144.37529,-37.1958],[144.37613,-37.20223],[144.36138,-37.20813],[144.34399,-37.22621],[144.33343,-37.25663],[144.32804,-37.25528],[144.3251,-37.25797],[144.31969,-37.27315]]]},"properties":{"lga_name":"HEPBURN","lga_official_name":"HEPBURN SHIRE"}},{"type":"Feature","geometry":{"type":"Polygon","coordinates":[[[145.08531,-37.9095],[145.07421,-37.90813],[145.07819,-37.88714],[145.08823,-37.89296],[145.09512,-37.85334],[145.19572,-37.86516],[145.19087,-37.88055],[145.19544,-37.88322],[145.19436,-37.88569],[145.20146,-37.89528],[145.20835,-37.89904],[145.20337,-37.90331],[145.20587,-37.91054],[145.20278,-37.91919],[145.20671,-37.93145],[145.22011,-37.93945],[145.15673,-37.93313],[145.14345,-37.92459],[145.14171,-37.93137],[145.08248,-37.92398],[145.08531,-37.9095]]]},"properties":{"lga_name":"MONASH","lga_official_name":"MONASH CITY"}},{"type":"Feature","geometry":{"type":"Polygon","coordinates":[[[143.2502,-38.68756],[143.25848,-38.68685],[143.25224,-38.68328],[143.25372,-38.67774],[143.26522,-38.67549],[143.26238,-38.66855],[143.27109,-38.6656],[143.27268,-38.65871],[143.27942,-38.65428],[143.27517,-38.64823],[143.26624,-38.647],[143.26935,-38.64317],[143.26224,-38.63858],[143.26457,-38.6369],[143.26291,-38.6334],[143.2681,-38.6325],[143.26528,-38.62855],[143.27238,-38.62729],[143.2712,-38.62307],[143.28035,-38.62407],[143.29242,-38.61508],[143.2815,-38.60466],[143.27892,-38.58747],[143.26638,-38.5732],[143.27452,-38.57417],[143.27773,-38.56681],[143.33484,-38.55212],[143.34868,-38.5444],[143.34807,-38.53998],[143.35822,-38.53002],[143.3623,-38.52101],[143.35128,-38.51726],[143.34463,-38.49947],[143.35278,-38.4935],[143.3645,-38.496],[143.36228,-38.48538],[143.35181,-38.4758],[143.33727,-38.46612],[143.32353,-38.46326],[143.32098,-38.45393],[143.26379,-38.44681],[143.28359,-38.35847],[143.28382,-38.35426],[143.2788,-38.35337],[143.27591,-38.34713],[143.28457,-38.33935],[143.28598,-38.33153],[143.32375,-38.32443],[143.34065,-38.32594],[143.36238,-38.34007],[143.39065,-38.34474],[143.39768,-38.34933],[143.42198,-38.34869],[143.42329,-38.34044],[143.42813,-38.33872],[143.43466,-38.3294],[143.4356,-38.31573],[143.42975,-38.31371],[143.43092,-38.3089],[143.45275,-38.30225],[143.45643,-38.29569],[143.45094,-38.29245],[143.45678,-38.29125],[143.46077,-38.28561],[143.45651,-38.28333],[143.46639,-38.28424],[143.46817,-38.27964],[143.47645,-38.27809],[143.47587,-38.2744],[143.48174,-38.27159],[143.48358,-38.26648],[143.47613,-38.25249],[143.47284,-38.25176],[143.46524,-38.2581],[143.46485,-38.25159],[143.44453,-38.25462],[143.43694,-38.25063],[143.4456,-38.24873],[143.44771,-38.25085],[143.44854,-38.24642],[143.44025,-38.24395],[143.44013,-38.23938],[143.43375,-38.24099],[143.43673,-38.23471],[143.42304,-38.23795],[143.42323,-38.242],[143.42873,-38.24462],[143.42776,-38.24862],[143.41474,-38.25206],[143.41723,-38.24716],[143.40982,-38.24753],[143.4102,-38.24265],[143.40568,-38.24025],[143.40992,-38.23967],[143.40816,-38.23466],[143.41396,-38.23459],[143.42097,-38.22498],[143.41359,-38.21564],[143.41764,-38.21012],[143.40977,-38.20085],[143.41779,-38.20007],[143.42569,-38.19292],[143.43262,-38.19448],[143.43792,-38.18702],[143.44223,-38.19131],[143.44596,-38.19024],[143.45038,-38.1977],[143.45505,-38.19744],[143.45984,-38.19385],[143.45673,-38.19068],[143.47042,-38.18136],[143.4758,-38.16337],[143.4741,-38.15693],[143.46453,-38.14904],[143.46736,-38.14486],[143.46486,-38.13481],[143.46914,-38.12953],[143.46916,-38.12125],[143.47378,-38.12107],[143.4738,-38.12762],[143.47699,-38.13029],[143.48969,-38.13228],[143.49944,-38.12851],[143.5108,-38.12999],[143.51734,-38.12481],[143.52531,-38.12519],[143.53335,-38.12119],[143.54059,-38.10784],[143.55277,-38.10151],[143.57321,-38.10095],[143.57661,-38.10735],[143.59481,-38.10819],[143.60009,-38.10559],[143.60093,-38.10154],[143.60437,-38.10283],[143.60357,-38.09362],[143.62376,-38.09429],[143.63413,-38.0895],[143.63484,-38.07709],[143.61619,-38.06115],[143.61886,-38.05427],[143.61348,-38.05409],[143.61189,-38.05058],[143.61567,-38.0432],[143.61197,-38.03517],[143.61684,-38.03265],[143.61901,-38.03854],[143.62244,-38.03059],[143.62615,-38.03404],[143.62986,-38.02784],[143.62892,-38.02339],[143.67242,-38.02939],[143.73566,-38.02726],[143.76556,-38.01949],[143.82957,-38.02232],[143.81855,-38.08012],[143.82463,-38.08087],[143.82848,-38.0922],[143.82434,-38.09171],[143.82198,-38.10421],[143.81081,-38.12053],[143.80966,-38.12779],[143.85737,-38.1335],[143.85135,-38.17458],[143.84527,-38.18483],[143.84596,-38.19921],[143.83983,-38.23165],[143.84147,-38.24286],[143.83385,-38.29097],[143.87879,-38.27619],[143.83494,-38.51056],[143.84709,-38.51183],[143.84506,-38.52279],[143.85615,-38.52515],[143.84603,-38.53269],[143.85151,-38.5374],[143.85082,-38.54492],[143.84323,-38.54294],[143.84524,-38.54553],[143.8425,-38.55458],[143.82496,-38.55718],[143.82454,-38.56657],[143.94611,-38.57941],[143.91963,-38.59679],[143.92029,-38.60487],[143.90816,-38.62585],[143.89145,-38.63514],[143.89428,-38.64148],[143.87029,-38.65526],[143.86209,-38.66715],[143.86623,-38.67165],[143.84207,-38.67907],[143.84109,-38.68977],[143.83726,-38.69266],[143.81042,-38.69301],[143.80185,-38.69781],[143.77665,-38.70251],[143.77522,-38.70532],[143.75673,-38.70669],[143.75,-38.71314],[143.72856,-38.71778],[143.72666,-38.72178],[143.68128,-38.73765],[143.67042,-38.75237],[143.67206,-38.75759],[143.67995,-38.76082],[143.66701,-38.76791],[143.66602,-38.77937],[143.64645,-38.79127],[143.62221,-38.79251],[143.61604,-38.7955],[143.58566,-38.82181],[143.58453,-38.82984],[143.57994,-38.83565],[143.56065,-38.84549],[143.56153,-38.84839],[143.55407,-38.85568],[143.54362,-38.85342],[143.51093,-38.85757],[143.49283,-38.84388],[143.49204,-38.83624],[143.46412,-38.80885],[143.45728,-38.80691],[143.42781,-38.78358],[143.40171,-38.78114],[143.40137,-38.77628],[143.39344,-38.77057],[143.3599,-38.75509],[143.32754,-38.7572],[143.30343,-38.75007],[143.28712,-38.75753],[143.28048,-38.74733],[143.25875,-38.74735],[143.25086,-38.73837],[143.25393,-38.73128],[143.25084,-38.72638],[143.25563,-38.72321],[143.25928,-38.71316],[143.25379,-38.70817],[143.25671,-38.70367],[143.24892,-38.69871],[143.25093,-38.69498],[143.24712,-38.68831],[143.2502,-38.68756]]]},"properties":{"lga_name":"COLAC OTWAY","lga_official_name":"COLAC OTWAY SHIRE"}},{"type":"Feature","geometry":{"type":"Polygon","coordinates":[[[143.4676,-38.28134],[143.46639,-38.28424],[143.45651,-38.28333],[143.46077,-38.28561],[143.45678,-38.29125],[143.45094,-38.29245],[143.45643,-38.29569],[143.45275,-38.30225],[143.42998,-38.31024],[143.42975,-38.31371],[143.4356,-38.31573],[143.43466,-38.3294],[143.42813,-38.33872],[143.42329,-38.34044],[143.42198,-38.34869],[143.39768,-38.34933],[143.39065,-38.34474],[143.36238,-38.34007],[143.34065,-38.32594],[143.32375,-38.32443],[143.28598,-38.33153],[143.28457,-38.33935],[143.27591,-38.34713],[143.2788,-38.35337],[143.28382,-38.35426],[143.28359,-38.35847],[143.26379,-38.44681],[143.32098,-38.45393],[143.32353,-38.46326],[143.33967,-38.46735],[143.36228,-38.48538],[143.3645,-38.496],[143.35278,-38.4935],[143.34442,-38.49823],[143.35128,-38.51726],[143.3623,-38.52101],[143.35822,-38.53002],[143.34807,-38.53998],[143.34868,-38.5444],[143.32209,-38.55743],[143.27773,-38.56681],[143.27452,-38.57417],[143.26638,-38.5732],[143.27892,-38.58747],[143.2815,-38.60466],[143.29242,-38.61508],[143.28035,-38.62407],[143.2712,-38.62307],[143.27238,-38.62729],[143.26528,-38.62855],[143.2681,-38.6325],[143.26291,-38.6334],[143.26457,-38.6369],[143.26224,-38.63858],[143.26935,-38.64317],[143.26624,-38.647],[143.27517,-38.64823],[143.27942,-38.65428],[143.27268,-38.65871],[143.27109,-38.6656],[143.26238,-38.66855],[143.26522,-38.67549],[143.25372,-38.67774],[143.25224,-38.68328],[143.25848,-38.68685],[143.24712,-38.68831],[143.25093,-38.69498],[143.24892,-38.69871],[143.25671,-38.70367],[143.25379,-38.70817],[143.25928,-38.71316],[143.25563,-38.72321],[143.25058,-38.72729],[143.25393,-38.73128],[143.25082,-38.73575],[143.25245,-38.74197],[143.25875,-38.74735],[143.28048,-38.74733],[143.28712,-38.75753],[143.28038,-38.75898],[143.28015,-38.76293],[143.26739,-38.76308],[143.26578,-38.76917],[143.25764,-38.77069],[143.2597,-38.77295],[143.24911,-38.768],[143.23307,-38.76646],[143.22958,-38.76133],[143.21533,-38.75838],[143.19599,-38.74114],[143.19032,-38.74018],[143.18964,-38.73416],[143.18561,-38.7338],[143.16404,-38.71133],[143.15472,-38.70652],[143.12299,-38.67678],[143.09484,-38.65847],[143.08041,-38.65433],[143.08084,-38.651],[143.07554,-38.64869],[143.07107,-38.64988],[143.07161,-38.6475],[143.06818,-38.64854],[143.06998,-38.64661],[143.06034,-38.64574],[143.055,-38.64786],[143.05817,-38.64499],[143.0556,-38.64174],[143.04352,-38.63771],[143.04098,-38.6394],[143.03667,-38.63174],[143.02871,-38.63192],[143.01538,-38.62449],[142.99105,-38.6223],[142.99196,-38.61934],[142.97582,-38.62538],[142.94767,-38.61977],[142.94446,-38.6243],[142.93766,-38.62244],[142.93703,-38.62732],[142.9298,-38.6212],[142.92156,-38.62007],[142.92009,-38.61652],[142.9145,-38.61956],[142.90218,-38.61063],[142.88042,-38.60832],[142.88459,-38.60071],[142.87787,-38.59668],[142.87072,-38.58232],[142.86948,-38.56696],[142.85327,-38.55706],[142.85348,-38.55106],[142.84733,-38.55016],[142.83292,-38.53847],[142.83794,-38.52513],[142.83403,-38.51913],[142.84032,-38.51808],[142.84304,-38.51243],[142.85545,-38.51154],[142.85338,-38.50645],[142.85849,-38.50409],[142.85809,-38.50003],[142.86533,-38.49937],[142.86753,-38.49284],[142.87942,-38.49414],[142.8994,-38.48682],[142.86857,-38.48314],[142.86826,-38.48546],[142.84736,-38.48071],[142.88043,-38.30675],[142.85689,-38.31163],[142.85811,-38.30563],[142.84761,-38.30598],[142.83944,-38.31303],[142.83441,-38.3085],[142.827,-38.31444],[142.8216,-38.31069],[142.81811,-38.31283],[142.81479,-38.30665],[142.81486,-38.29822],[142.82552,-38.29691],[142.84447,-38.19681],[142.85876,-38.19819],[142.89071,-38.19422],[142.89732,-38.16533],[142.8902,-38.15287],[142.89612,-38.1231],[143.01938,-38.13599],[143.00557,-38.12092],[143.00612,-38.11529],[143.00242,-38.11087],[143.00496,-38.10162],[142.9929,-38.08827],[142.99536,-38.08391],[142.9922,-38.07979],[142.99961,-38.07114],[143.00625,-38.07024],[143.02617,-38.05819],[143.01492,-38.05278],[143.01343,-38.04598],[143.02291,-38.04273],[143.01985,-38.0396],[143.02597,-38.03586],[143.03433,-38.03618],[143.03585,-38.03341],[143.03166,-38.03359],[143.0342,-38.02923],[143.03087,-38.02925],[143.03063,-38.02579],[143.03426,-38.02589],[143.03184,-38.02331],[143.03592,-38.01917],[143.03105,-38.01398],[143.04457,-38.01266],[143.04524,-38.00812],[143.05049,-38.00502],[143.04774,-38.00356],[143.05032,-37.99988],[143.0384,-37.99689],[143.03657,-37.99211],[143.03854,-37.98857],[143.04181,-37.98936],[143.04185,-37.98635],[143.04312,-37.98879],[143.05002,-37.98494],[143.04343,-37.98112],[143.04685,-37.97576],[143.0525,-37.97418],[143.05185,-37.96333],[143.05625,-37.95939],[143.06068,-37.96254],[143.0694,-37.96039],[143.0702,-37.95698],[143.07685,-37.95452],[143.07591,-37.95048],[143.08315,-37.94734],[143.07927,-37.93924],[143.07549,-37.93776],[143.07778,-37.93269],[143.07415,-37.92894],[143.08759,-37.92457],[143.08363,-37.92204],[143.09778,-37.90704],[143.09236,-37.90351],[143.08403,-37.90746],[143.07969,-37.89809],[143.07233,-37.89519],[143.07993,-37.89351],[143.07439,-37.88539],[143.08327,-37.88436],[143.08909,-37.87935],[143.10141,-37.8828],[143.09543,-37.87704],[143.09269,-37.87954],[143.08901,-37.87639],[143.08679,-37.87942],[143.08159,-37.8787],[143.08319,-37.87259],[143.0793,-37.86398],[143.08418,-37.85641],[143.09959,-37.85057],[143.09946,-37.84344],[143.10732,-37.84342],[143.1023,-37.83977],[143.10549,-37.83839],[143.10511,-37.83088],[143.10098,-37.82933],[143.10065,-37.82416],[143.09521,-37.81854],[143.10073,-37.81498],[143.09906,-37.80931],[143.1018,-37.80533],[143.10848,-37.8007],[143.11026,-37.79336],[143.10604,-37.79174],[143.10674,-37.78193],[143.11667,-37.77399],[143.12357,-37.77893],[143.13163,-37.77908],[143.13633,-37.77612],[143.13428,-37.77364],[143.13705,-37.77077],[143.14565,-37.76851],[143.14902,-37.7618],[143.16034,-37.76171],[143.16559,-37.7652],[143.16476,-37.75504],[143.16845,-37.75398],[143.16698,-37.74951],[143.17047,-37.75059],[143.16772,-37.74416],[143.17404,-37.74338],[143.1804,-37.73137],[143.20071,-37.73646],[143.21531,-37.73418],[143.21736,-37.73783],[143.22489,-37.73678],[143.22655,-37.74463],[143.23197,-37.74622],[143.23445,-37.74362],[143.23163,-37.74222],[143.23707,-37.74164],[143.24194,-37.74662],[143.2497,-37.74249],[143.24857,-37.73853],[143.25546,-37.7355],[143.25483,-37.73217],[143.26735,-37.73355],[143.26369,-37.73891],[143.27085,-37.74567],[143.26921,-37.74901],[143.27291,-37.75005],[143.27189,-37.75345],[143.27713,-37.75609],[143.28253,-37.75423],[143.28463,-37.75747],[143.30212,-37.75383],[143.3042,-37.75665],[143.30726,-37.74854],[143.3155,-37.74832],[143.31553,-37.74507],[143.32275,-37.74346],[143.32163,-37.73794],[143.31754,-37.73859],[143.31595,-37.73525],[143.32511,-37.73617],[143.32068,-37.73477],[143.31826,-37.72789],[143.32288,-37.72842],[143.32731,-37.71959],[143.32169,-37.71701],[143.32653,-37.71469],[143.3205,-37.71207],[143.32666,-37.71013],[143.33051,-37.71254],[143.33309,-37.70869],[143.33913,-37.71085],[143.34228,-37.7086],[143.33939,-37.7028],[143.34227,-37.70155],[143.34062,-37.69888],[143.34336,-37.69916],[143.34046,-37.69501],[143.3452,-37.69099],[143.35017,-37.69337],[143.35479,-37.67026],[143.37121,-37.67229],[143.37957,-37.66819],[143.39879,-37.66789],[143.40358,-37.66879],[143.4047,-37.67253],[143.4124,-37.67299],[143.42671,-37.66789],[143.43195,-37.67131],[143.44624,-37.66943],[143.45229,-37.66118],[143.46475,-37.65892],[143.44057,-37.78467],[143.44063,-37.80631],[143.44668,-37.81291],[143.4478,-37.82139],[143.44539,-37.8394],[143.44096,-37.84173],[143.44394,-37.84351],[143.44159,-37.84603],[143.44449,-37.85103],[143.44056,-37.85942],[143.45241,-37.87326],[143.4525,-37.87729],[143.4445,-37.88538],[143.44791,-37.89622],[143.44278,-37.90566],[143.44745,-37.91048],[143.45074,-37.90788],[143.45567,-37.9091],[143.47712,-37.92435],[143.481,-37.93133],[143.47723,-37.93764],[143.47942,-37.94084],[143.59306,-37.95457],[143.59734,-37.96215],[143.61072,-37.95818],[143.62039,-37.96537],[143.61891,-37.97117],[143.6222,-37.97205],[143.62442,-37.97818],[143.62094,-37.97865],[143.62183,-37.98185],[143.62966,-37.9812],[143.63422,-37.98566],[143.63716,-37.98129],[143.6381,-37.98474],[143.64813,-37.98823],[143.64644,-37.99194],[143.65356,-37.99896],[143.65121,-38.00593],[143.65612,-38.00713],[143.65591,-38.01141],[143.63342,-38.0126],[143.63266,-38.01632],[143.62815,-38.01632],[143.6308,-38.01794],[143.62986,-38.02784],[143.62615,-38.03404],[143.62244,-38.03059],[143.61901,-38.03854],[143.61684,-38.03265],[143.61197,-38.03517],[143.61561,-38.04158],[143.61291,-38.05354],[143.61886,-38.05427],[143.61559,-38.06004],[143.63484,-38.07709],[143.63491,-38.08881],[143.62376,-38.09429],[143.60357,-38.09362],[143.60437,-38.10283],[143.60093,-38.10154],[143.60009,-38.10559],[143.59481,-38.10819],[143.57661,-38.10735],[143.57321,-38.10095],[143.55277,-38.10151],[143.54059,-38.10784],[143.53335,-38.12119],[143.52531,-38.12519],[143.51734,-38.12481],[143.5108,-38.12999],[143.49944,-38.12851],[143.48969,-38.13228],[143.47699,-38.13029],[143.4738,-38.12762],[143.47378,-38.12107],[143.46916,-38.12125],[143.46914,-38.12953],[143.46486,-38.13481],[143.46736,-38.14486],[143.46453,-38.14904],[143.4741,-38.15693],[143.4758,-38.16337],[143.47042,-38.18136],[143.45673,-38.19068],[143.45984,-38.19385],[143.45505,-38.19744],[143.45038,-38.1977],[143.44596,-38.19024],[143.44223,-38.19131],[143.43792,-38.18702],[143.43262,-38.19448],[143.42569,-38.19292],[143.41779,-38.20007],[143.40977,-38.20085],[143.41764,-38.21012],[143.41359,-38.21564],[143.42097,-38.22498],[143.41396,-38.23459],[143.40816,-38.23466],[143.4103,-38.23904],[143.40568,-38.24033],[143.4102,-38.24265],[143.40909,-38.24697],[143.41723,-38.24716],[143.41495,-38.25222],[143.42304,-38.25102],[143.42879,-38.24477],[143.422,-38.23914],[143.43673,-38.23471],[143.43375,-38.24099],[143.44013,-38.23938],[143.4404,-38.24405],[143.4482,-38.24482],[143.44795,-38.25075],[143.43662,-38.24983],[143.44453,-38.25462],[143.45963,-38.25042],[143.46526,-38.25182],[143.46544,-38.2581],[143.47284,-38.25176],[143.47772,-38.25323],[143.48274,-38.27006],[143.47596,-38.27426],[143.47645,-38.27809],[143.4676,-38.28134]]]},"properties":{"lga_name":"CORANGAMITE","lga_official_name":"CORANGAMITE SHIRE"}},{"type":"Feature","geometry":{"type":"Polygon","coordinates":[[[142.17809,-38.3921],[142.17393,-38.39],[142.14571,-38.39148],[142.13703,-38.38092],[142.10591,-38.37165],[142.09717,-38.36512],[142.07397,-38.35619],[142.01455,-38.31691],[141.97866,-38.29835],[141.92119,-38.27557],[141.86962,-38.26428],[141.86959,-38.21071],[141.85096,-38.21115],[141.85087,-38.17424],[141.85091,-38.14467],[141.86939,-38.14458],[141.86941,-38.11307],[141.85147,-38.08646],[141.85144,-38.08024],[141.84689,-38.07952],[141.81978,-38.03931],[141.83474,-38.01011],[141.83449,-37.98551],[141.8201,-37.96149],[141.81708,-37.94328],[141.82638,-37.93558],[141.83317,-37.93395],[141.86302,-37.94259],[141.87118,-37.94342],[141.87634,-37.94053],[141.88467,-37.94253],[141.91526,-37.96386],[141.9318,-37.96216],[141.96005,-37.97319],[141.98576,-37.97112],[141.99656,-37.95895],[142.0061,-37.95951],[142.0104,-37.95588],[142.01738,-37.95808],[142.03123,-37.94823],[142.11461,-37.94695],[142.11277,-37.95686],[142.13381,-37.95655],[142.13675,-37.9541],[142.13578,-37.94998],[142.15481,-37.9519],[142.15481,-37.94668],[142.16182,-37.94421],[142.16222,-37.94001],[142.16732,-37.94514],[142.17464,-37.94616],[142.17872,-37.94457],[142.17847,-37.94102],[142.1886,-37.93714],[142.21379,-37.93732],[142.21445,-37.93452],[142.41361,-37.93222],[142.40901,-37.89815],[142.42363,-37.9092],[142.43257,-37.90932],[142.43967,-37.91527],[142.45014,-37.91842],[142.46669,-37.83491],[142.53071,-37.84303],[142.53386,-37.82694],[142.54847,-37.82135],[142.55254,-37.80132],[142.59724,-37.80939],[142.67325,-37.81655],[142.66485,-37.83008],[142.70123,-37.83491],[142.75027,-37.81925],[142.75763,-37.81275],[142.83969,-37.82213],[142.84223,-37.80785],[142.8608,-37.80993],[142.86141,-37.80644],[142.87947,-37.80843],[142.8753,-37.83193],[142.87923,-37.83645],[142.90213,-37.8167],[142.92338,-37.80716],[142.92685,-37.80128],[142.93844,-37.80161],[142.95131,-37.78952],[142.9624,-37.78717],[142.98483,-37.77283],[143.00725,-37.76554],[143.01667,-37.76668],[143.01307,-37.7869],[143.03527,-37.79276],[143.03146,-37.81451],[143.04486,-37.816],[143.04706,-37.8232],[143.06208,-37.8249],[143.06399,-37.81423],[143.07623,-37.81565],[143.09342,-37.82893],[143.10583,-37.83349],[143.10549,-37.83839],[143.10223,-37.83932],[143.10714,-37.84369],[143.09946,-37.84344],[143.09959,-37.85057],[143.08418,-37.85641],[143.0828,-37.8622],[143.07931,-37.86385],[143.08319,-37.87259],[143.08159,-37.8787],[143.08679,-37.87942],[143.08901,-37.87639],[143.09269,-37.87954],[143.09543,-37.87704],[143.10141,-37.8828],[143.08909,-37.87935],[143.08327,-37.88436],[143.07378,-37.8863],[143.07998,-37.89322],[143.07248,-37.89637],[143.07969,-37.89809],[143.08212,-37.90583],[143.08446,-37.90756],[143.09236,-37.90351],[143.09778,-37.90704],[143.08363,-37.92204],[143.08759,-37.92457],[143.07415,-37.92894],[143.07778,-37.93269],[143.07549,-37.93776],[143.07927,-37.93924],[143.08315,-37.94734],[143.07591,-37.95048],[143.07685,-37.95452],[143.0702,-37.95698],[143.0694,-37.96039],[143.06068,-37.96254],[143.05625,-37.95939],[143.05185,-37.96333],[143.0525,-37.97418],[143.04685,-37.97576],[143.04343,-37.98112],[143.05002,-37.98494],[143.04312,-37.98879],[143.04185,-37.98635],[143.04181,-37.98936],[143.03854,-37.98857],[143.03657,-37.99211],[143.0384,-37.99689],[143.05032,-37.99988],[143.04774,-38.00356],[143.05049,-38.00502],[143.04524,-38.00812],[143.04457,-38.01266],[143.03105,-38.01398],[143.03592,-38.01917],[143.03184,-38.02331],[143.03426,-38.02589],[143.03063,-38.02579],[143.03087,-38.02925],[143.0342,-38.02923],[143.03166,-38.03359],[143.03585,-38.03341],[143.03433,-38.03618],[143.02597,-38.03586],[143.01985,-38.0396],[143.02291,-38.04273],[143.01343,-38.04598],[143.01492,-38.05278],[143.02617,-38.05819],[143.00625,-38.07024],[142.99961,-38.07114],[142.99225,-38.07959],[142.99536,-38.08391],[142.9929,-38.08827],[143.00496,-38.10162],[143.00242,-38.11087],[143.00612,-38.11529],[143.00557,-38.12092],[143.01938,-38.13599],[142.89612,-38.1231],[142.8902,-38.15287],[142.89732,-38.16533],[142.89071,-38.19422],[142.85876,-38.19819],[142.84447,-38.19681],[142.82552,-38.29691],[142.81486,-38.29822],[142.81479,-38.30665],[142.81811,-38.31283],[142.8216,-38.31069],[142.827,-38.31444],[142.83441,-38.3085],[142.83944,-38.31303],[142.84761,-38.30598],[142.85811,-38.30563],[142.85689,-38.31163],[142.88043,-38.30675],[142.84736,-38.48071],[142.86826,-38.48546],[142.86857,-38.48314],[142.8994,-38.48682],[142.87942,-38.49414],[142.86753,-38.49284],[142.86533,-38.49937],[142.85809,-38.50003],[142.85849,-38.50409],[142.85338,-38.50645],[142.85545,-38.51154],[142.84304,-38.51243],[142.84032,-38.51808],[142.83403,-38.51913],[142.83794,-38.52513],[142.83273,-38.53795],[142.84733,-38.55016],[142.85348,-38.55106],[142.85327,-38.55706],[142.86999,-38.56776],[142.87072,-38.58232],[142.87787,-38.59668],[142.88459,-38.60071],[142.87814,-38.60971],[142.87305,-38.61006],[142.86878,-38.60364],[142.85768,-38.60528],[142.8593,-38.59883],[142.85258,-38.59186],[142.82855,-38.58706],[142.82501,-38.58446],[142.8282,-38.58095],[142.82323,-38.57646],[142.81616,-38.57954],[142.80792,-38.57167],[142.80072,-38.57441],[142.7956,-38.57233],[142.79628,-38.56971],[142.79103,-38.57109],[142.77793,-38.56298],[142.77909,-38.56073],[142.77614,-38.5615],[142.75706,-38.54962],[142.71975,-38.52024],[142.70557,-38.51191],[142.70004,-38.51217],[142.70063,-38.50938],[142.69499,-38.50616],[142.69632,-38.50325],[142.69078,-38.50354],[142.68415,-38.4951],[142.6753,-38.49389],[142.67656,-38.49038],[142.668,-38.48917],[142.60901,-38.45018],[142.61141,-38.43732],[142.60515,-38.43655],[142.60925,-38.4331],[142.60469,-38.42974],[142.60694,-38.41655],[142.60966,-38.41685],[142.6114,-38.40709],[142.62033,-38.40803],[142.61695,-38.39808],[142.61991,-38.39842],[142.62091,-38.3886],[142.60932,-38.38735],[142.61529,-38.38446],[142.59423,-38.38361],[142.5702,-38.38861],[142.57245,-38.37423],[142.5539,-38.37225],[142.55636,-38.35962],[142.531,-38.3557],[142.5188,-38.35888],[142.52263,-38.33621],[142.51784,-38.3389],[142.5204,-38.32522],[142.50989,-38.31254],[142.49223,-38.31288],[142.49256,-38.30913],[142.46495,-38.30625],[142.46379,-38.31347],[142.45028,-38.31608],[142.42893,-38.31434],[142.42563,-38.35078],[142.43209,-38.35356],[142.42237,-38.37242],[142.37219,-38.34955],[142.35393,-38.35013],[142.3385,-38.35294],[142.33439,-38.35842],[142.31764,-38.3599],[142.31039,-38.35642],[142.29446,-38.35981],[142.28635,-38.3663],[142.2771,-38.36223],[142.2604,-38.36519],[142.24431,-38.37928],[142.24519,-38.38822],[142.25521,-38.39116],[142.24522,-38.39641],[142.24174,-38.39465],[142.2433,-38.39212],[142.23809,-38.39518],[142.23283,-38.39227],[142.20653,-38.39267],[142.20044,-38.39471],[142.20192,-38.3962],[142.19284,-38.39673],[142.19413,-38.39396],[142.1911,-38.39298],[142.17809,-38.3921]]]},"properties":{"lga_name":"MOYNE","lga_official_name":"MOYNE SHIRE"}},{"type":"Feature","geometry":{"type":"Polygon","coordinates":[[[143.96583,-37.10342],[143.96177,-37.11596],[143.96269,-37.12944],[143.95519,-37.13988],[143.96295,-37.14871],[143.96381,-37.16298],[143.95885,-37.16742],[143.96252,-37.17673],[143.96011,-37.18265],[143.95421,-37.18587],[143.94907,-37.19783],[143.94706,-37.19917],[143.94153,-37.19449],[143.93938,-37.19765],[143.93597,-37.19284],[143.87501,-37.18639],[143.86734,-37.19509],[143.85835,-37.2353],[143.83702,-37.23288],[143.83355,-37.22625],[143.82207,-37.22593],[143.8202,-37.23521],[143.76629,-37.22822],[143.75904,-37.23323],[143.73266,-37.21444],[143.73002,-37.21934],[143.72704,-37.21365],[143.72272,-37.21746],[143.72437,-37.22103],[143.71998,-37.2217],[143.71392,-37.23027],[143.69193,-37.23228],[143.68749,-37.22891],[143.68186,-37.23394],[143.67181,-37.23323],[143.66513,-37.23664],[143.66561,-37.23431],[143.63641,-37.23082],[143.64065,-37.2083],[143.58229,-37.20172],[143.58542,-37.18454],[143.55096,-37.18047],[143.54986,-37.17593],[143.55338,-37.17073],[143.55189,-37.15878],[143.57042,-37.15014],[143.57401,-37.14251],[143.58053,-37.13931],[143.58295,-37.13192],[143.57813,-37.11512],[143.57351,-37.11304],[143.57055,-37.11624],[143.56738,-37.11296],[143.56273,-37.11651],[143.56087,-37.09792],[143.56527,-37.09564],[143.55202,-37.09414],[143.56253,-37.0336],[143.57569,-37.03182],[143.57972,-37.00943],[143.59207,-37.01083],[143.59418,-36.9986],[143.60205,-36.99949],[143.60367,-36.98992],[143.57587,-36.98154],[143.57769,-36.97162],[143.57491,-36.96893],[143.59353,-36.95617],[143.58193,-36.94513],[143.57723,-36.94836],[143.54354,-36.94385],[143.54241,-36.94913],[143.50648,-36.94539],[143.50696,-36.94273],[143.47243,-36.93884],[143.46994,-36.9314],[143.46677,-36.93067],[143.46898,-36.92543],[143.46739,-36.91147],[143.47422,-36.91009],[143.4755,-36.90582],[143.48492,-36.9004],[143.48202,-36.89503],[143.48821,-36.88831],[143.49534,-36.89106],[143.50202,-36.8871],[143.50466,-36.87981],[143.50792,-36.87872],[143.51023,-36.86865],[143.50755,-36.86213],[143.51097,-36.8586],[143.51016,-36.84871],[143.50063,-36.83862],[143.49878,-36.82657],[143.49906,-36.82143],[143.50757,-36.81277],[143.50694,-36.8078],[143.50182,-36.80396],[143.50056,-36.79704],[143.49005,-36.78933],[143.48667,-36.77763],[143.47756,-36.77065],[143.47971,-36.76751],[143.46575,-36.75998],[143.46347,-36.75548],[143.49566,-36.75551],[143.49559,-36.74085],[143.56853,-36.74179],[143.57379,-36.72901],[143.62843,-36.7358],[143.63303,-36.7278],[143.63209,-36.72106],[143.66963,-36.72368],[143.66516,-36.74112],[143.67441,-36.74227],[143.67178,-36.75694],[143.66731,-36.75636],[143.67492,-36.76892],[143.68027,-36.79926],[143.677,-36.81159],[143.67911,-36.81582],[143.70152,-36.8232],[143.71797,-36.83765],[143.75886,-36.84293],[143.75425,-36.86087],[143.75686,-36.86774],[143.79125,-36.875],[143.80187,-36.87398],[143.84594,-36.88041],[143.849,-36.88434],[143.85855,-36.88577],[143.85589,-36.89997],[143.86648,-36.90125],[143.86719,-36.90682],[143.86319,-36.90985],[143.86288,-36.91563],[143.85768,-36.91604],[143.8468,-36.92845],[143.8556,-36.94707],[143.85996,-36.94951],[143.85199,-36.95724],[143.8463,-36.95771],[143.84561,-36.96291],[143.83642,-36.96326],[143.83452,-36.96842],[143.83715,-36.97178],[143.83399,-36.9736],[143.83603,-36.97857],[143.8305,-36.9807],[143.8842,-36.98644],[143.8823,-36.99851],[143.89948,-37.00051],[143.89572,-37.02348],[143.89954,-37.0211],[143.9751,-37.02956],[143.99179,-37.05422],[144.01173,-37.05965],[144.01686,-37.06902],[144.01145,-37.07553],[143.98596,-37.08693],[143.97957,-37.09945],[143.97437,-37.09288],[143.96999,-37.09255],[143.96983,-37.0972],[143.96458,-37.10082],[143.96583,-37.10342]]]},"properties":{"lga_name":"CENTRAL GOLDFIELDS","lga_official_name":"CENTRAL GOLDFIELDS SHIRE"}},{"type":"Feature","geometry":{"type":"Polygon","coordinates":[[[145.30877,-37.79788],[145.30429,-37.82152],[145.31681,-37.81815],[145.31798,-37.8439],[145.30867,-37.84265],[145.29353,-37.83405],[145.28173,-37.83282],[145.27841,-37.83589],[145.2568,-37.83574],[145.23238,-37.8403],[145.21767,-37.83737],[145.21334,-37.84009],[145.21341,-37.81224],[145.21721,-37.79087],[145.23597,-37.79007],[145.24058,-37.76476],[145.26539,-37.76691],[145.27821,-37.76183],[145.29645,-37.76344],[145.29592,-37.7664],[145.30035,-37.76738],[145.29735,-37.77037],[145.30788,-37.77752],[145.30527,-37.78434],[145.30877,-37.79788]]]},"properties":{"lga_name":"MAROONDAH","lga_official_name":"MAROONDAH CITY"}},{"type":"Feature","geometry":{"type":"Polygon","coordinates":[[[144.76468,-37.72308],[144.76815,-37.70962],[144.75177,-37.70561],[144.75834,-37.68102],[144.74418,-37.66294],[144.75767,-37.66277],[144.76461,-37.66584],[144.77222,-37.66403],[144.76848,-37.66844],[144.77446,-37.67087],[144.77657,-37.67679],[144.79204,-37.67539],[144.79788,-37.6716],[144.80117,-37.6755],[144.80469,-37.66948],[144.80339,-37.67563],[144.80639,-37.68316],[144.81227,-37.68163],[144.82049,-37.68438],[144.82069,-37.69221],[144.80968,-37.69789],[144.82491,-37.69834],[144.82861,-37.70675],[144.83508,-37.70326],[144.83805,-37.70931],[144.85941,-37.7124],[144.86076,-37.70581],[144.8858,-37.70714],[144.88847,-37.71081],[144.8702,-37.72147],[144.84612,-37.74743],[144.84955,-37.7544],[144.84837,-37.75991],[144.85427,-37.76446],[144.85057,-37.7734],[144.84822,-37.7731],[144.84481,-37.79354],[144.84255,-37.7973],[144.83916,-37.79691],[144.85586,-37.81488],[144.82749,-37.82279],[144.82668,-37.81688],[144.75088,-37.81041],[144.75918,-37.75607],[144.75657,-37.75423],[144.75726,-37.74823],[144.76291,-37.73981],[144.76468,-37.72308]]]},"properties":{"lga_name":"BRIMBANK","lga_official_name":"BRIMBANK CITY"}},{"type":"Feature","geometry":{"type":"Polygon","coordinates":[[[145.23831,-37.77748],[145.23597,-37.79007],[145.21721,-37.79087],[145.21353,-37.81177],[145.20535,-37.80553],[145.19029,-37.80554],[145.18503,-37.80121],[145.1839,-37.8061],[145.13286,-37.79532],[145.12411,-37.79874],[145.109,-37.79467],[145.09616,-37.77966],[145.08182,-37.77939],[145.0788,-37.77682],[145.06936,-37.78125],[145.06745,-37.77914],[145.07095,-37.77108],[145.07661,-37.77359],[145.07154,-37.7671],[145.07638,-37.76738],[145.07919,-37.76222],[145.07679,-37.75851],[145.07296,-37.759],[145.08048,-37.75793],[145.07726,-37.75573],[145.07983,-37.75391],[145.08181,-37.75628],[145.08246,-37.75138],[145.0916,-37.75431],[145.09805,-37.74897],[145.11286,-37.75523],[145.12269,-37.74921],[145.12604,-37.75106],[145.12298,-37.74751],[145.11868,-37.7495],[145.12266,-37.74052],[145.13325,-37.74284],[145.13772,-37.73834],[145.14997,-37.73844],[145.15525,-37.73396],[145.16252,-37.73772],[145.16524,-37.73422],[145.17588,-37.73493],[145.17761,-37.73847],[145.1815,-37.72979],[145.19397,-37.73183],[145.1919,-37.73806],[145.19731,-37.74134],[145.20164,-37.73036],[145.21537,-37.73191],[145.20234,-37.73774],[145.20504,-37.74175],[145.22021,-37.73613],[145.22997,-37.73876],[145.22703,-37.73309],[145.22887,-37.73163],[145.23626,-37.73147],[145.24208,-37.73606],[145.24223,-37.72797],[145.23654,-37.72699],[145.2355,-37.7203],[145.2425,-37.72541],[145.24315,-37.71894],[145.24876,-37.72064],[145.25611,-37.71411],[145.25487,-37.70996],[145.26823,-37.70748],[145.27036,-37.70548],[145.26794,-37.70331],[145.27237,-37.70387],[145.27579,-37.71008],[145.27247,-37.71592],[145.27915,-37.71326],[145.28371,-37.7188],[145.28697,-37.71492],[145.28279,-37.70834],[145.28608,-37.70343],[145.29202,-37.70238],[145.28911,-37.70896],[145.29325,-37.70952],[145.29394,-37.72288],[145.29159,-37.72831],[145.28352,-37.73252],[145.28167,-37.74257],[145.28972,-37.75267],[145.28958,-37.76281],[145.27821,-37.76183],[145.26539,-37.76691],[145.24058,-37.76476],[145.23831,-37.77748]]]},"properties":{"lga_name":"MANNINGHAM","lga_official_name":"MANNINGHAM CITY"}},{"type":"Feature","geometry":{"type":"Polygon","coordinates":[[[144.93806,-37.76067],[144.933,-37.75885],[144.9349,-37.75322],[144.92676,-37.75156],[144.92856,-37.7457],[144.93467,-37.74404],[144.92456,-37.73268],[144.92476,-37.72901],[144.91052,-37.72194],[144.90989,-37.7177],[144.90232,-37.71677],[144.89815,-37.70921],[144.88847,-37.71081],[144.88623,-37.70774],[144.9046,-37.69391],[144.97214,-37.69099],[144.97048,-37.69268],[144.97876,-37.69428],[144.98254,-37.70308],[144.97853,-37.70474],[144.98083,-37.7074],[144.97712,-37.71015],[144.97703,-37.71364],[144.98088,-37.71477],[144.97819,-37.72036],[144.98527,-37.72136],[144.979,-37.7427],[144.98197,-37.74557],[144.97921,-37.75425],[144.98852,-37.77639],[144.97888,-37.77534],[144.97814,-37.78006],[144.93881,-37.77543],[144.93709,-37.77777],[144.93832,-37.77124],[144.93526,-37.77058],[144.93806,-37.76067]]]},"properties":{"lga_name":"MERRI-BEK","lga_official_name":"MERRI-BEK CITY"}},{"type":"Feature","geometry":{"type":"Polygon","coordinates":[[[145.02354,-37.9148],[145.02599,-37.90215],[145.00633,-37.89981],[144.99675,-37.88349],[145.00004,-37.86644],[145.00917,-37.86758],[145.01053,-37.86021],[145.03246,-37.86833],[145.05217,-37.88291],[145.07819,-37.88714],[145.07421,-37.90813],[145.08531,-37.9095],[145.07954,-37.93874],[145.0344,-37.93301],[145.02246,-37.9206],[145.02354,-37.9148]]]},"properties":{"lga_name":"GLEN EIRA","lga_official_name":"GLEN EIRA CITY"}},{"type":"Feature","geometry":{"type":"Polygon","coordinates":[[[141.55706,-34.19661],[141.55902,-34.19128],[141.5656,-34.19111],[141.58522,-34.19872],[141.58979,-34.1871],[141.59584,-34.19177],[141.60474,-34.18987],[141.60495,-34.18392],[141.59284,-34.18191],[141.58942,-34.17794],[141.59164,-34.17378],[141.60319,-34.16794],[141.60083,-34.15792],[141.59743,-34.15532],[141.58782,-34.15755],[141.58375,-34.15216],[141.58733,-34.15074],[141.59531,-34.15479],[141.60459,-34.1491],[141.61255,-34.15676],[141.61854,-34.15627],[141.62097,-34.14927],[141.61182,-34.13901],[141.6222,-34.14546],[141.62975,-34.14414],[141.63215,-34.13988],[141.63014,-34.12779],[141.63345,-34.12094],[141.65468,-34.11668],[141.677,-34.10135],[141.68858,-34.1023],[141.70491,-34.09567],[141.71058,-34.09861],[141.71329,-34.11305],[141.72029,-34.11458],[141.72994,-34.10543],[141.72547,-34.09515],[141.73004,-34.09088],[141.74635,-34.10339],[141.76184,-34.09753],[141.75263,-34.10623],[141.75696,-34.11208],[141.7779,-34.10176],[141.77469,-34.11384],[141.7769,-34.11686],[141.78654,-34.11172],[141.84139,-34.13244],[141.85149,-34.12448],[141.85327,-34.13122],[141.86777,-34.12864],[141.87643,-34.13737],[141.8888,-34.1244],[141.88475,-34.11497],[141.9007,-34.11119],[141.91333,-34.11553],[141.9226,-34.11456],[141.92979,-34.12578],[141.92566,-34.13461],[141.933,-34.13824],[141.93831,-34.13614],[141.93922,-34.12344],[141.94501,-34.11946],[141.96239,-34.13599],[141.97044,-34.13609],[141.97234,-34.13311],[141.96975,-34.11989],[141.97824,-34.1126],[141.9849,-34.11293],[141.99301,-34.12129],[141.99848,-34.11854],[142.0129,-34.12534],[142.02226,-34.12522],[142.02483,-34.12184],[142.01663,-34.11698],[142.01314,-34.10568],[142.02667,-34.10673],[142.03748,-34.0995],[142.04252,-34.10512],[142.02871,-34.11875],[142.02959,-34.12613],[142.03702,-34.12978],[142.05009,-34.12543],[142.06261,-34.12585],[142.07564,-34.13141],[142.07718,-34.1387],[142.06661,-34.14468],[142.06536,-34.1506],[142.07754,-34.15734],[142.08278,-34.17353],[142.09307,-34.1719],[142.10542,-34.17751],[142.11963,-34.1749],[142.12012,-34.15688],[142.138,-34.16012],[142.1483,-34.14871],[142.16668,-34.15408],[142.15926,-34.17147],[142.16663,-34.17168],[142.16341,-34.17637],[142.1673,-34.18348],[142.17832,-34.18373],[142.18362,-34.17566],[142.19859,-34.18348],[142.22032,-34.18165],[142.22821,-34.18991],[142.22947,-34.20804],[142.23857,-34.20652],[142.23469,-34.20528],[142.23652,-34.20375],[142.24412,-34.21092],[142.24379,-34.21651],[142.23534,-34.22374],[142.24404,-34.23245],[142.24355,-34.24609],[142.23468,-34.24965],[142.23214,-34.25562],[142.24306,-34.25886],[142.249,-34.26504],[142.24478,-34.27751],[142.24896,-34.28525],[142.24496,-34.29103],[142.23247,-34.29704],[142.23531,-34.30646],[142.25374,-34.30607],[142.26734,-34.29527],[142.27182,-34.30317],[142.27567,-34.30382],[142.28617,-34.29657],[142.29897,-34.30574],[142.28854,-34.30634],[142.28403,-34.31075],[142.28,-34.31937],[142.28415,-34.32676],[142.2944,-34.32344],[142.30134,-34.32909],[142.31627,-34.33011],[142.32197,-34.3371],[142.33093,-34.33937],[142.34716,-34.3372],[142.36844,-34.3269],[142.37324,-34.33151],[142.39116,-34.33433],[142.39747,-34.33928],[142.39711,-34.3441],[142.38876,-34.34295],[142.38471,-34.34616],[142.38633,-34.35524],[142.3915,-34.3601],[142.38976,-34.36279],[142.38384,-34.36344],[142.37179,-34.35786],[142.36396,-34.36127],[142.36608,-34.36503],[142.37274,-34.36246],[142.37833,-34.36439],[142.36824,-34.37059],[142.37367,-34.38857],[142.36448,-34.38526],[142.35085,-34.39636],[142.35647,-34.40025],[142.35227,-34.40749],[142.36064,-34.41162],[142.35169,-34.42187],[142.36467,-34.42266],[142.35995,-34.43153],[142.36787,-34.43559],[142.36085,-34.44003],[142.36452,-34.44887],[142.35334,-34.46957],[142.35634,-34.47228],[142.36441,-34.46931],[142.37234,-34.47168],[142.37883,-34.46657],[142.38409,-34.47797],[142.37469,-34.47679],[142.36434,-34.48454],[142.35977,-34.4907],[142.35967,-34.49859],[142.36956,-34.50383],[142.37239,-34.49569],[142.3775,-34.49147],[142.39463,-34.49339],[142.38739,-34.4984],[142.38471,-34.5056],[142.37509,-34.51527],[142.3807,-34.51944],[142.3937,-34.51615],[142.40051,-34.52317],[142.37238,-34.526],[142.36763,-34.52976],[142.37158,-34.5348],[142.37792,-34.53177],[142.37686,-34.54117],[142.39055,-34.54906],[142.39928,-34.54713],[142.40565,-34.54149],[142.4107,-34.55346],[142.40649,-34.56299],[142.40885,-34.5689],[142.42582,-34.56213],[142.4302,-34.57471],[142.44481,-34.57531],[142.44993,-34.58326],[142.45493,-34.58456],[142.45859,-34.58067],[142.45161,-34.57278],[142.44876,-34.5596],[142.45479,-34.55758],[142.46797,-34.56428],[142.47271,-34.57668],[142.45837,-34.58756],[142.47192,-34.59254],[142.46939,-34.6015],[142.46153,-34.60603],[142.46826,-34.61292],[142.45938,-34.61579],[142.45838,-34.61904],[142.46399,-34.62667],[142.45235,-34.63332],[142.45654,-34.63631],[142.46529,-34.63422],[142.47108,-34.64012],[142.48365,-34.63642],[142.47176,-34.65146],[142.47138,-34.6657],[142.47412,-34.67171],[142.49435,-34.67157],[142.49605,-34.66759],[142.48756,-34.66686],[142.48696,-34.66343],[142.49959,-34.66484],[142.50654,-34.65645],[142.51646,-34.66333],[142.50383,-34.66743],[142.49727,-34.67654],[142.5002,-34.68237],[142.50785,-34.68213],[142.51367,-34.69221],[142.51042,-34.69649],[142.50008,-34.69874],[142.49975,-34.70313],[142.50422,-34.70426],[142.51264,-34.70029],[142.51942,-34.70282],[142.50959,-34.71413],[142.51305,-34.72311],[142.50194,-34.73268],[142.49963,-34.73881],[142.51242,-34.74155],[142.50769,-34.7489],[142.51855,-34.75605],[142.51848,-34.78222],[142.52086,-34.78313],[142.51862,-34.8639],[142.63541,-34.86405],[142.64423,-34.87266],[142.64122,-34.88398],[142.65091,-34.88669],[142.65339,-34.8843],[142.69126,-34.8838],[142.69737,-34.88692],[142.69729,-34.92427],[142.69345,-34.93465],[142.6962,-34.93939],[142.69722,-35.11456],[142.74294,-35.11505],[142.73646,-35.14444],[142.73454,-35.19791],[142.69087,-35.19388],[142.61125,-35.1941],[142.60818,-35.20501],[142.61128,-35.20816],[142.60915,-35.22048],[142.61245,-35.23024],[142.61184,-35.23861],[142.60831,-35.24163],[142.61097,-35.24475],[142.61107,-35.28447],[142.61451,-35.28682],[142.61586,-35.29768],[142.61324,-35.30115],[142.61763,-35.30558],[142.5812,-35.30222],[142.4117,-35.30382],[142.40331,-35.30293],[142.40338,-35.29538],[142.37416,-35.29699],[142.36383,-35.29214],[142.3144,-35.29736],[142.30124,-35.29357],[142.29132,-35.29549],[142.28942,-35.29085],[142.25721,-35.2998],[142.24491,-35.30745],[142.24394,-35.31094],[142.22242,-35.31093],[142.20074,-35.31505],[142.19511,-35.31314],[142.18895,-35.32257],[142.18126,-35.32224],[142.18374,-35.32948],[142.18129,-35.33184],[142.19907,-35.35373],[142.17903,-35.35399],[142.17418,-35.36239],[142.18215,-35.36694],[142.17365,-35.37586],[142.20684,-35.45008],[142.16852,-35.44984],[142.16686,-35.47843],[142.15154,-35.47649],[142.14225,-35.48006],[142.13141,-35.47821],[142.12683,-35.47284],[142.11553,-35.46975],[142.10062,-35.46632],[142.09138,-35.46933],[142.08146,-35.46461],[141.99749,-35.46344],[141.99749,-35.49842],[141.49947,-35.4985],[141.49971,-35.74853],[140.96311,-35.74852],[140.96615,-35.37588],[140.96332,-33.98141],[140.96875,-33.98425],[140.9675,-33.99634],[140.97999,-34.00019],[140.98009,-34.00473],[140.97459,-34.00927],[140.98639,-34.01045],[140.97973,-34.016],[140.98491,-34.02091],[140.98463,-34.02669],[140.98847,-34.03156],[140.99418,-34.03134],[140.99837,-34.0202],[141.01231,-34.02464],[141.00433,-34.02687],[141.00178,-34.03934],[141.01702,-34.04725],[141.01843,-34.05601],[141.02326,-34.05969],[141.02715,-34.05907],[141.02342,-34.05165],[141.03234,-34.04708],[141.03108,-34.04129],[141.03434,-34.03572],[141.04344,-34.04269],[141.03945,-34.0514],[141.04247,-34.06109],[141.04916,-34.06112],[141.06566,-34.04993],[141.07195,-34.0629],[141.08508,-34.06244],[141.08338,-34.0717],[141.08837,-34.07628],[141.09728,-34.07129],[141.09593,-34.06111],[141.08719,-34.05661],[141.09477,-34.05046],[141.10106,-34.05119],[141.10692,-34.06104],[141.12034,-34.06485],[141.13734,-34.05754],[141.13764,-34.06161],[141.14298,-34.06352],[141.14469,-34.05651],[141.15307,-34.05452],[141.15119,-34.0601],[141.1537,-34.06398],[141.14391,-34.06773],[141.15319,-34.0689],[141.15368,-34.08211],[141.16586,-34.0832],[141.17461,-34.07331],[141.17862,-34.08855],[141.18623,-34.09196],[141.19444,-34.08759],[141.18746,-34.0794],[141.19984,-34.07212],[141.20591,-34.06171],[141.21092,-34.0612],[141.21548,-34.06538],[141.22203,-34.06228],[141.22232,-34.06891],[141.22838,-34.07368],[141.23647,-34.07051],[141.23726,-34.06408],[141.24211,-34.06173],[141.24734,-34.07314],[141.2417,-34.08196],[141.24255,-34.08733],[141.24745,-34.08807],[141.25209,-34.07888],[141.25957,-34.07812],[141.2687,-34.09212],[141.28371,-34.10386],[141.29855,-34.10695],[141.29797,-34.1116],[141.3008,-34.1137],[141.31746,-34.1124],[141.31843,-34.11629],[141.31353,-34.12486],[141.3257,-34.12647],[141.32313,-34.13314],[141.32494,-34.13877],[141.33143,-34.13597],[141.33295,-34.13064],[141.34641,-34.12434],[141.34851,-34.1123],[141.35966,-34.11081],[141.36876,-34.1271],[141.37178,-34.1264],[141.3709,-34.1197],[141.38159,-34.12213],[141.38812,-34.13472],[141.40337,-34.12719],[141.40825,-34.12784],[141.41032,-34.13217],[141.40608,-34.14195],[141.40741,-34.14639],[141.41716,-34.15077],[141.43391,-34.14589],[141.43281,-34.15993],[141.44455,-34.168],[141.44883,-34.16745],[141.45025,-34.16106],[141.46594,-34.16574],[141.4712,-34.15919],[141.48281,-34.16341],[141.48834,-34.15437],[141.49804,-34.15637],[141.51085,-34.17769],[141.51875,-34.1809],[141.50678,-34.19012],[141.50766,-34.19416],[141.51858,-34.20315],[141.5172,-34.20679],[141.50652,-34.20994],[141.50861,-34.21596],[141.53387,-34.21068],[141.53655,-34.20583],[141.53082,-34.196],[141.53315,-34.19158],[141.53805,-34.19269],[141.54505,-34.20057],[141.55706,-34.19661]]]},"properties":{"lga_name":"MILDURA","lga_official_name":"MILDURA RURAL CITY"}},{"type":"Feature","geometry":{"type":"Polygon","coordinates":[[[145.10757,-38.04102],[145.09335,-38.01781],[145.08911,-38.01338],[145.08297,-38.013],[145.08267,-38.00926],[145.08445,-38.01057],[145.08026,-38.00441],[145.06573,-37.99288],[145.0517,-37.98681],[145.0552,-37.96803],[145.03441,-37.93301],[145.07954,-37.93874],[145.08244,-37.92398],[145.1419,-37.9314],[145.13659,-37.96048],[145.12966,-37.96146],[145.14601,-37.98314],[145.13931,-38.01877],[145.13352,-38.02537],[145.14998,-38.06709],[145.15624,-38.06744],[145.15464,-38.07565],[145.15009,-38.07507],[145.14888,-38.08344],[145.12689,-38.08171],[145.12279,-38.08508],[145.10757,-38.04102]]]},"properties":{"lga_name":"KINGSTON","lga_official_name":"KINGSTON CITY"}},{"type":"Feature","geometry":{"type":"Polygon","coordinates":[[[145.88229,-37.52431],[145.88364,-37.52685],[145.87967,-37.52519],[145.86928,-37.53033],[145.86088,-37.51951],[145.85197,-37.52361],[145.84842,-37.51897],[145.85228,-37.52586],[145.83687,-37.53189],[145.8473,-37.5238],[145.84794,-37.51642],[145.8531,-37.52119],[145.85819,-37.51711],[145.86249,-37.51813],[145.86925,-37.52757],[145.87345,-37.52502],[145.87114,-37.51231],[145.8762,-37.50782],[145.87183,-37.49852],[145.87289,-37.49368],[145.88219,-37.49195],[145.88247,-37.49715],[145.87721,-37.4993],[145.88363,-37.50648],[145.88488,-37.51352],[145.88089,-37.51164],[145.87714,-37.51477],[145.88229,-37.52431]]]},"properties":{"lga_name":"LAKE MOUNTAIN ALPINE RESORT (UNINC)","lga_official_name":"LAKE MOUNTAIN ALPINE RESORT (UNINCORPORATED)"}},{"type":"Feature","geometry":{"type":"Polygon","coordinates":[[[145.79946,-37.82602],[145.80817,-37.82939],[145.81122,-37.83615],[145.80455,-37.85159],[145.81141,-37.8556],[145.81571,-37.8542],[145.81762,-37.85774],[145.81071,-37.86445],[145.80326,-37.86067],[145.80422,-37.87352],[145.7982,-37.87328],[145.79288,-37.87769],[145.77837,-37.87689],[145.76951,-37.88089],[145.76288,-37.89497],[145.76503,-37.89856],[145.75437,-37.90407],[145.73241,-37.90136],[145.72264,-37.89146],[145.72199,-37.88543],[145.69389,-37.88599],[145.68697,-37.88091],[145.68632,-37.88882],[145.67965,-37.89354],[145.67054,-37.8943],[145.669,-37.90954],[145.65654,-37.9091],[145.65055,-37.91268],[145.65269,-37.9165],[145.62491,-37.91814],[145.62673,-37.90959],[145.61471,-37.90809],[145.61672,-37.90356],[145.60348,-37.90126],[145.6042,-37.89794],[145.56843,-37.89768],[145.56226,-37.88189],[145.55539,-37.87884],[145.55332,-37.87358],[145.54109,-37.8716],[145.51917,-37.85772],[145.52704,-37.86292],[145.52903,-37.87633],[145.52686,-37.88531],[145.50749,-37.89975],[145.47383,-37.89997],[145.47052,-37.90112],[145.46668,-37.91201],[145.45945,-37.90534],[145.44461,-37.90625],[145.43872,-37.91456],[145.42847,-37.91348],[145.41599,-37.92827],[145.40076,-37.92644],[145.39848,-37.92128],[145.38554,-37.9277],[145.38567,-37.93604],[145.38217,-37.94116],[145.38513,-37.95284],[145.38179,-37.95663],[145.38802,-37.95831],[145.38804,-37.97097],[145.38417,-37.97069],[145.38344,-37.97472],[145.30103,-37.96584],[145.29337,-37.96396],[145.29988,-37.93145],[145.30386,-37.93341],[145.29869,-37.91168],[145.29273,-37.90721],[145.2955,-37.90509],[145.29466,-37.90061],[145.30501,-37.9057],[145.30926,-37.90396],[145.30947,-37.89947],[145.31388,-37.90162],[145.32425,-37.89945],[145.30449,-37.88765],[145.30851,-37.87097],[145.30224,-37.86423],[145.31645,-37.86277],[145.32421,-37.86706],[145.33059,-37.86178],[145.33599,-37.86312],[145.33415,-37.85795],[145.33663,-37.85617],[145.34347,-37.86231],[145.34758,-37.85854],[145.33214,-37.85102],[145.33284,-37.84742],[145.31776,-37.84494],[145.31681,-37.81815],[145.30429,-37.82152],[145.30915,-37.79541],[145.30527,-37.78434],[145.30788,-37.77754],[145.29735,-37.77037],[145.30035,-37.76738],[145.29592,-37.7664],[145.29645,-37.76344],[145.28958,-37.76281],[145.29077,-37.7555],[145.28377,-37.74719],[145.28203,-37.73949],[145.28352,-37.73252],[145.29255,-37.72726],[145.29341,-37.71217],[145.29948,-37.71281],[145.30256,-37.71665],[145.31124,-37.71611],[145.3138,-37.70676],[145.32187,-37.70753],[145.31479,-37.69956],[145.31891,-37.69668],[145.31701,-37.69196],[145.32672,-37.68889],[145.33104,-37.69212],[145.33562,-37.68209],[145.33043,-37.6719],[145.33557,-37.66238],[145.34579,-37.65574],[145.3478,-37.64866],[145.35388,-37.6439],[145.35839,-37.62748],[145.35513,-37.60031],[145.36642,-37.54511],[145.37585,-37.54053],[145.3866,-37.54339],[145.38953,-37.53973],[145.40117,-37.53747],[145.40503,-37.52653],[145.41782,-37.5262],[145.41852,-37.53148],[145.426,-37.53499],[145.43265,-37.53085],[145.44057,-37.53347],[145.43833,-37.54322],[145.45936,-37.54375],[145.46459,-37.54037],[145.46296,-37.54915],[145.46781,-37.54985],[145.46992,-37.55766],[145.48038,-37.55467],[145.4778,-37.55603],[145.48049,-37.56127],[145.49674,-37.56018],[145.49673,-37.5636],[145.50876,-37.56363],[145.50251,-37.55586],[145.50794,-37.55568],[145.52549,-37.56711],[145.52888,-37.55792],[145.53353,-37.55825],[145.5402,-37.57165],[145.54765,-37.57458],[145.5626,-37.59323],[145.57322,-37.5863],[145.57803,-37.57204],[145.58615,-37.56731],[145.60093,-37.56652],[145.60248,-37.57604],[145.61493,-37.57103],[145.63263,-37.58755],[145.6469,-37.59399],[145.65412,-37.60219],[145.6593,-37.61778],[145.67586,-37.62418],[145.73735,-37.59398],[145.73058,-37.58209],[145.73869,-37.56638],[145.7451,-37.5719],[145.75536,-37.57475],[145.76609,-37.57361],[145.79085,-37.56201],[145.80919,-37.56438],[145.80904,-37.56004],[145.81626,-37.55631],[145.82207,-37.53982],[145.8199,-37.53461],[145.82423,-37.53319],[145.82672,-37.52747],[145.84065,-37.53205],[145.8495,-37.52822],[145.85733,-37.53244],[145.86625,-37.53188],[145.88062,-37.52508],[145.8897,-37.53224],[146.18601,-37.53481],[146.18721,-37.54296],[146.18292,-37.5492],[146.1864,-37.55489],[146.18476,-37.56173],[146.19073,-37.57164],[146.18973,-37.57752],[146.19253,-37.58137],[146.18955,-37.58519],[146.19193,-37.58752],[146.18641,-37.58005],[146.17325,-37.58869],[146.16984,-37.59406],[146.17199,-37.59947],[146.16131,-37.59625],[146.15884,-37.60088],[146.16555,-37.6172],[146.16482,-37.62298],[146.15929,-37.62239],[146.15854,-37.63027],[146.15099,-37.62531],[146.14415,-37.62741],[146.13933,-37.63253],[146.1413,-37.637],[146.13095,-37.6439],[146.12975,-37.64806],[146.13396,-37.66441],[146.13233,-37.67689],[146.14037,-37.68204],[146.14267,-37.69142],[146.13555,-37.70206],[146.1395,-37.70618],[146.13831,-37.70989],[146.14375,-37.70973],[146.15309,-37.71807],[146.16323,-37.74734],[146.15688,-37.76505],[146.14228,-37.77187],[146.13377,-37.78801],[146.12133,-37.78818],[146.11666,-37.78221],[146.11711,-37.7777],[146.10861,-37.77423],[146.10328,-37.76822],[146.10304,-37.76308],[146.0891,-37.75378],[146.08435,-37.76108],[146.07469,-37.76308],[146.06777,-37.76897],[146.03864,-37.77444],[146.02146,-37.77483],[146.01255,-37.76876],[146.00348,-37.76851],[145.99952,-37.76543],[145.99028,-37.76877],[145.96358,-37.76594],[145.94362,-37.75821],[145.93641,-37.76518],[145.93678,-37.77157],[145.92371,-37.7716],[145.91748,-37.77751],[145.91806,-37.78599],[145.92901,-37.79836],[145.92263,-37.80842],[145.93163,-37.81996],[145.92676,-37.82263],[145.92638,-37.82963],[145.91471,-37.82606],[145.90547,-37.81637],[145.89275,-37.82544],[145.87847,-37.81837],[145.85709,-37.80082],[145.84471,-37.79761],[145.83916,-37.79861],[145.83843,-37.80432],[145.82925,-37.8121],[145.80962,-37.80754],[145.80416,-37.814],[145.79544,-37.81478],[145.79374,-37.82624],[145.79946,-37.82602]]]},"properties":{"lga_name":"YARRA RANGES","lga_official_name":"YARRA RANGES SHIRE"}},{"type":"Feature","geometry":{"type":"Polygon","coordinates":[[[144.88686,-37.82257],[144.88119,-37.82539],[144.85776,-37.82454],[144.85984,-37.81383],[144.85586,-37.81488],[144.83916,-37.79691],[144.84255,-37.7973],[144.84481,-37.79354],[144.84822,-37.7731],[144.85127,-37.76975],[144.85852,-37.776],[144.87283,-37.77223],[144.87238,-37.76239],[144.88227,-37.75583],[144.88568,-37.75648],[144.88486,-37.76155],[144.89376,-37.76574],[144.9017,-37.76549],[144.90205,-37.76956],[144.89591,-37.773],[144.89726,-37.77949],[144.904,-37.78457],[144.90352,-37.79145],[144.91651,-37.79806],[144.9087,-37.80353],[144.90542,-37.82286],[144.89586,-37.82178],[144.89494,-37.82694],[144.88686,-37.82257]]]},"properties":{"lga_name":"MARIBYRNONG","lga_official_name":"MARIBYRNONG CITY"}},{"type":"Feature","geometry":{"type":"Polygon","coordinates":[[[142.41912,-37.47344],[142.41888,-37.47052],[142.42697,-37.46769],[142.42681,-37.45834],[142.4359,-37.44925],[142.4347,-37.44368],[142.44662,-37.43383],[142.45231,-37.43339],[142.4593,-37.42086],[142.47801,-37.40092],[142.48341,-37.38217],[142.48715,-37.38116],[142.49377,-37.36985],[142.50049,-37.31999],[142.50506,-37.31843],[142.51421,-37.30572],[142.51635,-37.29321],[142.60117,-37.29288],[142.58776,-37.28202],[142.58144,-37.27064],[142.59704,-37.26219],[142.59299,-37.2577],[142.59692,-37.2554],[142.59309,-37.24012],[142.59545,-37.23589],[142.60125,-37.2341],[142.59588,-37.21876],[142.5869,-37.21385],[142.57748,-37.19738],[142.54275,-37.15737],[142.71709,-37.15739],[142.71705,-37.14279],[142.73485,-37.14268],[142.74032,-37.14821],[142.75051,-37.14733],[142.7565,-37.15099],[142.75865,-37.14494],[142.76485,-37.14188],[142.769,-37.1429],[142.76855,-37.15436],[142.78191,-37.1575],[142.78388,-37.16883],[142.82399,-37.17189],[142.82355,-37.17444],[142.83166,-37.17546],[142.8397,-37.19185],[142.95398,-37.20777],[142.9577,-37.17109],[142.96048,-37.17138],[142.96129,-37.16702],[142.97043,-37.16731],[142.9734,-37.17018],[142.97261,-37.17478],[142.99454,-37.17734],[142.99355,-37.18306],[143.04892,-37.18974],[143.04936,-37.18602],[143.0591,-37.18719],[143.06694,-37.14736],[143.07965,-37.15056],[143.08372,-37.14865],[143.09044,-37.15522],[143.11356,-37.1576],[143.1271,-37.17319],[143.13699,-37.17439],[143.13837,-37.17119],[143.15077,-37.17077],[143.15687,-37.17692],[143.16536,-37.1758],[143.16887,-37.18403],[143.18157,-37.18864],[143.19124,-37.18163],[143.19108,-37.17839],[143.19591,-37.17774],[143.19178,-37.17243],[143.19776,-37.17112],[143.19856,-37.16668],[143.20316,-37.16488],[143.20249,-37.16111],[143.22159,-37.15267],[143.23355,-37.16088],[143.23426,-37.16871],[143.24262,-37.17387],[143.24908,-37.17209],[143.25291,-37.17716],[143.26377,-37.18171],[143.26463,-37.18833],[143.27062,-37.1959],[143.2672,-37.20241],[143.27178,-37.2169],[143.28234,-37.22652],[143.28616,-37.2368],[143.28372,-37.25979],[143.2911,-37.28394],[143.27985,-37.28649],[143.25826,-37.27979],[143.23481,-37.28562],[143.22663,-37.29105],[143.23193,-37.3039],[143.22562,-37.31537],[143.22168,-37.31542],[143.22158,-37.31012],[143.21388,-37.31018],[143.21389,-37.31287],[143.204,-37.31472],[143.19375,-37.32122],[143.2013,-37.32432],[143.20179,-37.35662],[143.23118,-37.3566],[143.24862,-37.36209],[143.23655,-37.38431],[143.25131,-37.38853],[143.25155,-37.39168],[143.24394,-37.40241],[143.22283,-37.41316],[143.2189,-37.4203],[143.21327,-37.42116],[143.20688,-37.42861],[143.19727,-37.4263],[143.17937,-37.52463],[143.19278,-37.52643],[143.17901,-37.54023],[143.16952,-37.56112],[143.15599,-37.56903],[143.13821,-37.58741],[143.1359,-37.59775],[143.11657,-37.62028],[143.10848,-37.63802],[143.09045,-37.65049],[143.07894,-37.67124],[143.07438,-37.70272],[143.06058,-37.71821],[143.18023,-37.73146],[143.17404,-37.74338],[143.16772,-37.74416],[143.17047,-37.75059],[143.16698,-37.74951],[143.16845,-37.75398],[143.16476,-37.75504],[143.16559,-37.7652],[143.16034,-37.76171],[143.14902,-37.7618],[143.14565,-37.76851],[143.13705,-37.77077],[143.13428,-37.77364],[143.13633,-37.77612],[143.13163,-37.77908],[143.12357,-37.77893],[143.11667,-37.77399],[143.10816,-37.77876],[143.10599,-37.79128],[143.11021,-37.79301],[143.10848,-37.8007],[143.1018,-37.80533],[143.09906,-37.80931],[143.10073,-37.81498],[143.09521,-37.81854],[143.10583,-37.83349],[143.09342,-37.82893],[143.07623,-37.81565],[143.06399,-37.81423],[143.06208,-37.8249],[143.04706,-37.8232],[143.04486,-37.816],[143.03146,-37.81451],[143.03527,-37.79276],[143.01307,-37.7869],[143.01667,-37.76668],[143.00725,-37.76554],[142.98483,-37.77283],[142.9624,-37.78717],[142.95131,-37.78952],[142.93844,-37.80161],[142.92685,-37.80128],[142.92338,-37.80716],[142.90213,-37.8167],[142.87923,-37.83645],[142.8753,-37.83193],[142.87947,-37.80843],[142.86141,-37.80644],[142.8608,-37.80993],[142.84223,-37.80785],[142.83969,-37.82213],[142.75763,-37.81275],[142.75027,-37.81925],[142.70123,-37.83491],[142.66485,-37.83008],[142.67325,-37.81655],[142.66107,-37.81729],[142.65223,-37.8133],[142.61472,-37.8103],[142.61262,-37.79163],[142.6083,-37.7853],[142.5933,-37.77587],[142.59017,-37.7651],[142.59616,-37.74076],[142.59478,-37.71878],[142.60176,-37.69956],[142.61566,-37.68936],[142.61907,-37.67403],[142.61878,-37.64683],[142.58726,-37.63596],[142.58712,-37.62696],[142.35349,-37.59797],[142.35516,-37.58711],[142.3691,-37.56379],[142.36419,-37.54493],[142.37911,-37.51059],[142.39293,-37.4933],[142.4072,-37.48896],[142.41912,-37.47344]]]},"properties":{"lga_name":"ARARAT","lga_official_name":"ARARAT RURAL CITY"}},{"type":"Feature","geometry":{"type":"Polygon","coordinates":[[[144.87957,-37.86811],[144.86817,-37.85893],[144.85119,-37.86376],[144.84025,-37.87145],[144.82154,-37.87174],[144.80913,-37.87998],[144.80701,-37.89135],[144.79734,-37.8996],[144.78114,-37.89928],[144.7803,-37.8936],[144.77053,-37.88404],[144.76333,-37.88357],[144.76239,-37.88864],[144.75172,-37.88665],[144.75482,-37.86944],[144.7662,-37.86474],[144.76704,-37.85777],[144.77004,-37.85826],[144.77064,-37.85538],[144.76895,-37.85118],[144.82516,-37.82348],[144.85984,-37.81383],[144.85776,-37.82454],[144.88119,-37.82539],[144.88686,-37.82257],[144.89494,-37.82694],[144.89586,-37.82178],[144.90542,-37.82286],[144.89699,-37.83462],[144.90233,-37.84662],[144.89942,-37.84549],[144.90014,-37.84761],[144.90386,-37.84997],[144.89748,-37.84413],[144.89913,-37.8482],[144.90555,-37.85173],[144.89528,-37.84871],[144.90337,-37.85593],[144.9039,-37.86174],[144.9102,-37.85954],[144.91172,-37.86219],[144.91436,-37.86043],[144.91331,-37.86489],[144.91616,-37.86153],[144.91435,-37.8642],[144.91887,-37.8643],[144.90282,-37.87295],[144.89229,-37.86726],[144.87957,-37.86811]]]},"properties":{"lga_name":"HOBSONS BAY","lga_official_name":"HOBSONS BAY CITY"}},{"type":"Feature","geometry":{"type":"Polygon","coordinates":[[[145.02692,-37.83674],[145.02462,-37.83449],[145.02832,-37.83099],[145.01616,-37.82453],[145.01581,-37.81068],[144.99927,-37.80545],[145.00764,-37.80408],[144.99925,-37.79747],[145.00298,-37.79574],[145.00469,-37.79809],[145.00961,-37.7965],[145.00711,-37.80093],[145.01232,-37.79909],[145.02107,-37.80288],[145.0185,-37.80023],[145.0209,-37.79832],[145.01388,-37.79368],[145.01957,-37.79216],[145.01326,-37.78561],[145.0408,-37.79062],[145.04123,-37.78617],[145.04528,-37.78437],[145.04011,-37.78502],[145.04382,-37.7802],[145.05499,-37.78507],[145.05469,-37.78108],[145.06096,-37.77995],[145.06678,-37.78369],[145.06772,-37.77955],[145.06957,-37.78121],[145.07881,-37.77682],[145.09748,-37.78017],[145.10676,-37.79212],[145.10347,-37.79752],[145.10489,-37.80316],[145.0988,-37.82443],[145.09215,-37.8718],[145.07491,-37.87599],[145.06855,-37.87472],[145.06651,-37.86814],[145.0618,-37.86555],[145.06289,-37.85999],[145.05973,-37.8547],[145.04267,-37.84754],[145.03685,-37.83712],[145.02692,-37.83674]]]},"properties":{"lga_name":"BOROONDARA","lga_official_name":"BOROONDARA CITY"}},{"type":"Feature","geometry":{"type":"Polygon","coordinates":[[[143.46109,-36.61803],[143.45095,-36.6247],[143.44795,-36.61846],[143.44301,-36.61799],[143.44236,-36.61366],[143.43839,-36.61446],[143.44111,-36.6105],[143.4366,-36.60822],[143.43995,-36.60617],[143.43512,-36.60379],[143.44045,-36.59863],[143.43666,-36.59555],[143.43984,-36.59188],[143.42864,-36.57768],[143.42987,-36.56861],[143.42635,-36.56765],[143.42563,-36.56261],[143.41927,-36.56098],[143.42149,-36.55741],[143.40025,-36.55146],[143.39083,-36.54213],[143.38611,-36.54172],[143.38632,-36.53701],[143.37902,-36.5384],[143.37712,-36.53399],[143.34889,-36.51756],[143.35264,-36.51427],[143.33433,-36.51272],[143.328,-36.50381],[143.32851,-36.49966],[143.3245,-36.49895],[143.32742,-36.494],[143.31625,-36.48318],[143.31813,-36.47909],[143.31518,-36.47691],[143.33292,-36.48904],[143.38824,-36.49357],[143.38671,-36.49817],[143.40663,-36.50016],[143.4121,-36.46775],[143.4306,-36.46954],[143.43171,-36.46234],[143.44105,-36.4603],[143.44304,-36.45024],[143.44046,-36.44564],[143.44506,-36.44615],[143.44658,-36.43716],[143.44174,-36.43662],[143.44407,-36.42214],[143.44133,-36.42223],[143.44653,-36.3918],[143.4389,-36.39096],[143.43886,-36.36842],[143.46807,-36.37182],[143.46754,-36.3749],[143.47863,-36.37615],[143.48617,-36.33943],[143.47603,-36.33475],[143.48209,-36.29506],[143.5141,-36.29496],[143.50815,-36.26492],[143.52367,-36.2646],[143.52356,-36.24979],[143.53899,-36.24533],[143.56078,-36.22505],[143.56827,-36.22238],[143.54699,-36.21977],[143.5494,-36.20514],[143.5317,-36.20328],[143.53663,-36.1741],[143.51354,-36.17331],[143.51344,-36.15208],[143.51089,-36.15213],[143.50372,-36.13697],[143.51154,-36.13346],[143.51157,-36.10135],[143.48172,-36.10134],[143.48176,-35.98307],[143.47585,-35.98307],[143.47583,-35.97527],[143.5129,-35.97524],[143.52743,-35.96963],[143.6179,-35.96928],[143.61772,-35.9348],[143.72816,-35.9325],[143.7284,-35.90585],[143.80033,-35.90597],[143.82373,-35.91208],[143.874,-35.91606],[143.87056,-35.9228],[143.87503,-35.92601],[143.86922,-35.92733],[143.86172,-35.93487],[143.91847,-35.9374],[143.91847,-35.94024],[143.92261,-35.94026],[143.92257,-35.9528],[143.94153,-35.95283],[143.94108,-35.94941],[144.15874,-35.94918],[144.16056,-35.9466],[144.185,-35.94668],[144.18728,-35.93703],[144.185,-35.93528],[144.18833,-35.92868],[144.18314,-35.92424],[144.18341,-35.91721],[144.18728,-35.91282],[144.18723,-35.90695],[144.19247,-35.91238],[144.20545,-35.91627],[144.21686,-35.9186],[144.22429,-35.91659],[144.23033,-35.92229],[144.23725,-35.91989],[144.24947,-35.92985],[144.25969,-35.92712],[144.26331,-35.93312],[144.26006,-35.94899],[144.29141,-35.98441],[144.27695,-35.99398],[144.27987,-35.99855],[144.27628,-36.00355],[144.27995,-36.01327],[144.29101,-36.01892],[144.30023,-36.02994],[144.30669,-36.03188],[144.30885,-36.04272],[144.31506,-36.04314],[144.31772,-36.04864],[144.31014,-36.05253],[144.30412,-36.06126],[144.30802,-36.06505],[144.30651,-36.07182],[144.31326,-36.07539],[144.31885,-36.10124],[144.3149,-36.1004],[144.30923,-36.1054],[144.30869,-36.11399],[144.30529,-36.11558],[144.30241,-36.12551],[144.29556,-36.12294],[144.28942,-36.12918],[144.28689,-36.14883],[144.28265,-36.15231],[144.28605,-36.15343],[144.28497,-36.15885],[144.2891,-36.16669],[144.28108,-36.17393],[144.28237,-36.18161],[144.27675,-36.18815],[144.27882,-36.19453],[144.27224,-36.20207],[144.27067,-36.21983],[144.26679,-36.22478],[144.27299,-36.22939],[144.27086,-36.23183],[144.27352,-36.23543],[144.26979,-36.23765],[144.27508,-36.24735],[144.27377,-36.25501],[144.28164,-36.26261],[144.28173,-36.32771],[144.33184,-36.3277],[144.33004,-36.38506],[144.3441,-36.38521],[144.3438,-36.4871],[144.20969,-36.48751],[144.20442,-36.51645],[144.19934,-36.51637],[144.19933,-36.52446],[144.17046,-36.52441],[144.16266,-36.56556],[144.17436,-36.58228],[144.18477,-36.61835],[144.14042,-36.61835],[144.1405,-36.64732],[144.12589,-36.6473],[144.12582,-36.66202],[144.0687,-36.662],[144.06873,-36.72021],[144.06207,-36.7194],[144.05985,-36.73073],[144.0684,-36.73176],[144.07572,-36.74306],[144.07124,-36.76646],[144.06241,-36.76669],[144.05933,-36.78154],[144.04789,-36.79222],[144.04661,-36.79868],[144.04952,-36.79905],[144.03309,-36.88561],[144.03031,-36.89122],[144.02729,-36.89086],[144.02591,-36.89788],[143.89181,-36.8816],[143.89214,-36.89383],[143.87777,-36.89442],[143.87653,-36.90233],[143.86648,-36.90125],[143.85589,-36.89997],[143.85855,-36.88577],[143.849,-36.88434],[143.84594,-36.88041],[143.80187,-36.87398],[143.79125,-36.875],[143.75686,-36.86774],[143.75425,-36.86087],[143.75886,-36.84293],[143.71797,-36.83765],[143.70152,-36.8232],[143.68521,-36.81914],[143.67759,-36.81394],[143.68027,-36.79926],[143.67823,-36.78703],[143.67492,-36.76892],[143.66731,-36.75636],[143.67178,-36.75694],[143.67441,-36.74227],[143.66516,-36.74112],[143.66963,-36.72368],[143.63209,-36.72106],[143.63303,-36.7278],[143.62843,-36.7358],[143.57379,-36.72901],[143.56853,-36.74179],[143.49559,-36.74085],[143.49566,-36.75551],[143.46347,-36.75548],[143.4597,-36.7451],[143.46647,-36.73835],[143.46066,-36.73255],[143.47062,-36.72325],[143.46833,-36.72152],[143.47378,-36.71788],[143.47474,-36.71134],[143.48778,-36.70394],[143.48864,-36.6918],[143.49672,-36.68738],[143.49478,-36.68156],[143.50125,-36.67536],[143.49901,-36.67247],[143.50294,-36.66371],[143.50063,-36.66225],[143.50185,-36.65758],[143.49789,-36.65766],[143.49886,-36.65207],[143.49208,-36.64619],[143.4918,-36.64089],[143.48698,-36.63855],[143.4895,-36.63457],[143.48482,-36.62848],[143.48627,-36.62566],[143.47736,-36.62622],[143.46109,-36.61803]]]},"properties":{"lga_name":"LODDON","lga_official_name":"LODDON SHIRE"}},{"type":"Feature","geometry":{"type":"Polygon","coordinates":[[[143.56703,-36.22192],[143.53899,-36.24533],[143.52356,-36.24979],[143.52367,-36.2646],[143.50815,-36.26492],[143.5141,-36.29496],[143.48209,-36.29506],[143.47603,-36.33475],[143.48617,-36.33943],[143.47863,-36.37615],[143.46754,-36.3749],[143.46807,-36.37182],[143.43886,-36.36842],[143.4389,-36.39096],[143.44653,-36.3918],[143.44133,-36.42223],[143.44407,-36.42214],[143.44174,-36.43662],[143.44658,-36.43716],[143.44506,-36.44615],[143.44046,-36.44564],[143.44304,-36.45024],[143.44105,-36.4603],[143.43171,-36.46234],[143.4306,-36.46954],[143.4121,-36.46775],[143.40663,-36.50016],[143.38671,-36.49817],[143.38824,-36.49357],[143.33292,-36.48904],[143.31518,-36.47691],[143.31042,-36.47051],[143.30905,-36.4553],[143.3047,-36.45423],[143.30661,-36.45275],[143.30383,-36.45118],[143.30249,-36.44071],[143.29833,-36.43988],[143.30035,-36.43614],[143.29177,-36.43515],[143.2942,-36.43206],[143.29104,-36.43008],[143.29278,-36.42204],[143.28833,-36.4196],[143.29191,-36.41785],[143.29021,-36.41233],[143.29313,-36.41098],[143.28562,-36.40667],[143.23837,-36.40538],[143.23838,-36.40946],[143.14739,-36.40974],[143.13909,-36.41301],[143.13313,-36.4494],[143.07262,-36.44292],[143.06366,-36.44523],[143.0449,-36.44316],[143.05965,-36.4616],[143.05575,-36.464],[143.05738,-36.46816],[143.053,-36.46812],[143.05145,-36.47732],[143.02122,-36.47399],[143.01984,-36.48272],[142.82298,-36.46249],[142.81676,-36.45965],[142.81678,-36.4375],[142.79862,-36.43754],[142.79855,-36.40804],[142.73182,-36.40522],[142.73181,-36.39745],[142.74296,-36.39305],[142.73496,-36.37602],[142.73156,-36.37572],[142.73156,-36.2985],[142.71924,-36.3072],[142.72186,-36.29112],[142.7256,-36.29152],[142.72725,-36.28138],[142.74013,-36.28275],[142.74308,-36.26476],[142.7221,-36.26247],[142.72211,-36.23943],[142.72805,-36.23943],[142.72516,-36.20968],[142.73214,-36.20968],[142.7321,-36.18312],[142.73567,-36.18299],[142.7366,-36.16558],[142.74602,-36.16375],[142.74784,-36.15334],[142.74253,-36.15272],[142.7434,-36.14778],[142.72785,-36.14778],[142.73202,-36.10334],[142.6809,-36.10002],[142.6809,-36.09624],[142.6316,-36.12544],[142.63161,-36.12045],[142.60425,-36.12043],[142.60442,-35.99782],[142.60078,-35.99782],[142.60101,-35.73642],[142.72154,-35.73602],[142.72247,-35.47527],[142.54349,-35.47586],[142.54386,-35.38682],[142.53533,-35.38671],[142.53578,-35.30267],[142.5812,-35.30222],[142.61763,-35.30558],[142.61324,-35.30115],[142.61586,-35.29768],[142.61451,-35.28682],[142.61107,-35.28447],[142.61097,-35.24475],[142.60831,-35.24163],[142.61184,-35.23861],[142.61245,-35.23024],[142.60915,-35.22048],[142.61128,-35.20816],[142.60818,-35.20501],[142.61125,-35.1941],[142.69087,-35.19388],[142.74826,-35.19914],[142.79378,-35.24753],[142.8147,-35.23663],[142.81476,-35.2324],[142.81799,-35.23083],[142.8212,-35.23464],[142.83003,-35.23494],[142.85638,-35.23113],[142.85639,-35.23923],[143.0033,-35.24936],[143.0058,-35.30049],[143.0098,-35.30269],[143.01012,-35.30766],[143.00649,-35.3121],[143.0104,-35.37379],[142.99719,-35.37379],[142.99718,-35.49094],[143.13131,-35.49081],[143.13052,-35.50175],[143.12353,-35.51457],[143.12474,-35.52414],[143.13562,-35.53181],[143.1338,-35.53945],[143.13677,-35.54508],[143.17448,-35.54289],[143.19794,-35.55125],[143.20153,-35.56408],[143.19877,-35.57984],[143.19187,-35.58692],[143.19097,-35.60239],[143.18731,-35.60756],[143.19204,-35.62364],[143.19903,-35.63425],[143.19708,-35.64106],[143.20027,-35.65456],[143.28826,-35.65471],[143.28827,-35.6472],[143.32371,-35.65673],[143.31797,-35.6696],[143.32964,-35.67808],[143.34146,-35.68124],[143.34374,-35.68515],[143.33675,-35.69162],[143.33643,-35.70924],[143.34869,-35.71906],[143.34923,-35.72695],[143.3549,-35.73689],[143.36851,-35.74616],[143.3723,-35.75388],[143.36715,-35.76407],[143.36881,-35.7664],[143.3652,-35.7693],[143.3661,-35.77386],[143.36062,-35.78125],[143.35703,-35.78103],[143.35041,-35.79274],[143.35319,-35.80639],[143.35742,-35.81167],[143.35349,-35.8147],[143.35981,-35.8296],[143.3573,-35.83216],[143.35968,-35.83248],[143.35839,-35.83992],[143.38477,-35.84313],[143.37867,-35.88005],[143.3818,-35.88041],[143.37246,-35.93368],[143.36521,-35.93366],[143.36546,-35.99202],[143.37734,-35.99205],[143.37872,-36.014],[143.39519,-36.01404],[143.39638,-36.01622],[143.40037,-36.01391],[143.40597,-36.01828],[143.40936,-36.01375],[143.40739,-36.01193],[143.41297,-36.0115],[143.42431,-35.99928],[143.43273,-35.98307],[143.48176,-35.98307],[143.48172,-36.10134],[143.51157,-36.10135],[143.51154,-36.13346],[143.50372,-36.13697],[143.51089,-36.15213],[143.51344,-36.15208],[143.51354,-36.17331],[143.53663,-36.1741],[143.5317,-36.20328],[143.5494,-36.20514],[143.54699,-36.21977],[143.56703,-36.22192]]]},"properties":{"lga_name":"BULOKE","lga_official_name":"BULOKE SHIRE"}},{"type":"Feature","geometry":{"type":"Polygon","coordinates":[[[144.7125,-38.13917],[144.72032,-38.14665],[144.7174,-38.14986],[144.71648,-38.16195],[144.72007,-38.1735],[144.70071,-38.21983],[144.70243,-38.24303],[144.69631,-38.24128],[144.68477,-38.24427],[144.67849,-38.23795],[144.66313,-38.25201],[144.66739,-38.25538],[144.66178,-38.25915],[144.66523,-38.26296],[144.64149,-38.27016],[144.63237,-38.26969],[144.63711,-38.26633],[144.62605,-38.25765],[144.60075,-38.28782],[144.55016,-38.27288],[144.52567,-38.27142],[144.51144,-38.2737],[144.49909,-38.28345],[144.49447,-38.28285],[144.50161,-38.28954],[144.49973,-38.29078],[144.43001,-38.2813],[144.41333,-38.29053],[144.3778,-38.30333],[144.37513,-38.29981],[144.38475,-38.29678],[144.38758,-38.29201],[144.39555,-38.29243],[144.39707,-38.28678],[144.4006,-38.28535],[144.40609,-38.25716],[144.24133,-38.23777],[144.2526,-38.17574],[144.25058,-38.17389],[144.25454,-38.15808],[144.26192,-38.15136],[144.2652,-38.13147],[144.26113,-38.13029],[144.26816,-38.09282],[144.27258,-38.09333],[144.27408,-38.08785],[144.27936,-38.08852],[144.27959,-38.08371],[144.28414,-38.08315],[144.28649,-38.07904],[144.2728,-38.06565],[144.26863,-38.06857],[144.25896,-38.06492],[144.25823,-38.05977],[144.26282,-38.05518],[144.26267,-38.04364],[144.25626,-38.04014],[144.25839,-38.0354],[144.25121,-38.03144],[144.24937,-38.02325],[144.2517,-38.02416],[144.25171,-38.02137],[144.24072,-38.00854],[144.24773,-37.99132],[144.24528,-37.98924],[144.24729,-37.98676],[144.24015,-37.98333],[144.24164,-37.97374],[144.23548,-37.96455],[144.23526,-37.95291],[144.23804,-37.95002],[144.23366,-37.94456],[144.2368,-37.94257],[144.2027,-37.93826],[144.20678,-37.91626],[144.21219,-37.91064],[144.21353,-37.90135],[144.22381,-37.89744],[144.24068,-37.87641],[144.24847,-37.87377],[144.23422,-37.86664],[144.23113,-37.83463],[144.21069,-37.82497],[144.21128,-37.82206],[144.2174,-37.81911],[144.22241,-37.81007],[144.26375,-37.81165],[144.26516,-37.81598],[144.29611,-37.81956],[144.29426,-37.8289],[144.3009,-37.83044],[144.30496,-37.83628],[144.31433,-37.8366],[144.32366,-37.84511],[144.34307,-37.84298],[144.34496,-37.84532],[144.34706,-37.84184],[144.35346,-37.84542],[144.36168,-37.81079],[144.39912,-37.81522],[144.40636,-37.80092],[144.40553,-37.80739],[144.41602,-37.8096],[144.41482,-37.81654],[144.42106,-37.82034],[144.41795,-37.82692],[144.42301,-37.83389],[144.42162,-37.84611],[144.42977,-37.85752],[144.43379,-37.85467],[144.44818,-37.86824],[144.45457,-37.86751],[144.46931,-37.88417],[144.47294,-37.88269],[144.47207,-37.8878],[144.48014,-37.88888],[144.48472,-37.90903],[144.47813,-37.91065],[144.47699,-37.92205],[144.48267,-37.9232],[144.47519,-37.92814],[144.47706,-37.932],[144.47403,-37.93585],[144.47892,-37.939],[144.4765,-37.94177],[144.48134,-37.94425],[144.47713,-37.94553],[144.48011,-37.95022],[144.48912,-37.96105],[144.49645,-37.96413],[144.49582,-37.97427],[144.50733,-37.97396],[144.50876,-37.97838],[144.51928,-37.98094],[144.52312,-37.97948],[144.52407,-37.97337],[144.54753,-37.9718],[144.55465,-37.98477],[144.56544,-37.98673],[144.56783,-37.9845],[144.57339,-37.99919],[144.59289,-38.00648],[144.58136,-38.0142],[144.58214,-38.02383],[144.57089,-38.0239],[144.56168,-38.03852],[144.54684,-38.04115],[144.52232,-38.05273],[144.50827,-38.09169],[144.48594,-38.07894],[144.47667,-38.0778],[144.47225,-38.08588],[144.46281,-38.07762],[144.45773,-38.08428],[144.45291,-38.08378],[144.4386,-38.09634],[144.43648,-38.08685],[144.41469,-38.08818],[144.40062,-38.07599],[144.41017,-38.07531],[144.41653,-38.06105],[144.41359,-38.06056],[144.40547,-38.06793],[144.40746,-38.07124],[144.38637,-38.07941],[144.38096,-38.09782],[144.36141,-38.10476],[144.36649,-38.10923],[144.35978,-38.11534],[144.35562,-38.13567],[144.36204,-38.1436],[144.37408,-38.14672],[144.38498,-38.14337],[144.3885,-38.14863],[144.40254,-38.15531],[144.41644,-38.15564],[144.42062,-38.13323],[144.42571,-38.12522],[144.42844,-38.13103],[144.44103,-38.1267],[144.42795,-38.13158],[144.43222,-38.13876],[144.45043,-38.15479],[144.46958,-38.16359],[144.53601,-38.15896],[144.56307,-38.15261],[144.59394,-38.12948],[144.63301,-38.10775],[144.64989,-38.11283],[144.66562,-38.11202],[144.69147,-38.11972],[144.69983,-38.12785],[144.70649,-38.12991],[144.7125,-38.13917]]]},"properties":{"lga_name":"GREATER GEELONG","lga_official_name":"GREATER GEELONG CITY"}},{"type":"Feature","geometry":{"type":"Polygon","coordinates":[[[145.76265,-37.99175],[145.7553,-37.9818],[145.73847,-37.97068],[145.73107,-37.95882],[145.73663,-37.95567],[145.73487,-37.95017],[145.74118,-37.94835],[145.74698,-37.93826],[145.74126,-37.9271],[145.74696,-37.92398],[145.7475,-37.91923],[145.7643,-37.90134],[145.76288,-37.89497],[145.76951,-37.88089],[145.77837,-37.87689],[145.79288,-37.87769],[145.7982,-37.87328],[145.80422,-37.87352],[145.80326,-37.86067],[145.81071,-37.86445],[145.81762,-37.85774],[145.81571,-37.8542],[145.81141,-37.8556],[145.80455,-37.85159],[145.81122,-37.83612],[145.80386,-37.82604],[145.79376,-37.82628],[145.79544,-37.81478],[145.80416,-37.814],[145.80962,-37.80754],[145.82925,-37.8121],[145.83843,-37.80432],[145.83916,-37.79861],[145.84471,-37.79761],[145.85709,-37.80082],[145.87847,-37.81837],[145.89275,-37.82544],[145.90547,-37.81637],[145.91471,-37.82606],[145.92638,-37.82963],[145.92676,-37.82263],[145.93163,-37.81996],[145.92263,-37.80842],[145.92901,-37.79836],[145.91806,-37.78599],[145.91748,-37.77751],[145.92371,-37.7716],[145.93678,-37.77157],[145.93641,-37.76518],[145.94362,-37.75821],[145.96358,-37.76594],[145.99028,-37.76877],[145.99952,-37.76543],[146.00348,-37.76851],[146.01255,-37.76876],[146.02146,-37.77483],[146.03864,-37.77444],[146.06777,-37.76897],[146.07469,-37.76308],[146.08435,-37.76108],[146.0891,-37.75378],[146.10304,-37.76308],[146.10328,-37.76822],[146.10861,-37.77423],[146.11711,-37.7777],[146.11666,-37.78221],[146.12133,-37.78818],[146.13377,-37.78801],[146.14228,-37.77187],[146.15688,-37.76505],[146.16323,-37.74734],[146.15309,-37.71807],[146.14375,-37.70973],[146.13831,-37.70989],[146.1395,-37.70618],[146.13555,-37.70206],[146.14267,-37.69142],[146.14037,-37.68204],[146.13233,-37.67689],[146.13396,-37.66441],[146.12975,-37.64806],[146.13095,-37.6439],[146.1413,-37.637],[146.13933,-37.63253],[146.14415,-37.62741],[146.15099,-37.62531],[146.15854,-37.63027],[146.15929,-37.62239],[146.16482,-37.62298],[146.16555,-37.6172],[146.15882,-37.60076],[146.16209,-37.5958],[146.17218,-37.59934],[146.16984,-37.59406],[146.17325,-37.58869],[146.18677,-37.57999],[146.18825,-37.58586],[146.19447,-37.58831],[146.20498,-37.59943],[146.23233,-37.60861],[146.24089,-37.60664],[146.25009,-37.61039],[146.27624,-37.60486],[146.2988,-37.59106],[146.31232,-37.59927],[146.32194,-37.59993],[146.34666,-37.62357],[146.36503,-37.6263],[146.36791,-37.62941],[146.37657,-37.62815],[146.38265,-37.62196],[146.38345,-37.60966],[146.3899,-37.60891],[146.39406,-37.60399],[146.40001,-37.607],[146.40409,-37.604],[146.43008,-37.61948],[146.43432,-37.61956],[146.44366,-37.61211],[146.45415,-37.61634],[146.46084,-37.6285],[146.47348,-37.64019],[146.49073,-37.6441],[146.50756,-37.6707],[146.51286,-37.67144],[146.51596,-37.67877],[146.51208,-37.68144],[146.51327,-37.68475],[146.50235,-37.69081],[146.50476,-37.69513],[146.47332,-37.99468],[146.4818,-37.99182],[146.48247,-37.98835],[146.49104,-37.98377],[146.49725,-37.9889],[146.51469,-37.98358],[146.51339,-37.97952],[146.51941,-37.97555],[146.52406,-37.96366],[146.53219,-37.9639],[146.53561,-37.96952],[146.53856,-37.96494],[146.54699,-37.96751],[146.54493,-37.9753],[146.55245,-37.97662],[146.55137,-37.97133],[146.55446,-37.97148],[146.56257,-37.97866],[146.56381,-37.98396],[146.57121,-37.98378],[146.58158,-37.97608],[146.58726,-37.97809],[146.57526,-38.03006],[146.56699,-38.03068],[146.56973,-38.03533],[146.5673,-38.04003],[146.57256,-38.04339],[146.56953,-38.05807],[146.53478,-38.05696],[146.52783,-38.08401],[146.47572,-38.0753],[146.47897,-38.10378],[146.42441,-38.09654],[146.4217,-38.10937],[146.42385,-38.11017],[146.4231,-38.12148],[146.42516,-38.12444],[146.42949,-38.12384],[146.4258,-38.12002],[146.42891,-38.11834],[146.43384,-38.12177],[146.42292,-38.13035],[146.39497,-38.13882],[146.38179,-38.13347],[146.37322,-38.1189],[146.37453,-38.11399],[146.36135,-38.10708],[146.3286,-38.11981],[146.29036,-38.11053],[146.2736,-38.12554],[146.27543,-38.13312],[146.27077,-38.13792],[146.25593,-38.14331],[146.25269,-38.15167],[146.25655,-38.16391],[146.24828,-38.17248],[146.22333,-38.17787],[146.22597,-38.18783],[146.2236,-38.20047],[146.22753,-38.20247],[146.21765,-38.21248],[146.21605,-38.21917],[146.23417,-38.22179],[146.23242,-38.23067],[146.24685,-38.23263],[146.24789,-38.22789],[146.26751,-38.23244],[146.27308,-38.22488],[146.29139,-38.22718],[146.28582,-38.23216],[146.28887,-38.23635],[146.2871,-38.23963],[146.27448,-38.25343],[146.26865,-38.25502],[146.25815,-38.26501],[146.26207,-38.27261],[146.25609,-38.2792],[146.25209,-38.29897],[146.23957,-38.30668],[146.23019,-38.32172],[146.2168,-38.3214],[146.2038,-38.31707],[146.20166,-38.32801],[146.19259,-38.32685],[146.18924,-38.34387],[146.16214,-38.34063],[146.16044,-38.34929],[146.148,-38.34779],[146.12268,-38.35999],[146.09659,-38.32576],[146.09055,-38.32847],[146.07443,-38.31428],[146.07309,-38.31869],[146.06394,-38.3106],[146.04963,-38.32051],[146.0542,-38.32361],[146.03434,-38.33177],[146.02427,-38.32952],[146.01162,-38.33276],[146.00699,-38.32974],[145.98644,-38.32763],[145.98782,-38.32086],[145.97671,-38.31959],[145.97788,-38.31306],[145.96757,-38.31187],[145.96536,-38.32361],[145.94179,-38.32327],[145.94064,-38.33071],[145.90203,-38.32648],[145.90108,-38.33157],[145.90656,-38.33902],[145.8884,-38.33683],[145.8898,-38.32939],[145.88463,-38.32885],[145.88494,-38.31694],[145.87772,-38.3163],[145.87657,-38.32344],[145.86291,-38.32187],[145.86246,-38.32445],[145.82769,-38.32043],[145.83115,-38.30347],[145.81676,-38.28568],[145.81266,-38.27615],[145.81454,-38.27394],[145.80155,-38.26933],[145.80047,-38.26435],[145.7731,-38.26113],[145.77195,-38.26632],[145.75961,-38.2649],[145.76216,-38.26831],[145.75879,-38.27553],[145.76132,-38.27746],[145.7354,-38.27455],[145.73655,-38.26885],[145.73295,-38.26858],[145.73636,-38.24896],[145.71253,-38.25175],[145.71651,-38.21168],[145.70947,-38.21095],[145.71023,-38.20689],[145.70094,-38.20593],[145.703,-38.19493],[145.72974,-38.15397],[145.74848,-38.14281],[145.75789,-38.11562],[145.76295,-38.10888],[145.73927,-38.1003],[145.74702,-38.09122],[145.74513,-38.08594],[145.75445,-38.07919],[145.75215,-38.07026],[145.75757,-38.0441],[145.75533,-38.0317],[145.7572,-38.02571],[145.76481,-38.01894],[145.76265,-37.99175]],[[146.2783,-37.8331],[146.25117,-37.83555],[146.24376,-37.83946],[146.23679,-37.85457],[146.23304,-37.84763],[146.23269,-37.85233],[146.23696,-37.85617],[146.24156,-37.85054],[146.27854,-37.84212],[146.2783,-37.8331]]]},"properties":{"lga_name":"BAW BAW","lga_official_name":"BAW BAW SHIRE"}},{"type":"Feature","geometry":{"type":"Polygon","coordinates":[[[144.67994,-37.49367],[144.67771,-37.49625],[144.68125,-37.49852],[144.6682,-37.49909],[144.66655,-37.50228],[144.66383,-37.49904],[144.65295,-37.4992],[144.64583,-37.49555],[144.63808,-37.49952],[144.63249,-37.52982],[144.67239,-37.56778],[144.56799,-37.55248],[144.56121,-37.55216],[144.55623,-37.55889],[144.48392,-37.55085],[144.45768,-37.54478],[144.46571,-37.53675],[144.46295,-37.52902],[144.46911,-37.52116],[144.46989,-37.50756],[144.45932,-37.49709],[144.47243,-37.43154],[144.46636,-37.4282],[144.46415,-37.43682],[144.45743,-37.43905],[144.45072,-37.44869],[144.43322,-37.45016],[144.4258,-37.45989],[144.42395,-37.45593],[144.41713,-37.45528],[144.4175,-37.44674],[144.37928,-37.43878],[144.38259,-37.42371],[144.38013,-37.42362],[144.37781,-37.4159],[144.38197,-37.39331],[144.41579,-37.39624],[144.41904,-37.36049],[144.39277,-37.35814],[144.39163,-37.35029],[144.39574,-37.33157],[144.38027,-37.32974],[144.3691,-37.32008],[144.34034,-37.30965],[144.31041,-37.29277],[144.31532,-37.28255],[144.31852,-37.28384],[144.32083,-37.27934],[144.31973,-37.27149],[144.32395,-37.25968],[144.32804,-37.25528],[144.33343,-37.25663],[144.34399,-37.22621],[144.36138,-37.20813],[144.37613,-37.20223],[144.37529,-37.1958],[144.36034,-37.19403],[144.36312,-37.17951],[144.37554,-37.18087],[144.38051,-37.17525],[144.37721,-37.17575],[144.37245,-37.16726],[144.36678,-37.16412],[144.36734,-37.15734],[144.51432,-37.17437],[144.52181,-37.17844],[144.52728,-37.17729],[144.52903,-37.14387],[144.53345,-37.14071],[144.54127,-37.12208],[144.54477,-37.12266],[144.54196,-37.11356],[144.55197,-37.10708],[144.57386,-37.09905],[144.60137,-37.10719],[144.67797,-37.1092],[144.6913,-37.1079],[144.69168,-37.10447],[144.69734,-37.10355],[144.69747,-37.10014],[144.71537,-37.10032],[144.71627,-37.11796],[144.72801,-37.1256],[144.73519,-37.12648],[144.73116,-37.14453],[144.72571,-37.14387],[144.72643,-37.15967],[144.71017,-37.15971],[144.71172,-37.17661],[144.71602,-37.18365],[144.71613,-37.20853],[144.70382,-37.21295],[144.73138,-37.22053],[144.76967,-37.22066],[144.76958,-37.21509],[144.77749,-37.21504],[144.77775,-37.21975],[144.78563,-37.21305],[144.80247,-37.21505],[144.80345,-37.21203],[144.82008,-37.21919],[144.81678,-37.23022],[144.82578,-37.23129],[144.82889,-37.23548],[144.82223,-37.27197],[144.82523,-37.28402],[144.84557,-37.29005],[144.85581,-37.28557],[144.84932,-37.3224],[144.85669,-37.32307],[144.85889,-37.32665],[144.86462,-37.32418],[144.86658,-37.32923],[144.87056,-37.32832],[144.87814,-37.33709],[144.88488,-37.33456],[144.88852,-37.34225],[144.8927,-37.3422],[144.89216,-37.34517],[144.91786,-37.348],[144.9152,-37.36242],[144.92114,-37.36312],[144.91866,-37.37225],[144.91151,-37.38169],[144.90715,-37.40127],[144.90408,-37.40655],[144.89851,-37.40751],[144.9037,-37.41338],[144.89855,-37.41588],[144.90412,-37.42022],[144.90228,-37.42379],[144.89512,-37.42439],[144.89543,-37.42815],[144.90153,-37.43026],[144.89818,-37.43116],[144.90144,-37.43621],[144.89726,-37.43888],[144.89999,-37.44251],[144.89432,-37.44996],[144.8978,-37.45077],[144.89795,-37.45895],[144.89177,-37.46088],[144.89877,-37.46558],[144.90565,-37.46469],[144.90506,-37.46853],[144.89989,-37.46967],[144.9003,-37.47509],[144.89685,-37.47499],[144.8987,-37.47862],[144.89347,-37.47779],[144.89144,-37.48638],[144.896,-37.4887],[144.89135,-37.49044],[144.89515,-37.49341],[144.88695,-37.4936],[144.8876,-37.49703],[144.88066,-37.50126],[144.8839,-37.50445],[144.86769,-37.50347],[144.87125,-37.50588],[144.86632,-37.50693],[144.86932,-37.50968],[144.86667,-37.51176],[144.87197,-37.51318],[144.871,-37.51549],[144.77038,-37.50177],[144.7669,-37.50501],[144.7627,-37.49949],[144.75973,-37.50121],[144.75754,-37.49483],[144.75226,-37.497],[144.74073,-37.48907],[144.73875,-37.49349],[144.73188,-37.48715],[144.72057,-37.48319],[144.71835,-37.48756],[144.71247,-37.48769],[144.71354,-37.48406],[144.71019,-37.48198],[144.70196,-37.48531],[144.70061,-37.482],[144.69609,-37.48517],[144.69739,-37.48923],[144.69142,-37.48678],[144.6849,-37.49555],[144.68368,-37.4926],[144.67994,-37.49367]]]},"properties":{"lga_name":"MACEDON RANGES","lga_official_name":"MACEDON RANGES SHIRE"}},{"type":"Feature","geometry":{"type":"Polygon","coordinates":[[[145.75495,-38.12652],[145.74848,-38.14281],[145.72974,-38.15397],[145.703,-38.19493],[145.70094,-38.20593],[145.71023,-38.20689],[145.70947,-38.21095],[145.71651,-38.21168],[145.71253,-38.25175],[145.73636,-38.24896],[145.73269,-38.28934],[145.69972,-38.28565],[145.69873,-38.29111],[145.6896,-38.29012],[145.69091,-38.28309],[145.68147,-38.28217],[145.68019,-38.28947],[145.63812,-38.28475],[145.63857,-38.28248],[145.61892,-38.28906],[145.61246,-38.28556],[145.6057,-38.33242],[145.59362,-38.33008],[145.5848,-38.32074],[145.58213,-38.31266],[145.55367,-38.29356],[145.54579,-38.29132],[145.54181,-38.30936],[145.52067,-38.30664],[145.52237,-38.29958],[145.51785,-38.29074],[145.50465,-38.28349],[145.49763,-38.27575],[145.49737,-38.26471],[145.49038,-38.25075],[145.49244,-38.24389],[145.48854,-38.23337],[145.46032,-38.22775],[145.45201,-38.21891],[145.43204,-38.21597],[145.41667,-38.20382],[145.41832,-38.19848],[145.38887,-38.1925],[145.39948,-38.14298],[145.38339,-38.12562],[145.38847,-38.12053],[145.4018,-38.11909],[145.39901,-38.11329],[145.40063,-38.10796],[145.39777,-38.0998],[145.38236,-38.09083],[145.38039,-38.08156],[145.37585,-38.07844],[145.37776,-38.07084],[145.38185,-38.06982],[145.38078,-38.06682],[145.36409,-38.05156],[145.36599,-38.0388],[145.38535,-38.01339],[145.38478,-38.00852],[145.37782,-38.00139],[145.37975,-37.99691],[145.37613,-37.99037],[145.38247,-37.98459],[145.37954,-37.97397],[145.38344,-37.97472],[145.38417,-37.97069],[145.38804,-37.97097],[145.38802,-37.95831],[145.38179,-37.95663],[145.38513,-37.95284],[145.38217,-37.94116],[145.38567,-37.93604],[145.38408,-37.92959],[145.39848,-37.92128],[145.40076,-37.92644],[145.41599,-37.92827],[145.42847,-37.91348],[145.43872,-37.91456],[145.44461,-37.90625],[145.45945,-37.90534],[145.46668,-37.91201],[145.47052,-37.90112],[145.47383,-37.89997],[145.50749,-37.89975],[145.52686,-37.88531],[145.52903,-37.87633],[145.52704,-37.86292],[145.51917,-37.85772],[145.54109,-37.8716],[145.55332,-37.87358],[145.55539,-37.87884],[145.56226,-37.88189],[145.56843,-37.89768],[145.6042,-37.89794],[145.60348,-37.90126],[145.61672,-37.90356],[145.61471,-37.90809],[145.62673,-37.90959],[145.62491,-37.91814],[145.65269,-37.9165],[145.65055,-37.91268],[145.65654,-37.9091],[145.669,-37.90954],[145.67054,-37.8943],[145.67965,-37.89354],[145.68632,-37.88882],[145.68697,-37.88091],[145.69389,-37.88599],[145.72199,-37.88543],[145.72264,-37.89146],[145.73389,-37.90172],[145.75362,-37.90427],[145.76514,-37.89861],[145.7475,-37.91923],[145.74696,-37.92398],[145.74126,-37.9271],[145.74698,-37.93826],[145.74118,-37.94835],[145.73487,-37.95017],[145.73663,-37.95567],[145.73107,-37.95882],[145.73847,-37.97068],[145.7553,-37.9818],[145.76271,-37.99153],[145.76115,-37.99796],[145.76481,-38.01894],[145.7572,-38.02571],[145.75533,-38.0317],[145.75757,-38.0441],[145.75215,-38.07026],[145.75445,-38.07919],[145.74513,-38.08594],[145.74702,-38.09122],[145.73927,-38.1003],[145.76295,-38.10888],[145.75495,-38.12652]]]},"properties":{"lga_name":"CARDINIA","lga_official_name":"CARDINIA SHIRE"}},{"type":"Feature","geometry":{"type":"Polygon","coordinates":[[[144.98503,-37.84567],[144.98793,-37.8296],[144.99648,-37.8343],[145.0038,-37.83445],[145.00473,-37.83116],[145.00969,-37.8336],[145.01304,-37.8305],[145.02173,-37.83233],[145.02842,-37.83777],[145.03685,-37.83712],[145.04267,-37.84754],[145.05975,-37.85473],[145.06289,-37.85999],[145.0618,-37.86555],[145.06651,-37.86814],[145.06855,-37.87472],[145.07491,-37.87599],[145.09215,-37.8718],[145.08823,-37.89296],[145.07169,-37.88479],[145.05188,-37.88279],[145.0325,-37.86835],[145.01514,-37.86083],[144.98333,-37.85564],[144.98503,-37.84567]]]},"properties":{"lga_name":"STONNINGTON","lga_official_name":"STONNINGTON CITY"}},{"type":"Feature","geometry":{"type":"Polygon","coordinates":[[[146.01547,-37.26372],[146.02399,-37.25897],[146.02427,-37.25423],[146.01831,-37.25328],[146.02301,-37.25076],[146.01799,-37.24833],[146.01655,-37.23969],[146.00507,-37.23827],[146.0032,-37.22884],[145.99828,-37.23139],[145.99797,-37.2403],[145.98427,-37.23728],[145.97148,-37.245],[145.96809,-37.25],[145.97115,-37.25563],[145.97003,-37.26398],[145.96343,-37.24787],[145.97388,-37.23903],[145.96491,-37.23111],[145.93746,-37.21904],[145.93273,-37.22181],[145.92573,-37.21925],[145.92368,-37.21306],[145.90759,-37.20741],[145.9124,-37.2038],[145.90096,-37.19423],[145.89606,-37.19285],[145.89258,-37.19783],[145.88587,-37.19566],[145.88029,-37.19816],[145.88318,-37.18843],[145.87752,-37.18662],[145.87154,-37.188],[145.86967,-37.19364],[145.86962,-37.18894],[145.86135,-37.19254],[145.87749,-37.18464],[145.87081,-37.17428],[145.84745,-37.17799],[145.84525,-37.17373],[145.87708,-37.16822],[145.86863,-37.16427],[145.86902,-37.15339],[145.85364,-37.14351],[145.86164,-37.14632],[145.86232,-37.14099],[145.86883,-37.15091],[145.87686,-37.14983],[145.88258,-37.15424],[145.89151,-37.14623],[145.88807,-37.13441],[145.89216,-37.12726],[145.88886,-37.12466],[145.89046,-37.12119],[145.88656,-37.12114],[145.88052,-37.11334],[145.858,-37.11251],[145.85689,-37.10991],[145.84906,-37.11546],[145.84113,-37.11342],[145.82679,-37.10246],[145.82066,-37.10758],[145.81119,-37.10691],[145.79886,-37.0969],[145.77839,-37.08664],[145.77293,-37.07164],[145.75928,-37.05512],[145.73474,-37.05435],[145.73474,-37.05101],[145.72559,-37.05099],[145.70655,-37.03928],[145.71273,-37.03048],[145.70148,-37.02475],[145.6984,-37.00885],[145.68169,-37.00394],[145.68659,-36.98524],[145.65934,-36.97745],[145.65077,-36.96561],[145.64869,-36.95285],[145.65016,-36.94614],[145.66373,-36.93283],[145.69506,-36.93056],[145.70455,-36.92437],[145.72719,-36.92739],[145.72759,-36.92356],[145.74711,-36.92352],[145.74739,-36.92768],[145.75588,-36.92773],[145.75587,-36.93239],[145.79054,-36.93242],[145.86093,-36.91041],[145.86155,-36.90222],[145.86633,-36.90224],[145.86637,-36.89421],[145.8615,-36.89422],[145.86163,-36.88537],[145.85629,-36.88541],[145.86074,-36.87856],[145.86217,-36.88203],[145.86823,-36.87972],[145.87403,-36.88285],[145.87889,-36.88002],[145.8924,-36.88825],[145.89771,-36.89713],[145.90324,-36.89973],[145.90657,-36.9089],[145.91813,-36.91447],[145.91699,-36.92554],[145.92485,-36.92575],[145.92907,-36.9046],[145.93833,-36.90239],[145.95378,-36.90477],[145.96046,-36.89662],[145.96017,-36.8828],[145.96516,-36.87531],[145.97839,-36.87332],[145.99309,-36.86236],[145.9998,-36.86334],[146.01006,-36.85316],[146.01949,-36.85851],[146.02167,-36.868],[146.02833,-36.87238],[146.04161,-36.90039],[146.05478,-36.90702],[146.05962,-36.90779],[146.06828,-36.86207],[146.10924,-36.86657],[146.11623,-36.87622],[146.12428,-36.87965],[146.12493,-36.88454],[146.1358,-36.87929],[146.13797,-36.88134],[146.13922,-36.87559],[146.13669,-36.87227],[146.15061,-36.87413],[146.15668,-36.87845],[146.1546,-36.88435],[146.15078,-36.88389],[146.15287,-36.88791],[146.16231,-36.8886],[146.16381,-36.88612],[146.17162,-36.89209],[146.18488,-36.89256],[146.18623,-36.8986],[146.19302,-36.89824],[146.20549,-36.90356],[146.22006,-36.91381],[146.24192,-36.91619],[146.25337,-36.91268],[146.27138,-36.91885],[146.27873,-36.92489],[146.27714,-36.93141],[146.28028,-36.93441],[146.28954,-36.93551],[146.29232,-36.94181],[146.30389,-36.9484],[146.315,-36.94832],[146.31699,-36.95313],[146.33572,-36.95297],[146.64705,-37.16315],[146.5471,-37.36875],[146.43432,-37.61956],[146.42642,-37.61856],[146.40409,-37.604],[146.40001,-37.607],[146.39406,-37.60399],[146.3899,-37.60891],[146.38345,-37.60966],[146.38265,-37.62196],[146.37657,-37.62815],[146.36791,-37.62941],[146.36503,-37.6263],[146.34666,-37.62357],[146.32194,-37.59993],[146.31232,-37.59927],[146.2988,-37.59106],[146.27786,-37.6042],[146.25568,-37.61035],[146.23899,-37.60649],[146.23233,-37.60861],[146.20444,-37.59913],[146.18955,-37.58519],[146.19248,-37.5806],[146.18292,-37.5492],[146.18693,-37.54411],[146.18742,-37.5362],[146.17063,-37.52728],[146.16418,-37.53137],[146.15532,-37.52965],[146.1468,-37.5164],[146.13485,-37.48067],[146.14363,-37.46769],[146.13763,-37.46158],[146.13251,-37.46075],[146.13025,-37.45397],[146.11922,-37.44888],[146.10567,-37.42498],[146.09419,-37.4181],[146.09304,-37.41092],[146.08882,-37.41206],[146.09081,-37.40597],[146.08459,-37.40548],[146.0848,-37.40117],[146.0817,-37.40344],[146.08033,-37.39755],[146.07602,-37.39649],[146.07946,-37.39254],[146.06757,-37.39014],[146.07094,-37.38494],[146.06894,-37.38355],[146.06436,-37.38513],[146.0639,-37.38177],[146.06918,-37.38056],[146.06581,-37.37372],[146.05985,-37.37527],[146.05967,-37.36866],[146.05434,-37.3668],[146.05816,-37.36531],[146.05625,-37.35888],[146.06393,-37.35662],[146.05947,-37.34586],[146.06541,-37.34654],[146.0696,-37.3432],[146.05112,-37.32521],[146.04981,-37.31853],[146.05215,-37.31674],[146.04578,-37.31241],[146.04385,-37.3142],[146.04468,-37.31187],[146.03707,-37.30481],[146.03604,-37.29662],[146.03837,-37.29459],[146.02775,-37.29814],[146.03431,-37.29163],[146.02571,-37.28183],[146.01696,-37.27888],[146.01979,-37.26696],[146.01611,-37.26789],[146.01547,-37.26372]],[[146.48076,-37.15536],[146.48031,-37.15077],[146.4862,-37.15106],[146.49041,-37.14572],[146.50122,-37.15138],[146.50376,-37.14883],[146.51445,-37.15011],[146.51346,-37.14473],[146.50842,-37.14338],[146.51063,-37.14155],[146.50676,-37.13917],[146.51007,-37.13799],[146.50864,-37.13431],[146.51695,-37.13611],[146.5127,-37.13115],[146.52188,-37.1318],[146.51866,-37.12449],[146.54001,-37.12356],[146.54098,-37.11739],[146.5296,-37.11397],[146.52521,-37.10375],[146.52161,-37.10658],[146.50999,-37.10648],[146.51586,-37.11531],[146.5139,-37.11953],[146.50812,-37.11487],[146.5023,-37.11711],[146.50187,-37.11225],[146.49269,-37.1091],[146.49146,-37.10236],[146.48202,-37.10586],[146.46605,-37.09965],[146.46559,-37.11062],[146.45877,-37.11305],[146.44393,-37.10472],[146.4324,-37.10739],[146.42561,-37.10054],[146.42075,-37.10267],[146.41997,-37.10646],[146.39803,-37.10636],[146.39587,-37.1093],[146.41636,-37.11434],[146.42329,-37.12031],[146.42707,-37.12004],[146.42797,-37.11625],[146.43963,-37.11937],[146.43371,-37.13128],[146.43457,-37.13636],[146.41781,-37.13894],[146.41392,-37.14667],[146.43202,-37.16461],[146.47915,-37.16184],[146.48076,-37.15536]]]},"properties":{"lga_name":"MANSFIELD","lga_official_name":"MANSFIELD SHIRE"}},{"type":"Feature","geometry":{"type":"Polygon","coordinates":[[[145.10078,-37.82074],[145.10489,-37.80316],[145.10347,-37.79752],[145.10676,-37.79212],[145.12416,-37.79875],[145.13286,-37.79532],[145.1839,-37.8061],[145.18503,-37.80121],[145.19029,-37.80554],[145.20535,-37.80553],[145.21286,-37.81073],[145.21387,-37.84065],[145.20583,-37.8542],[145.20754,-37.85605],[145.2007,-37.85851],[145.20103,-37.8621],[145.19661,-37.86519],[145.09512,-37.85334],[145.10078,-37.82074]]]},"properties":{"lga_name":"WHITEHORSE","lga_official_name":"WHITEHORSE CITY"}},{"type":"Feature","geometry":{"type":"Polygon","coordinates":[[[144.24547,-38.39665],[144.19894,-38.40721],[144.19268,-38.41421],[144.18632,-38.41461],[144.18038,-38.41937],[144.17925,-38.4259],[144.18434,-38.42921],[144.14763,-38.43035],[144.13303,-38.43498],[144.11946,-38.44955],[144.11741,-38.45793],[144.10981,-38.46143],[144.10454,-38.46931],[144.06657,-38.46872],[144.03652,-38.47574],[144.03328,-38.48502],[144.00575,-38.50171],[144.00266,-38.51003],[143.97984,-38.53227],[143.97723,-38.54228],[143.98653,-38.54771],[143.98617,-38.55127],[143.97537,-38.55562],[143.9767,-38.56092],[143.97365,-38.56599],[143.96657,-38.56718],[143.96011,-38.57564],[143.94611,-38.57941],[143.82454,-38.56657],[143.82496,-38.55718],[143.8425,-38.55458],[143.84524,-38.54553],[143.84323,-38.54294],[143.85082,-38.54492],[143.85151,-38.5374],[143.84603,-38.53269],[143.85615,-38.52515],[143.84506,-38.52279],[143.84709,-38.51183],[143.83494,-38.51056],[143.87879,-38.27619],[143.83385,-38.29097],[143.84147,-38.24286],[143.83983,-38.23165],[143.84596,-38.19921],[143.84527,-38.18483],[143.85135,-38.17458],[143.85737,-38.1335],[143.90084,-38.13852],[143.90848,-38.10449],[143.90918,-38.10902],[143.91481,-38.10898],[143.92077,-38.11457],[143.9493,-38.11499],[143.95382,-38.12256],[143.96016,-38.12387],[143.96151,-38.1198],[143.96455,-38.12013],[143.97135,-38.12842],[143.97558,-38.12698],[143.97933,-38.13027],[143.99317,-38.12517],[143.99734,-38.11595],[144.01084,-38.11721],[144.01546,-38.12439],[144.02719,-38.12318],[144.02787,-38.11729],[144.03361,-38.11679],[144.03439,-38.11367],[144.04434,-38.11236],[144.05193,-38.11756],[144.05817,-38.11236],[144.06504,-38.11269],[144.06394,-38.10919],[144.08888,-38.10963],[144.10589,-38.10045],[144.09864,-38.11611],[144.10458,-38.12435],[144.11711,-38.12186],[144.11641,-38.11489],[144.1193,-38.11126],[144.12468,-38.11699],[144.12923,-38.11101],[144.13303,-38.11988],[144.13806,-38.11822],[144.14021,-38.12214],[144.13804,-38.11214],[144.14013,-38.11032],[144.14446,-38.11377],[144.15141,-38.1137],[144.15328,-38.12129],[144.15888,-38.12611],[144.16317,-38.12541],[144.16562,-38.13068],[144.17263,-38.13476],[144.18817,-38.13535],[144.19264,-38.14067],[144.18701,-38.14278],[144.18751,-38.14592],[144.19209,-38.14401],[144.19935,-38.14659],[144.21567,-38.13642],[144.21965,-38.13809],[144.22088,-38.14228],[144.21825,-38.14321],[144.2241,-38.14568],[144.24073,-38.13487],[144.243,-38.13819],[144.24104,-38.14153],[144.26017,-38.13768],[144.26192,-38.15136],[144.25454,-38.15808],[144.25058,-38.17389],[144.2526,-38.17574],[144.24133,-38.23777],[144.40609,-38.25716],[144.4006,-38.28535],[144.39707,-38.28678],[144.3965,-38.29177],[144.38758,-38.29201],[144.38475,-38.29678],[144.37513,-38.29981],[144.37916,-38.30509],[144.37083,-38.31215],[144.34081,-38.31978],[144.32836,-38.32597],[144.3251,-38.33717],[144.32748,-38.34017],[144.32058,-38.34163],[144.31858,-38.34598],[144.30393,-38.348],[144.28543,-38.36861],[144.25338,-38.38523],[144.25389,-38.39567],[144.24547,-38.39665]]]},"properties":{"lga_name":"SURF COAST","lga_official_name":"SURF COAST SHIRE"}},{"type":"Feature","geometry":{"type":"Polygon","coordinates":[[[141.62952,-38.29589],[141.61136,-38.30481],[141.60164,-38.3138],[141.59878,-38.32086],[141.61043,-38.33237],[141.61096,-38.34226],[141.6252,-38.34232],[141.62818,-38.36293],[141.6261,-38.36376],[141.63392,-38.37543],[141.64273,-38.37857],[141.64135,-38.38313],[141.65022,-38.39323],[141.62903,-38.39303],[141.62543,-38.39624],[141.62806,-38.40031],[141.62664,-38.40638],[141.61727,-38.4003],[141.61449,-38.39313],[141.60287,-38.39295],[141.59026,-38.38844],[141.57305,-38.38975],[141.56583,-38.4035],[141.55788,-38.40591],[141.55594,-38.4264],[141.5518,-38.42782],[141.55046,-38.43213],[141.54286,-38.43297],[141.52507,-38.42142],[141.52126,-38.41125],[141.52843,-38.40485],[141.5193,-38.39013],[141.46178,-38.36247],[141.43407,-38.36046],[141.40755,-38.36874],[141.40482,-38.3734],[141.41366,-38.39119],[141.41316,-38.39632],[141.40103,-38.39508],[141.38879,-38.38716],[141.37415,-38.38664],[141.36391,-38.37686],[141.36536,-38.36543],[141.3717,-38.35714],[141.38996,-38.34699],[141.3978,-38.33833],[141.39172,-38.31902],[141.35733,-38.2745],[141.28994,-38.216],[141.22834,-38.17098],[141.15031,-38.1269],[141.02858,-38.07168],[140.99021,-38.05948],[140.96574,-38.0559],[140.97356,-37.71804],[140.97329,-37.35831],[140.99224,-37.37413],[141.00364,-37.37758],[141.02379,-37.39136],[141.04641,-37.40185],[141.09726,-37.44987],[141.16824,-37.41987],[141.26385,-37.43008],[141.25872,-37.42655],[141.25971,-37.42101],[141.26864,-37.42202],[141.27044,-37.41407],[141.27469,-37.41221],[141.27102,-37.41042],[141.27395,-37.40693],[141.27149,-37.40298],[141.28052,-37.3945],[141.27223,-37.39224],[141.27416,-37.38529],[141.26615,-37.38247],[141.26156,-37.37692],[141.25073,-37.37411],[141.24848,-37.36923],[141.22089,-37.36456],[141.21685,-37.35248],[141.22101,-37.34869],[141.4993,-37.38016],[141.48667,-37.45246],[141.5374,-37.45782],[141.52516,-37.4757],[141.5247,-37.48507],[141.52747,-37.48874],[141.52556,-37.49458],[141.52953,-37.50465],[141.5418,-37.51785],[141.54591,-37.54057],[141.53393,-37.55144],[141.51821,-37.55528],[141.51425,-37.56078],[141.54317,-37.58063],[141.54542,-37.5897],[141.54042,-37.59894],[141.53303,-37.59719],[141.52443,-37.60172],[141.5359,-37.60454],[141.53871,-37.61022],[141.54195,-37.6098],[141.54091,-37.61312],[141.54778,-37.61502],[141.55056,-37.61333],[141.55724,-37.61697],[141.56929,-37.60985],[141.56954,-37.61258],[141.57395,-37.61244],[141.57516,-37.61913],[141.57933,-37.62216],[141.58304,-37.61971],[141.58136,-37.62454],[141.58591,-37.62353],[141.58105,-37.62753],[141.58826,-37.63244],[141.58374,-37.64085],[141.58746,-37.64447],[141.59655,-37.64222],[141.60003,-37.64597],[141.60073,-37.6396],[141.60746,-37.64182],[141.60888,-37.64536],[141.61171,-37.63798],[141.61468,-37.64246],[141.62398,-37.63873],[141.62574,-37.64016],[141.62214,-37.64272],[141.6261,-37.64747],[141.63482,-37.6436],[141.64466,-37.64517],[141.64775,-37.65022],[141.6431,-37.65282],[141.65061,-37.65156],[141.65004,-37.65551],[141.65436,-37.65736],[141.65152,-37.66102],[141.65711,-37.6619],[141.65677,-37.66558],[141.6633,-37.66411],[141.66684,-37.67698],[141.6769,-37.67428],[141.68731,-37.68049],[141.68228,-37.6855],[141.69068,-37.68787],[141.68851,-37.69441],[141.69182,-37.70177],[141.70044,-37.69879],[141.70316,-37.70391],[141.71043,-37.70459],[141.71218,-37.71251],[141.71514,-37.71053],[141.72376,-37.71628],[141.71678,-37.75765],[141.72108,-37.76463],[141.72679,-37.76725],[141.72571,-37.7733],[141.73394,-37.80762],[141.72616,-37.83304],[141.72576,-37.846],[141.73223,-37.89534],[141.77902,-37.90033],[141.79012,-37.8887],[141.83131,-37.89276],[141.82702,-37.87818],[141.82852,-37.86831],[141.85573,-37.87669],[141.87813,-37.87834],[141.88411,-37.88277],[141.90133,-37.88628],[141.91901,-37.88623],[141.91505,-37.91186],[141.89448,-37.91196],[141.89448,-37.92309],[141.86627,-37.92879],[141.87467,-37.94084],[141.87191,-37.94307],[141.83317,-37.93395],[141.81708,-37.94328],[141.8201,-37.96149],[141.83458,-37.98765],[141.83474,-38.01011],[141.81978,-38.03931],[141.84689,-38.07952],[141.85144,-38.08024],[141.85147,-38.08646],[141.86941,-38.11307],[141.86939,-38.14458],[141.85091,-38.14467],[141.85087,-38.17424],[141.85096,-38.21115],[141.86959,-38.21071],[141.86962,-38.26428],[141.76962,-38.25356],[141.73564,-38.25374],[141.67975,-38.26763],[141.62952,-38.29589]]]},"properties":{"lga_name":"GLENELG","lga_official_name":"GLENELG SHIRE"}},{"type":"Feature","geometry":{"type":"Polygon","coordinates":[[[144.95607,-37.82833],[144.93841,-37.82587],[144.92229,-37.82869],[144.91327,-37.83401],[144.91543,-37.83861],[144.91247,-37.84098],[144.91699,-37.84752],[144.9122,-37.84927],[144.90568,-37.83908],[144.90298,-37.83945],[144.90726,-37.84945],[144.90233,-37.84662],[144.89788,-37.84131],[144.89727,-37.83248],[144.90665,-37.82099],[144.90547,-37.81344],[144.90923,-37.80246],[144.91651,-37.79806],[144.90284,-37.79053],[144.90828,-37.78249],[144.91359,-37.77938],[144.92131,-37.78745],[144.93826,-37.78897],[144.94039,-37.78763],[144.93709,-37.77777],[144.93881,-37.77543],[144.96148,-37.77818],[144.96359,-37.78499],[144.96952,-37.78561],[144.9684,-37.79225],[144.97572,-37.79303],[144.97319,-37.80791],[144.99134,-37.80984],[144.98421,-37.85065],[144.98065,-37.85021],[144.97133,-37.82988],[144.96585,-37.83147],[144.95607,-37.82833]]]},"properties":{"lga_name":"MELBOURNE","lga_official_name":"MELBOURNE CITY"}},{"type":"Feature","geometry":{"type":"Polygon","coordinates":[[[145.24431,-36.92718],[145.23479,-36.90993],[145.22681,-36.91413],[145.20987,-36.94433],[145.19845,-36.94169],[145.12691,-36.94155],[145.12758,-36.93267],[145.13264,-36.92829],[145.1218,-36.92827],[145.11784,-36.92361],[145.12227,-36.91915],[145.11609,-36.91641],[145.12773,-36.90961],[145.12074,-36.90754],[145.12414,-36.90076],[145.12109,-36.89369],[145.1179,-36.89624],[145.11896,-36.89281],[145.10673,-36.89276],[145.08575,-36.87739],[145.08694,-36.86886],[145.06605,-36.86613],[145.04393,-36.85372],[145.02986,-36.85335],[145.01142,-36.84632],[144.99825,-36.84637],[144.98701,-36.83612],[144.93325,-36.83547],[144.93199,-36.84983],[144.94245,-36.85117],[144.94403,-36.85714],[144.9295,-36.86049],[144.90987,-36.85861],[144.89431,-36.86231],[144.88147,-36.86622],[144.87428,-36.8758],[144.87176,-36.87444],[144.85844,-36.88123],[144.85092,-36.87944],[144.85296,-36.8748],[144.84415,-36.87217],[144.83032,-36.85971],[144.83113,-36.85554],[144.81942,-36.85621],[144.82135,-36.85417],[144.81109,-36.83983],[144.80367,-36.83987],[144.79856,-36.83261],[144.78732,-36.80532],[144.78674,-36.7997],[144.79199,-36.7997],[144.7917,-36.78],[144.78487,-36.78048],[144.78487,-36.77063],[144.79475,-36.77066],[144.79479,-36.75803],[144.79241,-36.75595],[144.7948,-36.75071],[144.93194,-36.74791],[144.93216,-36.69966],[144.98673,-36.69971],[145.01707,-36.66879],[145.01671,-36.67579],[145.0205,-36.68195],[145.04261,-36.68203],[145.04255,-36.67218],[145.03746,-36.67221],[145.04347,-36.65066],[145.08736,-36.67545],[145.16854,-36.67528],[145.16865,-36.69006],[145.17781,-36.68997],[145.17213,-36.69727],[145.17984,-36.70115],[145.18417,-36.69735],[145.18152,-36.69147],[145.18562,-36.68611],[145.22311,-36.68641],[145.22027,-36.67947],[145.22352,-36.67538],[145.2219,-36.67005],[145.21613,-36.66961],[145.21233,-36.66336],[145.20387,-36.66139],[145.21186,-36.66021],[145.20504,-36.65478],[145.21239,-36.64797],[145.22867,-36.64674],[145.22871,-36.64196],[145.30252,-36.64193],[145.30073,-36.63844],[145.29824,-36.6396],[145.29778,-36.63426],[145.30668,-36.63277],[145.30969,-36.62514],[145.30618,-36.61719],[145.3115,-36.6141],[145.3047,-36.61347],[145.31892,-36.61239],[145.35359,-36.55609],[145.58049,-36.55431],[145.592,-36.56328],[145.63166,-36.56335],[145.63158,-36.49904],[145.73188,-36.49902],[145.73133,-36.44262],[145.72421,-36.43445],[145.72443,-36.42467],[145.73543,-36.42603],[145.73892,-36.42861],[145.73841,-36.43438],[145.76381,-36.43615],[145.7658,-36.4415],[145.77602,-36.44371],[145.77721,-36.44833],[145.79017,-36.44729],[145.7965,-36.45277],[145.79374,-36.45548],[145.79919,-36.4589],[145.82332,-36.45403],[145.82327,-36.54458],[145.81944,-36.56341],[145.85537,-36.56828],[145.84374,-36.62348],[145.8508,-36.62442],[145.84516,-36.65128],[145.8392,-36.65046],[145.83671,-36.65418],[145.839,-36.66785],[145.82432,-36.68141],[145.82745,-36.69004],[145.82312,-36.69711],[145.82498,-36.70778],[145.81892,-36.71272],[145.81233,-36.73548],[145.81456,-36.74571],[145.82317,-36.75394],[145.82171,-36.76202],[145.82482,-36.77212],[145.82218,-36.77502],[145.82996,-36.77642],[145.82997,-36.78633],[145.83645,-36.78633],[145.84405,-36.79625],[145.84632,-36.79475],[145.84946,-36.79773],[145.85341,-36.79501],[145.86147,-36.80257],[145.87242,-36.79991],[145.86498,-36.80632],[145.86485,-36.81241],[145.87397,-36.81239],[145.87399,-36.81995],[145.86362,-36.82005],[145.8616,-36.82681],[145.86673,-36.83063],[145.86536,-36.84717],[145.86151,-36.8763],[145.85629,-36.88541],[145.86163,-36.88537],[145.8615,-36.89422],[145.86637,-36.89421],[145.86633,-36.90224],[145.86155,-36.90222],[145.86093,-36.91041],[145.79054,-36.93242],[145.75587,-36.93239],[145.75588,-36.92773],[145.74739,-36.92768],[145.74711,-36.92352],[145.72759,-36.92356],[145.72719,-36.92739],[145.70455,-36.92437],[145.69506,-36.93056],[145.66373,-36.93283],[145.65761,-36.93635],[145.65347,-36.94568],[145.64062,-36.94421],[145.63737,-36.9476],[145.62877,-36.94343],[145.62576,-36.93793],[145.60822,-36.94082],[145.60094,-36.95047],[145.58226,-36.9617],[145.56796,-36.96103],[145.56382,-36.95795],[145.53185,-36.95903],[145.53187,-36.97888],[145.53463,-36.98158],[145.52887,-36.99382],[145.52298,-36.99488],[145.51498,-36.98921],[145.49936,-36.99204],[145.49733,-36.99716],[145.49022,-37.00078],[145.4904,-37.01375],[145.49348,-37.01784],[145.48726,-37.02351],[145.46635,-37.02058],[145.457,-37.01355],[145.44536,-37.01638],[145.4456,-37.01315],[145.4363,-37.01085],[145.43144,-37.005],[145.42273,-37.00458],[145.42599,-36.99927],[145.42027,-36.99544],[145.40735,-36.99407],[145.40397,-36.98988],[145.40542,-36.985],[145.40076,-36.98192],[145.38841,-36.98332],[145.3873,-36.97706],[145.37294,-36.97527],[145.36537,-36.98494],[145.3643,-36.99198],[145.35832,-36.99227],[145.35813,-36.98565],[145.34826,-36.98118],[145.33998,-36.98345],[145.33213,-36.99436],[145.33156,-37.00274],[145.32251,-37.00051],[145.32381,-37.00384],[145.32071,-37.00709],[145.32295,-37.01102],[145.31246,-37.01692],[145.3039,-37.01597],[145.30241,-37.01175],[145.30846,-37.00774],[145.30278,-37.00638],[145.30212,-37.00211],[145.29146,-37.00494],[145.29088,-36.99591],[145.28616,-36.99409],[145.28558,-36.96697],[145.29319,-36.96084],[145.29231,-36.95212],[145.27896,-36.95202],[145.26594,-36.94779],[145.26053,-36.93574],[145.24431,-36.92718]]]},"properties":{"lga_name":"STRATHBOGIE","lga_official_name":"STRATHBOGIE SHIRE"}},{"type":"Feature","geometry":{"type":"Polygon","coordinates":[[[144.96114,-37.85456],[144.93576,-37.84288],[144.93247,-37.84279],[144.92987,-37.84731],[144.93137,-37.84102],[144.91844,-37.83982],[144.9132,-37.84227],[144.91543,-37.83861],[144.91327,-37.83401],[144.92229,-37.82869],[144.93721,-37.82591],[144.96184,-37.82813],[144.96585,-37.83147],[144.97133,-37.82988],[144.98065,-37.85021],[144.98421,-37.85065],[144.98333,-37.85564],[145.01053,-37.86021],[145.00917,-37.86758],[145.00004,-37.86644],[144.99706,-37.88385],[144.99227,-37.88326],[144.99068,-37.89172],[144.98483,-37.89097],[144.97558,-37.88203],[144.97513,-37.86895],[144.97095,-37.86451],[144.96377,-37.86439],[144.96088,-37.86076],[144.96406,-37.85634],[144.96114,-37.85456]]]},"properties":{"lga_name":"PORT PHILLIP","lga_official_name":"PORT PHILLIP CITY"}},{"type":"Feature","geometry":{"type":"Polygon","coordinates":[[[145.07165,-37.76695],[145.07665,-37.77349],[145.06926,-37.77239],[145.0672,-37.78356],[145.0607,-37.77992],[145.0544,-37.78129],[145.05467,-37.78506],[145.04754,-37.77985],[145.04021,-37.7842],[145.03687,-37.78199],[145.03862,-37.77934],[145.03439,-37.77894],[145.03408,-37.7725],[145.03682,-37.77063],[145.03219,-37.77053],[145.02783,-37.76386],[145.02912,-37.75768],[145.03227,-37.75692],[145.03207,-37.74914],[145.03604,-37.74697],[145.03199,-37.73775],[145.03997,-37.73269],[145.03813,-37.72772],[145.06084,-37.72977],[145.06153,-37.7242],[145.06782,-37.72452],[145.06468,-37.72021],[145.06785,-37.71659],[145.07453,-37.71612],[145.07495,-37.70878],[145.05133,-37.70838],[145.06052,-37.69439],[145.06784,-37.68663],[145.09306,-37.6936],[145.14371,-37.68261],[145.14036,-37.70125],[145.12803,-37.70229],[145.13779,-37.71795],[145.13563,-37.74084],[145.13325,-37.74284],[145.12266,-37.74052],[145.11868,-37.7495],[145.12298,-37.74751],[145.12604,-37.75106],[145.12269,-37.74921],[145.11286,-37.75523],[145.09805,-37.74897],[145.0916,-37.75431],[145.08246,-37.75138],[145.08181,-37.75628],[145.07983,-37.75391],[145.07726,-37.75573],[145.08048,-37.75793],[145.07307,-37.75862],[145.07919,-37.76222],[145.07647,-37.7673],[145.07165,-37.76695]]]},"properties":{"lga_name":"BANYULE","lga_official_name":"BANYULE CITY"}},{"type":"Feature","geometry":{"type":"Polygon","coordinates":[[[144.9844,-37.76819],[144.97921,-37.75425],[144.98194,-37.74533],[144.97898,-37.74284],[144.98527,-37.72136],[144.97862,-37.72141],[144.98087,-37.71473],[144.977,-37.71351],[144.98083,-37.7074],[144.97849,-37.7048],[144.98254,-37.70303],[144.9788,-37.69431],[144.97058,-37.69181],[145.05823,-37.69997],[145.05133,-37.70838],[145.07495,-37.70878],[145.07453,-37.71612],[145.06785,-37.71659],[145.06468,-37.72021],[145.06782,-37.72452],[145.06153,-37.7242],[145.06084,-37.72977],[145.03859,-37.7273],[145.03997,-37.73269],[145.03205,-37.73763],[145.03513,-37.74373],[145.03337,-37.74561],[145.03609,-37.74676],[145.03207,-37.74914],[145.03227,-37.75692],[145.02912,-37.75768],[145.02783,-37.76386],[145.03219,-37.77053],[145.03708,-37.77117],[145.03407,-37.77254],[145.03501,-37.77984],[144.99753,-37.78558],[144.992,-37.78254],[144.9844,-37.76819]]]},"properties":{"lga_name":"DAREBIN","lga_official_name":"DAREBIN CITY"}},{"type":"Feature","geometry":{"type":"Polygon","coordinates":[[[143.95998,-37.18129],[143.96252,-37.17673],[143.95885,-37.16742],[143.96381,-37.16298],[143.96295,-37.14871],[143.95519,-37.13988],[143.96269,-37.12944],[143.96461,-37.10075],[143.97197,-37.09155],[143.97998,-37.09922],[143.98545,-37.08736],[143.99451,-37.08471],[143.99939,-37.07884],[144.01005,-37.07678],[144.01668,-37.06978],[144.01613,-37.0656],[144.01003,-37.05817],[143.99179,-37.05422],[143.9751,-37.02956],[143.89954,-37.0211],[143.89572,-37.02348],[143.89948,-37.00051],[143.8823,-36.99851],[143.8842,-36.98644],[143.8305,-36.9807],[143.83603,-36.97857],[143.83399,-36.9736],[143.83715,-36.97178],[143.83452,-36.96842],[143.83642,-36.96326],[143.84561,-36.96291],[143.8463,-36.95771],[143.85199,-36.95724],[143.85996,-36.94951],[143.8556,-36.94707],[143.84693,-36.92774],[143.85768,-36.91604],[143.86288,-36.91563],[143.86319,-36.90985],[143.86719,-36.90682],[143.86648,-36.90125],[143.87653,-36.90233],[143.87777,-36.89442],[143.89214,-36.89383],[143.89181,-36.8816],[144.22832,-36.92238],[144.24052,-36.95056],[144.29762,-36.95704],[144.30037,-36.94267],[144.31162,-36.94401],[144.31287,-36.94654],[144.37966,-36.95286],[144.37822,-36.95504],[144.38203,-36.95736],[144.38685,-36.95281],[144.39609,-36.95531],[144.40004,-36.93973],[144.3977,-36.93527],[144.40519,-36.9243],[144.41195,-36.92336],[144.41353,-36.92998],[144.41922,-36.93248],[144.42157,-36.93846],[144.4279,-36.93817],[144.42958,-36.94423],[144.43812,-36.9356],[144.4495,-36.94123],[144.45428,-36.94152],[144.45599,-36.93836],[144.46299,-36.94387],[144.46018,-36.94916],[144.46839,-36.95222],[144.47054,-36.94963],[144.47326,-36.95422],[144.47846,-36.954],[144.47993,-36.96088],[144.48881,-36.96572],[144.48932,-36.9714],[144.49414,-36.96696],[144.49129,-36.96157],[144.49782,-36.97113],[144.50625,-36.97586],[144.49266,-37.05045],[144.52416,-37.05418],[144.52058,-37.05751],[144.54436,-37.06013],[144.54529,-37.06363],[144.54388,-37.06785],[144.53682,-37.07019],[144.53972,-37.07556],[144.53667,-37.08431],[144.54221,-37.08878],[144.53854,-37.08803],[144.53783,-37.09238],[144.53408,-37.09402],[144.53467,-37.09989],[144.53035,-37.10075],[144.534,-37.103],[144.53198,-37.10536],[144.53481,-37.11084],[144.54064,-37.11404],[144.54503,-37.12191],[144.54127,-37.12208],[144.53345,-37.14071],[144.52903,-37.14387],[144.52728,-37.17729],[144.52181,-37.17844],[144.51432,-37.17437],[144.3677,-37.1573],[144.36678,-37.16412],[144.37245,-37.16726],[144.3742,-37.17313],[144.34292,-37.16918],[144.33804,-37.16558],[144.33096,-37.16952],[144.29218,-37.16343],[144.28419,-37.2078],[144.27636,-37.20884],[144.27527,-37.20553],[144.19186,-37.19609],[144.19031,-37.19367],[144.18534,-37.19521],[144.19046,-37.16626],[144.17884,-37.1672],[144.1736,-37.16407],[144.15669,-37.16289],[144.15702,-37.1609],[144.14616,-37.16252],[144.12134,-37.15875],[144.12235,-37.15323],[144.07428,-37.14758],[144.06413,-37.20235],[144.0612,-37.20197],[144.06006,-37.20786],[144.06741,-37.2105],[144.06594,-37.22498],[144.06038,-37.2382],[144.06431,-37.24457],[144.06245,-37.25206],[144.05283,-37.25012],[144.04167,-37.25646],[144.03835,-37.27042],[144.03394,-37.26307],[144.02511,-37.26286],[144.02357,-37.25972],[144.01614,-37.26346],[144.00006,-37.25531],[144.00142,-37.25227],[143.99512,-37.24427],[144.00055,-37.24138],[143.99698,-37.23542],[143.99379,-37.23675],[143.987,-37.23167],[143.98413,-37.23339],[143.9802,-37.22809],[143.97073,-37.22816],[143.95857,-37.22024],[143.94793,-37.19665],[143.95998,-37.18129]]]},"properties":{"lga_name":"MOUNT ALEXANDER","lga_official_name":"MOUNT ALEXANDER SHIRE"}},{"type":"Feature","geometry":{"type":"Polygon","coordinates":[[[145.22821,-37.99677],[145.22746,-38.00072],[145.252,-38.00364],[145.23946,-38.07765],[145.14998,-38.06709],[145.13352,-38.02537],[145.13931,-38.01877],[145.14601,-37.98314],[145.12966,-37.96146],[145.13671,-37.96018],[145.14345,-37.92459],[145.15673,-37.93313],[145.21956,-37.94023],[145.23416,-37.9569],[145.23289,-37.96898],[145.23551,-37.97675],[145.22685,-37.99116],[145.22821,-37.99677]]]},"properties":{"lga_name":"GREATER DANDENONG","lga_official_name":"GREATER DANDENONG CITY"}},{"type":"Feature","geometry":{"type":"Polygon","coordinates":[[[146.59776,-38.31672],[146.60219,-38.32422],[146.60227,-38.33441],[146.60083,-38.3392],[146.59373,-38.34435],[146.59469,-38.35072],[146.59036,-38.35449],[146.57897,-38.41435],[146.56572,-38.41263],[146.56628,-38.42051],[146.56301,-38.42237],[146.56859,-38.42483],[146.56524,-38.42928],[146.53234,-38.4298],[146.5261,-38.43206],[146.52732,-38.43852],[146.4995,-38.44215],[146.49761,-38.44618],[146.49082,-38.44732],[146.48901,-38.44446],[146.49162,-38.44124],[146.48891,-38.43934],[146.48079,-38.44418],[146.48443,-38.4492],[146.48051,-38.45018],[146.48512,-38.45245],[146.48259,-38.45603],[146.45911,-38.4592],[146.4561,-38.46562],[146.44794,-38.46299],[146.42473,-38.47227],[146.42754,-38.4746],[146.42383,-38.48265],[146.41224,-38.48689],[146.40361,-38.48526],[146.39327,-38.49491],[146.38072,-38.49745],[146.38398,-38.50398],[146.36674,-38.51346],[146.36757,-38.52045],[146.37491,-38.52781],[146.36831,-38.53341],[146.34436,-38.53633],[146.33009,-38.53211],[146.31332,-38.51955],[146.29055,-38.52791],[146.2845,-38.52357],[146.28362,-38.517],[146.28655,-38.51384],[146.28527,-38.50637],[146.29101,-38.50468],[146.29179,-38.50017],[146.25493,-38.49595],[146.26266,-38.47101],[146.23849,-38.46799],[146.23994,-38.46085],[146.23554,-38.46026],[146.23694,-38.45322],[146.26942,-38.45688],[146.2722,-38.44635],[146.22331,-38.44011],[146.22655,-38.42482],[146.23067,-38.42509],[146.23284,-38.41402],[146.22875,-38.41351],[146.23592,-38.38462],[146.23438,-38.38066],[146.24086,-38.37917],[146.23651,-38.37559],[146.2199,-38.37441],[146.21045,-38.37023],[146.22318,-38.36596],[146.2315,-38.3542],[146.24361,-38.35611],[146.25052,-38.32659],[146.22865,-38.32389],[146.23957,-38.30668],[146.25209,-38.29897],[146.25609,-38.2792],[146.26207,-38.27261],[146.25815,-38.26501],[146.26865,-38.25502],[146.27448,-38.25343],[146.2871,-38.23963],[146.28887,-38.23635],[146.28582,-38.23216],[146.29139,-38.22718],[146.27308,-38.22488],[146.26751,-38.23244],[146.24789,-38.22789],[146.24685,-38.23263],[146.23242,-38.23067],[146.23417,-38.22179],[146.21605,-38.21917],[146.21765,-38.21248],[146.22753,-38.20247],[146.2236,-38.20047],[146.22597,-38.18783],[146.22333,-38.17787],[146.24828,-38.17248],[146.25655,-38.16391],[146.25269,-38.15167],[146.25593,-38.14331],[146.27077,-38.13792],[146.27543,-38.13312],[146.2736,-38.12554],[146.29036,-38.11053],[146.3286,-38.11981],[146.36135,-38.10708],[146.37453,-38.11399],[146.37322,-38.1189],[146.38179,-38.13347],[146.39497,-38.13882],[146.42292,-38.13035],[146.43384,-38.12177],[146.42891,-38.11834],[146.4258,-38.12002],[146.42949,-38.12384],[146.42516,-38.12444],[146.4231,-38.12148],[146.42385,-38.11017],[146.4217,-38.10937],[146.42441,-38.09654],[146.47897,-38.10378],[146.47572,-38.0753],[146.52783,-38.08401],[146.53478,-38.05696],[146.56953,-38.05807],[146.57256,-38.04339],[146.5673,-38.04003],[146.56973,-38.03533],[146.56699,-38.03068],[146.57526,-38.03006],[146.58726,-37.97809],[146.59172,-37.97453],[146.59868,-37.98022],[146.59854,-37.97402],[146.60544,-37.97492],[146.60786,-37.97156],[146.6132,-37.97368],[146.60976,-37.97641],[146.6115,-37.97966],[146.61778,-37.97156],[146.62722,-37.97146],[146.62407,-37.97531],[146.63824,-37.99553],[146.64548,-37.99823],[146.65557,-37.99677],[146.65285,-38.01082],[146.62654,-38.03503],[146.62435,-38.04923],[146.66306,-38.05421],[146.66238,-38.05752],[146.65348,-38.06119],[146.65106,-38.07336],[146.61616,-38.0687],[146.59363,-38.10205],[146.59033,-38.1153],[146.58265,-38.11504],[146.58452,-38.12044],[146.57785,-38.12657],[146.5811,-38.12967],[146.58016,-38.13882],[146.58377,-38.1387],[146.58486,-38.14323],[146.57679,-38.14327],[146.57729,-38.14538],[146.57193,-38.14664],[146.57367,-38.14917],[146.57122,-38.1534],[146.58917,-38.15409],[146.59389,-38.15769],[146.59665,-38.15566],[146.60077,-38.16196],[146.60522,-38.1584],[146.6054,-38.16312],[146.62438,-38.15782],[146.625,-38.15306],[146.63274,-38.1528],[146.63827,-38.14924],[146.63753,-38.14656],[146.64276,-38.14577],[146.64792,-38.14758],[146.64469,-38.14804],[146.64646,-38.15168],[146.65124,-38.15287],[146.66481,-38.15088],[146.66362,-38.15311],[146.66754,-38.15245],[146.66808,-38.15495],[146.66858,-38.15197],[146.67512,-38.15385],[146.68731,-38.14949],[146.69705,-38.15661],[146.70202,-38.14906],[146.70416,-38.1529],[146.71218,-38.15514],[146.70826,-38.17215],[146.67981,-38.20266],[146.68094,-38.21242],[146.6755,-38.21749],[146.66872,-38.21709],[146.6647,-38.22237],[146.65554,-38.22435],[146.65691,-38.24042],[146.6516,-38.24116],[146.64623,-38.24853],[146.64265,-38.24806],[146.63491,-38.25478],[146.62814,-38.26834],[146.6296,-38.27252],[146.61981,-38.28732],[146.62269,-38.28859],[146.62186,-38.29293],[146.59793,-38.3102],[146.59776,-38.31672]]]},"properties":{"lga_name":"LATROBE","lga_official_name":"LATROBE CITY"}},{"type":"Feature","geometry":{"type":"Polygon","coordinates":[[[145.02449,-37.82874],[145.02836,-37.83108],[145.02462,-37.83449],[145.01304,-37.8305],[145.00951,-37.83363],[145.00427,-37.83126],[145.00346,-37.83451],[144.99092,-37.83289],[144.98793,-37.8296],[144.99134,-37.80984],[144.97319,-37.80791],[144.97572,-37.79303],[144.9684,-37.79225],[144.96952,-37.78561],[144.96359,-37.78499],[144.96148,-37.77818],[144.97814,-37.78006],[144.97888,-37.77534],[144.98852,-37.77639],[144.99769,-37.78561],[145.03599,-37.77885],[145.04036,-37.78532],[145.04516,-37.78395],[145.04114,-37.78629],[145.04065,-37.79063],[145.01313,-37.78569],[145.01957,-37.79216],[145.01387,-37.7934],[145.02097,-37.79843],[145.0185,-37.8001],[145.01971,-37.8036],[145.01337,-37.7993],[145.00681,-37.8008],[145.00935,-37.79634],[144.99928,-37.79696],[145.00773,-37.80352],[145.00014,-37.80419],[144.99997,-37.80662],[145.01574,-37.81062],[145.01616,-37.82453],[145.02449,-37.82874]]]},"properties":{"lga_name":"YARRA","lga_official_name":"YARRA CITY"}}]}